Current working dir: /home/people/23225831/vlm3d_challenge/task_2_multi_abnormality_classification/sonic_vlm3d_challenge

Sanity Checking: |          | 0/? [00:00<?, ?it/s]
Sanity Checking: |          | 0/? [00:00<?, ?it/s]
Sanity Checking DataLoader 0:   0%|          | 0/2 [00:00<?, ?it/s]
Sanity Checking DataLoader 0:  50%|█████     | 1/2 [00:01<00:01,  0.65it/s]
Sanity Checking DataLoader 0: 100%|██████████| 2/2 [00:02<00:00,  1.00it/s]
                                                                           

Training: |          | 0/? [00:00<?, ?it/s]
Training: |          | 0/? [00:00<?, ?it/s]
Epoch 0:   0%|          | 0/120 [00:00<?, ?it/s]
Epoch 0:   1%|          | 1/120 [00:28<55:39,  0.04it/s]
Epoch 0:   1%|          | 1/120 [00:28<55:39,  0.04it/s, v_num=6, train_loss_step=1.190]
Epoch 0:   2%|▏         | 2/120 [00:28<27:38,  0.07it/s, v_num=6, train_loss_step=1.190]
Epoch 0:   2%|▏         | 2/120 [00:28<28:03,  0.07it/s, v_num=6, train_loss_step=1.320]
Epoch 0:   2%|▎         | 3/120 [00:45<29:24,  0.07it/s, v_num=6, train_loss_step=1.320]
Epoch 0:   2%|▎         | 3/120 [00:45<29:41,  0.07it/s, v_num=6, train_loss_step=1.240]
Epoch 0:   3%|▎         | 4/120 [00:54<26:18,  0.07it/s, v_num=6, train_loss_step=1.240]
Epoch 0:   3%|▎         | 4/120 [00:54<26:31,  0.07it/s, v_num=6, train_loss_step=0.792]
Epoch 0:   4%|▍         | 5/120 [01:05<25:15,  0.08it/s, v_num=6, train_loss_step=0.792]
Epoch 0:   4%|▍         | 5/120 [01:06<25:25,  0.08it/s, v_num=6, train_loss_step=1.090]
Epoch 0:   5%|▌         | 6/120 [01:23<26:34,  0.07it/s, v_num=6, train_loss_step=1.090]
Epoch 0:   5%|▌         | 6/120 [01:24<26:42,  0.07it/s, v_num=6, train_loss_step=1.210]
Epoch 0:   6%|▌         | 7/120 [01:30<24:17,  0.08it/s, v_num=6, train_loss_step=1.210]
Epoch 0:   6%|▌         | 7/120 [01:30<24:24,  0.08it/s, v_num=6, train_loss_step=1.240]
Epoch 0:   7%|▋         | 8/120 [01:47<25:10,  0.07it/s, v_num=6, train_loss_step=1.240]
Epoch 0:   7%|▋         | 8/120 [01:48<25:16,  0.07it/s, v_num=6, train_loss_step=1.180]
Epoch 0:   8%|▊         | 9/120 [01:56<23:51,  0.08it/s, v_num=6, train_loss_step=1.180]
Epoch 0:   8%|▊         | 9/120 [01:56<23:56,  0.08it/s, v_num=6, train_loss_step=1.140]
Epoch 0:   8%|▊         | 10/120 [02:15<24:45,  0.07it/s, v_num=6, train_loss_step=1.140]
Epoch 0:   8%|▊         | 10/120 [02:15<24:50,  0.07it/s, v_num=6, train_loss_step=1.070]
Epoch 0:   9%|▉         | 11/120 [02:16<22:34,  0.08it/s, v_num=6, train_loss_step=1.070]
Epoch 0:   9%|▉         | 11/120 [02:17<22:38,  0.08it/s, v_num=6, train_loss_step=1.160]
Epoch 0:  10%|█         | 12/120 [02:45<24:46,  0.07it/s, v_num=6, train_loss_step=1.160]
Epoch 0:  10%|█         | 12/120 [02:45<24:50,  0.07it/s, v_num=6, train_loss_step=1.300]
Epoch 0:  11%|█         | 13/120 [02:45<22:43,  0.08it/s, v_num=6, train_loss_step=1.300]
Epoch 0:  11%|█         | 13/120 [02:46<22:46,  0.08it/s, v_num=6, train_loss_step=0.782]
Epoch 0:  12%|█▏        | 14/120 [03:13<24:26,  0.07it/s, v_num=6, train_loss_step=0.782]
Epoch 0:  12%|█▏        | 14/120 [03:14<24:29,  0.07it/s, v_num=6, train_loss_step=0.866]
Epoch 0:  12%|█▎        | 15/120 [03:14<22:39,  0.08it/s, v_num=6, train_loss_step=0.866]
Epoch 0:  12%|█▎        | 15/120 [03:14<22:42,  0.08it/s, v_num=6, train_loss_step=1.150]
Epoch 0:  13%|█▎        | 16/120 [03:40<23:52,  0.07it/s, v_num=6, train_loss_step=1.150]
Epoch 0:  13%|█▎        | 16/120 [03:40<23:55,  0.07it/s, v_num=6, train_loss_step=0.779]
Epoch 0:  14%|█▍        | 17/120 [03:40<22:18,  0.08it/s, v_num=6, train_loss_step=0.779]
Epoch 0:  14%|█▍        | 17/120 [03:41<22:20,  0.08it/s, v_num=6, train_loss_step=1.530]
Epoch 0:  15%|█▌        | 18/120 [04:05<23:12,  0.07it/s, v_num=6, train_loss_step=1.530]
Epoch 0:  15%|█▌        | 18/120 [04:06<23:15,  0.07it/s, v_num=6, train_loss_step=1.110]
Epoch 0:  16%|█▌        | 19/120 [04:06<21:49,  0.08it/s, v_num=6, train_loss_step=1.110]
Epoch 0:  16%|█▌        | 19/120 [04:06<21:51,  0.08it/s, v_num=6, train_loss_step=0.917]
Epoch 0:  17%|█▋        | 20/120 [04:33<22:45,  0.07it/s, v_num=6, train_loss_step=0.917]
Epoch 0:  17%|█▋        | 20/120 [04:33<22:47,  0.07it/s, v_num=6, train_loss_step=0.542]
Epoch 0:  18%|█▊        | 21/120 [04:33<21:29,  0.08it/s, v_num=6, train_loss_step=0.542]
Epoch 0:  18%|█▊        | 21/120 [04:33<21:31,  0.08it/s, v_num=6, train_loss_step=1.550]
Epoch 0:  18%|█▊        | 22/120 [04:52<21:42,  0.08it/s, v_num=6, train_loss_step=1.550]
Epoch 0:  18%|█▊        | 22/120 [04:52<21:44,  0.08it/s, v_num=6, train_loss_step=1.780]
Epoch 0:  19%|█▉        | 23/120 [04:59<21:02,  0.08it/s, v_num=6, train_loss_step=1.780]
Epoch 0:  19%|█▉        | 23/120 [04:59<21:04,  0.08it/s, v_num=6, train_loss_step=1.440]
Epoch 0:  20%|██        | 24/120 [05:14<20:57,  0.08it/s, v_num=6, train_loss_step=1.440]
Epoch 0:  20%|██        | 24/120 [05:14<20:59,  0.08it/s, v_num=6, train_loss_step=0.931]
Epoch 0:  21%|██        | 25/120 [05:28<20:48,  0.08it/s, v_num=6, train_loss_step=0.931]
Epoch 0:  21%|██        | 25/120 [05:29<20:50,  0.08it/s, v_num=6, train_loss_step=1.040]
Epoch 0:  22%|██▏       | 26/120 [05:38<20:23,  0.08it/s, v_num=6, train_loss_step=1.040]
Epoch 0:  22%|██▏       | 26/120 [05:38<20:25,  0.08it/s, v_num=6, train_loss_step=0.910]
Epoch 0:  22%|██▎       | 27/120 [05:46<19:54,  0.08it/s, v_num=6, train_loss_step=0.910]
Epoch 0:  22%|██▎       | 27/120 [05:47<19:56,  0.08it/s, v_num=6, train_loss_step=0.574]
Epoch 0:  23%|██▎       | 28/120 [06:05<19:59,  0.08it/s, v_num=6, train_loss_step=0.574]
Epoch 0:  23%|██▎       | 28/120 [06:05<20:01,  0.08it/s, v_num=6, train_loss_step=1.200]
Epoch 0:  24%|██▍       | 29/120 [06:10<19:23,  0.08it/s, v_num=6, train_loss_step=1.200]
Epoch 0:  24%|██▍       | 29/120 [06:11<19:24,  0.08it/s, v_num=6, train_loss_step=1.330]
Epoch 0:  25%|██▌       | 30/120 [06:32<19:38,  0.08it/s, v_num=6, train_loss_step=1.330]
Epoch 0:  25%|██▌       | 30/120 [06:33<19:39,  0.08it/s, v_num=6, train_loss_step=0.563]
Epoch 0:  26%|██▌       | 31/120 [06:38<19:05,  0.08it/s, v_num=6, train_loss_step=0.563]
Epoch 0:  26%|██▌       | 31/120 [06:39<19:06,  0.08it/s, v_num=6, train_loss_step=0.944]
Epoch 0:  27%|██▋       | 32/120 [07:03<19:25,  0.08it/s, v_num=6, train_loss_step=0.944]
Epoch 0:  27%|██▋       | 32/120 [07:04<19:26,  0.08it/s, v_num=6, train_loss_step=1.090]
Epoch 0:  28%|██▊       | 33/120 [07:04<18:38,  0.08it/s, v_num=6, train_loss_step=1.090]
Epoch 0:  28%|██▊       | 33/120 [07:04<18:39,  0.08it/s, v_num=6, train_loss_step=1.650]
Epoch 0:  28%|██▊       | 34/120 [07:39<19:23,  0.07it/s, v_num=6, train_loss_step=1.650]
Epoch 0:  28%|██▊       | 34/120 [07:40<19:24,  0.07it/s, v_num=6, train_loss_step=1.530]
Epoch 0:  29%|██▉       | 35/120 [07:40<18:38,  0.08it/s, v_num=6, train_loss_step=1.530]
Epoch 0:  29%|██▉       | 35/120 [07:40<18:39,  0.08it/s, v_num=6, train_loss_step=1.040]
Epoch 0:  30%|███       | 36/120 [08:01<18:42,  0.07it/s, v_num=6, train_loss_step=1.040]
Epoch 0:  30%|███       | 36/120 [08:01<18:43,  0.07it/s, v_num=6, train_loss_step=0.898]
Epoch 0:  31%|███       | 37/120 [08:01<18:00,  0.08it/s, v_num=6, train_loss_step=0.898]
Epoch 0:  31%|███       | 37/120 [08:02<18:01,  0.08it/s, v_num=6, train_loss_step=0.952]
Epoch 0:  32%|███▏      | 38/120 [08:27<18:14,  0.07it/s, v_num=6, train_loss_step=0.952]
Epoch 0:  32%|███▏      | 38/120 [08:27<18:15,  0.07it/s, v_num=6, train_loss_step=1.140]
Epoch 0:  32%|███▎      | 39/120 [08:27<17:34,  0.08it/s, v_num=6, train_loss_step=1.140]
Epoch 0:  32%|███▎      | 39/120 [08:27<17:35,  0.08it/s, v_num=6, train_loss_step=1.070]
Epoch 0:  33%|███▎      | 40/120 [08:54<17:49,  0.07it/s, v_num=6, train_loss_step=1.070]
Epoch 0:  33%|███▎      | 40/120 [08:55<17:50,  0.07it/s, v_num=6, train_loss_step=0.789]
Epoch 0:  34%|███▍      | 41/120 [08:55<17:11,  0.08it/s, v_num=6, train_loss_step=0.789]
Epoch 0:  34%|███▍      | 41/120 [08:55<17:12,  0.08it/s, v_num=6, train_loss_step=0.724]
Epoch 0:  35%|███▌      | 42/120 [09:19<17:19,  0.08it/s, v_num=6, train_loss_step=0.724]
Epoch 0:  35%|███▌      | 42/120 [09:20<17:20,  0.07it/s, v_num=6, train_loss_step=1.140]
Epoch 0:  36%|███▌      | 43/120 [09:20<16:43,  0.08it/s, v_num=6, train_loss_step=1.140]
Epoch 0:  36%|███▌      | 43/120 [09:20<16:44,  0.08it/s, v_num=6, train_loss_step=0.962]
Epoch 0:  37%|███▋      | 44/120 [09:42<16:45,  0.08it/s, v_num=6, train_loss_step=0.962]
Epoch 0:  37%|███▋      | 44/120 [09:42<16:46,  0.08it/s, v_num=6, train_loss_step=1.080]
Epoch 0:  38%|███▊      | 45/120 [09:42<16:11,  0.08it/s, v_num=6, train_loss_step=1.080]
Epoch 0:  38%|███▊      | 45/120 [09:43<16:12,  0.08it/s, v_num=6, train_loss_step=0.651]
Epoch 0:  38%|███▊      | 46/120 [10:15<16:29,  0.07it/s, v_num=6, train_loss_step=0.651]
Epoch 0:  38%|███▊      | 46/120 [10:15<16:30,  0.07it/s, v_num=6, train_loss_step=1.510]
Epoch 0:  39%|███▉      | 47/120 [10:15<15:56,  0.08it/s, v_num=6, train_loss_step=1.510]
Epoch 0:  39%|███▉      | 47/120 [10:16<15:57,  0.08it/s, v_num=6, train_loss_step=1.260]
Epoch 0:  40%|████      | 48/120 [10:41<16:01,  0.07it/s, v_num=6, train_loss_step=1.260]
Epoch 0:  40%|████      | 48/120 [10:41<16:02,  0.07it/s, v_num=6, train_loss_step=0.989]
Epoch 0:  41%|████      | 49/120 [10:41<15:29,  0.08it/s, v_num=6, train_loss_step=0.989]
Epoch 0:  41%|████      | 49/120 [10:42<15:30,  0.08it/s, v_num=6, train_loss_step=0.804]
Epoch 0:  42%|████▏     | 50/120 [11:10<15:38,  0.07it/s, v_num=6, train_loss_step=0.804]
Epoch 0:  42%|████▏     | 50/120 [11:10<15:39,  0.07it/s, v_num=6, train_loss_step=0.804]
Epoch 0:  42%|████▎     | 51/120 [11:10<15:07,  0.08it/s, v_num=6, train_loss_step=0.804]
Epoch 0:  42%|████▎     | 51/120 [11:11<15:08,  0.08it/s, v_num=6, train_loss_step=0.752]
Epoch 0:  43%|████▎     | 52/120 [11:33<15:07,  0.07it/s, v_num=6, train_loss_step=0.752]
Epoch 0:  43%|████▎     | 52/120 [11:34<15:08,  0.07it/s, v_num=6, train_loss_step=0.719]
Epoch 0:  44%|████▍     | 53/120 [11:34<14:37,  0.08it/s, v_num=6, train_loss_step=0.719]
Epoch 0:  44%|████▍     | 53/120 [11:34<14:38,  0.08it/s, v_num=6, train_loss_step=0.625]
Epoch 0:  45%|████▌     | 54/120 [12:00<14:40,  0.07it/s, v_num=6, train_loss_step=0.625]
Epoch 0:  45%|████▌     | 54/120 [12:00<14:41,  0.07it/s, v_num=6, train_loss_step=1.260]
Epoch 0:  46%|████▌     | 55/120 [12:00<14:12,  0.08it/s, v_num=6, train_loss_step=1.260]
Epoch 0:  46%|████▌     | 55/120 [12:01<14:12,  0.08it/s, v_num=6, train_loss_step=1.080]
Epoch 0:  47%|████▋     | 56/120 [12:21<14:07,  0.08it/s, v_num=6, train_loss_step=1.080]
Epoch 0:  47%|████▋     | 56/120 [12:21<14:07,  0.08it/s, v_num=6, train_loss_step=0.780]
Epoch 0:  48%|████▊     | 57/120 [12:21<13:39,  0.08it/s, v_num=6, train_loss_step=0.780]
Epoch 0:  48%|████▊     | 57/120 [12:22<13:40,  0.08it/s, v_num=6, train_loss_step=1.290]
Epoch 0:  48%|████▊     | 58/120 [12:45<13:38,  0.08it/s, v_num=6, train_loss_step=1.290]
Epoch 0:  48%|████▊     | 58/120 [12:45<13:38,  0.08it/s, v_num=6, train_loss_step=1.840]
Epoch 0:  49%|████▉     | 59/120 [12:45<13:11,  0.08it/s, v_num=6, train_loss_step=1.840]
Epoch 0:  49%|████▉     | 59/120 [12:46<13:12,  0.08it/s, v_num=6, train_loss_step=1.140]
Epoch 0:  50%|█████     | 60/120 [13:20<13:20,  0.07it/s, v_num=6, train_loss_step=1.140]
Epoch 0:  50%|█████     | 60/120 [13:20<13:20,  0.07it/s, v_num=6, train_loss_step=0.820]
Epoch 0:  51%|█████     | 61/120 [13:20<12:54,  0.08it/s, v_num=6, train_loss_step=0.820]
Epoch 0:  51%|█████     | 61/120 [13:21<12:54,  0.08it/s, v_num=6, train_loss_step=1.470]
Epoch 0:  52%|█████▏    | 62/120 [13:46<12:52,  0.08it/s, v_num=6, train_loss_step=1.470]
Epoch 0:  52%|█████▏    | 62/120 [13:46<12:53,  0.07it/s, v_num=6, train_loss_step=0.797]
Epoch 0:  52%|█████▎    | 63/120 [13:46<12:28,  0.08it/s, v_num=6, train_loss_step=0.797]
Epoch 0:  52%|█████▎    | 63/120 [13:47<12:28,  0.08it/s, v_num=6, train_loss_step=0.834]
Epoch 0:  53%|█████▎    | 64/120 [14:09<12:23,  0.08it/s, v_num=6, train_loss_step=0.834]
Epoch 0:  53%|█████▎    | 64/120 [14:10<12:23,  0.08it/s, v_num=6, train_loss_step=1.370]
Epoch 0:  54%|█████▍    | 65/120 [14:10<11:59,  0.08it/s, v_num=6, train_loss_step=1.370]
Epoch 0:  54%|█████▍    | 65/120 [14:10<11:59,  0.08it/s, v_num=6, train_loss_step=0.837]
Epoch 0:  55%|█████▌    | 66/120 [14:33<11:54,  0.08it/s, v_num=6, train_loss_step=0.837]
Epoch 0:  55%|█████▌    | 66/120 [14:33<11:54,  0.08it/s, v_num=6, train_loss_step=1.050]
Epoch 0:  56%|█████▌    | 67/120 [14:33<11:31,  0.08it/s, v_num=6, train_loss_step=1.050]
Epoch 0:  56%|█████▌    | 67/120 [14:34<11:31,  0.08it/s, v_num=6, train_loss_step=1.210]
Epoch 0:  57%|█████▋    | 68/120 [14:56<11:25,  0.08it/s, v_num=6, train_loss_step=1.210]
Epoch 0:  57%|█████▋    | 68/120 [14:56<11:25,  0.08it/s, v_num=6, train_loss_step=1.050]
Epoch 0:  57%|█████▊    | 69/120 [14:56<11:02,  0.08it/s, v_num=6, train_loss_step=1.050]
Epoch 0:  57%|█████▊    | 69/120 [14:57<11:03,  0.08it/s, v_num=6, train_loss_step=0.985]
Epoch 0:  58%|█████▊    | 70/120 [15:22<10:59,  0.08it/s, v_num=6, train_loss_step=0.985]
Epoch 0:  58%|█████▊    | 70/120 [15:23<10:59,  0.08it/s, v_num=6, train_loss_step=0.791]
Epoch 0:  59%|█████▉    | 71/120 [15:23<10:37,  0.08it/s, v_num=6, train_loss_step=0.791]
Epoch 0:  59%|█████▉    | 71/120 [15:23<10:37,  0.08it/s, v_num=6, train_loss_step=1.120]
Epoch 0:  60%|██████    | 72/120 [15:53<10:35,  0.08it/s, v_num=6, train_loss_step=1.120]
Epoch 0:  60%|██████    | 72/120 [15:53<10:35,  0.08it/s, v_num=6, train_loss_step=0.785]
Epoch 0:  61%|██████    | 73/120 [15:53<10:14,  0.08it/s, v_num=6, train_loss_step=0.785]
Epoch 0:  61%|██████    | 73/120 [15:54<10:14,  0.08it/s, v_num=6, train_loss_step=1.200]
Epoch 0:  62%|██████▏   | 74/120 [16:23<10:11,  0.08it/s, v_num=6, train_loss_step=1.200]
Epoch 0:  62%|██████▏   | 74/120 [16:23<10:11,  0.08it/s, v_num=6, train_loss_step=1.290]
Epoch 0:  62%|██████▎   | 75/120 [16:23<09:50,  0.08it/s, v_num=6, train_loss_step=1.290]
Epoch 0:  62%|██████▎   | 75/120 [16:24<09:50,  0.08it/s, v_num=6, train_loss_step=1.160]
Epoch 0:  63%|██████▎   | 76/120 [16:50<09:45,  0.08it/s, v_num=6, train_loss_step=1.160]
Epoch 0:  63%|██████▎   | 76/120 [16:50<09:45,  0.08it/s, v_num=6, train_loss_step=0.925]
Epoch 0:  64%|██████▍   | 77/120 [16:50<09:24,  0.08it/s, v_num=6, train_loss_step=0.925]
Epoch 0:  64%|██████▍   | 77/120 [16:51<09:24,  0.08it/s, v_num=6, train_loss_step=0.824]
Epoch 0:  65%|██████▌   | 78/120 [17:18<09:19,  0.08it/s, v_num=6, train_loss_step=0.824]
Epoch 0:  65%|██████▌   | 78/120 [17:18<09:19,  0.08it/s, v_num=6, train_loss_step=0.584]
Epoch 0:  66%|██████▌   | 79/120 [17:18<08:59,  0.08it/s, v_num=6, train_loss_step=0.584]
Epoch 0:  66%|██████▌   | 79/120 [17:19<08:59,  0.08it/s, v_num=6, train_loss_step=1.130]
Epoch 0:  67%|██████▋   | 80/120 [17:48<08:54,  0.07it/s, v_num=6, train_loss_step=1.130]
Epoch 0:  67%|██████▋   | 80/120 [17:48<08:54,  0.07it/s, v_num=6, train_loss_step=1.170]
Epoch 0:  68%|██████▊   | 81/120 [17:48<08:34,  0.08it/s, v_num=6, train_loss_step=1.170]
Epoch 0:  68%|██████▊   | 81/120 [17:49<08:34,  0.08it/s, v_num=6, train_loss_step=1.140]
Epoch 0:  68%|██████▊   | 82/120 [18:13<08:26,  0.07it/s, v_num=6, train_loss_step=1.140]
Epoch 0:  68%|██████▊   | 82/120 [18:14<08:27,  0.07it/s, v_num=6, train_loss_step=0.794]
Epoch 0:  69%|██████▉   | 83/120 [18:14<08:07,  0.08it/s, v_num=6, train_loss_step=0.794]
Epoch 0:  69%|██████▉   | 83/120 [18:14<08:07,  0.08it/s, v_num=6, train_loss_step=0.765]
Epoch 0:  70%|███████   | 84/120 [18:36<07:58,  0.08it/s, v_num=6, train_loss_step=0.765]
Epoch 0:  70%|███████   | 84/120 [18:36<07:58,  0.08it/s, v_num=6, train_loss_step=0.854]
Epoch 0:  71%|███████   | 85/120 [18:36<07:39,  0.08it/s, v_num=6, train_loss_step=0.854]
Epoch 0:  71%|███████   | 85/120 [18:37<07:40,  0.08it/s, v_num=6, train_loss_step=1.420]
Epoch 0:  72%|███████▏  | 86/120 [19:05<07:32,  0.08it/s, v_num=6, train_loss_step=1.420]
Epoch 0:  72%|███████▏  | 86/120 [19:05<07:32,  0.08it/s, v_num=6, train_loss_step=0.830]
Epoch 0:  72%|███████▎  | 87/120 [19:05<07:14,  0.08it/s, v_num=6, train_loss_step=0.830]
Epoch 0:  72%|███████▎  | 87/120 [19:06<07:14,  0.08it/s, v_num=6, train_loss_step=0.918]
Epoch 0:  73%|███████▎  | 88/120 [19:32<07:06,  0.08it/s, v_num=6, train_loss_step=0.918]
Epoch 0:  73%|███████▎  | 88/120 [19:33<07:06,  0.08it/s, v_num=6, train_loss_step=1.050]
Epoch 0:  74%|███████▍  | 89/120 [19:33<06:48,  0.08it/s, v_num=6, train_loss_step=1.050]
Epoch 0:  74%|███████▍  | 89/120 [19:33<06:48,  0.08it/s, v_num=6, train_loss_step=0.944]
Epoch 0:  75%|███████▌  | 90/120 [20:00<06:40,  0.07it/s, v_num=6, train_loss_step=0.944]
Epoch 0:  75%|███████▌  | 90/120 [20:00<06:40,  0.07it/s, v_num=6, train_loss_step=0.687]
Epoch 0:  76%|███████▌  | 91/120 [20:00<06:22,  0.08it/s, v_num=6, train_loss_step=0.687]
Epoch 0:  76%|███████▌  | 91/120 [20:01<06:22,  0.08it/s, v_num=6, train_loss_step=1.200]
Epoch 0:  77%|███████▋  | 92/120 [20:31<06:14,  0.07it/s, v_num=6, train_loss_step=1.200]
Epoch 0:  77%|███████▋  | 92/120 [20:32<06:15,  0.07it/s, v_num=6, train_loss_step=1.300]
Epoch 0:  78%|███████▊  | 93/120 [20:32<05:57,  0.08it/s, v_num=6, train_loss_step=1.300]
Epoch 0:  78%|███████▊  | 93/120 [20:32<05:57,  0.08it/s, v_num=6, train_loss_step=1.620]
Epoch 0:  78%|███████▊  | 94/120 [20:59<05:48,  0.07it/s, v_num=6, train_loss_step=1.620]
Epoch 0:  78%|███████▊  | 94/120 [21:00<05:48,  0.07it/s, v_num=6, train_loss_step=0.785]
Epoch 0:  79%|███████▉  | 95/120 [21:00<05:31,  0.08it/s, v_num=6, train_loss_step=0.785]
Epoch 0:  79%|███████▉  | 95/120 [21:00<05:31,  0.08it/s, v_num=6, train_loss_step=0.938]
Epoch 0:  80%|████████  | 96/120 [21:27<05:21,  0.07it/s, v_num=6, train_loss_step=0.938]
Epoch 0:  80%|████████  | 96/120 [21:28<05:22,  0.07it/s, v_num=6, train_loss_step=1.150]
Epoch 0:  81%|████████  | 97/120 [21:28<05:05,  0.08it/s, v_num=6, train_loss_step=1.150]
Epoch 0:  81%|████████  | 97/120 [21:28<05:05,  0.08it/s, v_num=6, train_loss_step=1.060]
Epoch 0:  82%|████████▏ | 98/120 [21:56<04:55,  0.07it/s, v_num=6, train_loss_step=1.060]
Epoch 0:  82%|████████▏ | 98/120 [21:57<04:55,  0.07it/s, v_num=6, train_loss_step=1.140]
Epoch 0:  82%|████████▎ | 99/120 [21:57<04:39,  0.08it/s, v_num=6, train_loss_step=1.140]
Epoch 0:  82%|████████▎ | 99/120 [21:57<04:39,  0.08it/s, v_num=6, train_loss_step=1.260]
Epoch 0:  83%|████████▎ | 100/120 [22:28<04:29,  0.07it/s, v_num=6, train_loss_step=1.260]
Epoch 0:  83%|████████▎ | 100/120 [22:29<04:29,  0.07it/s, v_num=6, train_loss_step=1.200]
Epoch 0:  84%|████████▍ | 101/120 [22:29<04:13,  0.07it/s, v_num=6, train_loss_step=1.200]
Epoch 0:  84%|████████▍ | 101/120 [22:29<04:13,  0.07it/s, v_num=6, train_loss_step=1.140]
Epoch 0:  85%|████████▌ | 102/120 [22:58<04:03,  0.07it/s, v_num=6, train_loss_step=1.140]
Epoch 0:  85%|████████▌ | 102/120 [22:58<04:03,  0.07it/s, v_num=6, train_loss_step=0.908]
Epoch 0:  86%|████████▌ | 103/120 [22:58<03:47,  0.07it/s, v_num=6, train_loss_step=0.908]
Epoch 0:  86%|████████▌ | 103/120 [22:59<03:47,  0.07it/s, v_num=6, train_loss_step=0.806]
Epoch 0:  87%|████████▋ | 104/120 [23:32<03:37,  0.07it/s, v_num=6, train_loss_step=0.806]
Epoch 0:  87%|████████▋ | 104/120 [23:32<03:37,  0.07it/s, v_num=6, train_loss_step=0.893]
Epoch 0:  88%|████████▊ | 105/120 [23:33<03:21,  0.07it/s, v_num=6, train_loss_step=0.893]
Epoch 0:  88%|████████▊ | 105/120 [23:33<03:21,  0.07it/s, v_num=6, train_loss_step=0.764]
Epoch 0:  88%|████████▊ | 106/120 [24:04<03:10,  0.07it/s, v_num=6, train_loss_step=0.764]
Epoch 0:  88%|████████▊ | 106/120 [24:04<03:10,  0.07it/s, v_num=6, train_loss_step=0.841]
Epoch 0:  89%|████████▉ | 107/120 [24:04<02:55,  0.07it/s, v_num=6, train_loss_step=0.841]
Epoch 0:  89%|████████▉ | 107/120 [24:05<02:55,  0.07it/s, v_num=6, train_loss_step=1.210]
Epoch 0:  90%|█████████ | 108/120 [24:28<02:43,  0.07it/s, v_num=6, train_loss_step=1.210]
Epoch 0:  90%|█████████ | 108/120 [24:29<02:43,  0.07it/s, v_num=6, train_loss_step=1.250]
Epoch 0:  91%|█████████ | 109/120 [24:29<02:28,  0.07it/s, v_num=6, train_loss_step=1.250]
Epoch 0:  91%|█████████ | 109/120 [24:29<02:28,  0.07it/s, v_num=6, train_loss_step=0.893]
Epoch 0:  92%|█████████▏| 110/120 [25:02<02:16,  0.07it/s, v_num=6, train_loss_step=0.893]
Epoch 0:  92%|█████████▏| 110/120 [25:02<02:16,  0.07it/s, v_num=6, train_loss_step=1.280]
Epoch 0:  92%|█████████▎| 111/120 [25:02<02:01,  0.07it/s, v_num=6, train_loss_step=1.280]
Epoch 0:  92%|█████████▎| 111/120 [25:03<02:01,  0.07it/s, v_num=6, train_loss_step=0.755]
Epoch 0:  93%|█████████▎| 112/120 [25:29<01:49,  0.07it/s, v_num=6, train_loss_step=0.755]
Epoch 0:  93%|█████████▎| 112/120 [25:30<01:49,  0.07it/s, v_num=6, train_loss_step=1.190]
Epoch 0:  94%|█████████▍| 113/120 [25:30<01:34,  0.07it/s, v_num=6, train_loss_step=1.190]
Epoch 0:  94%|█████████▍| 113/120 [25:30<01:34,  0.07it/s, v_num=6, train_loss_step=0.751]
Epoch 0:  95%|█████████▌| 114/120 [25:58<01:22,  0.07it/s, v_num=6, train_loss_step=0.751]
Epoch 0:  95%|█████████▌| 114/120 [25:59<01:22,  0.07it/s, v_num=6, train_loss_step=1.010]
Epoch 0:  96%|█████████▌| 115/120 [25:59<01:07,  0.07it/s, v_num=6, train_loss_step=1.010]
Epoch 0:  96%|█████████▌| 115/120 [25:59<01:07,  0.07it/s, v_num=6, train_loss_step=1.020]
Epoch 0:  97%|█████████▋| 116/120 [26:28<00:54,  0.07it/s, v_num=6, train_loss_step=1.020]
Epoch 0:  97%|█████████▋| 116/120 [26:28<00:54,  0.07it/s, v_num=6, train_loss_step=1.550]
Epoch 0:  98%|█████████▊| 117/120 [26:28<00:40,  0.07it/s, v_num=6, train_loss_step=1.550]
Epoch 0:  98%|█████████▊| 117/120 [26:28<00:40,  0.07it/s, v_num=6, train_loss_step=0.981]
Epoch 0:  98%|█████████▊| 118/120 [27:01<00:27,  0.07it/s, v_num=6, train_loss_step=0.981]
Epoch 0:  98%|█████████▊| 118/120 [27:01<00:27,  0.07it/s, v_num=6, train_loss_step=1.010]
Epoch 0:  99%|█████████▉| 119/120 [27:02<00:13,  0.07it/s, v_num=6, train_loss_step=1.010]
Epoch 0:  99%|█████████▉| 119/120 [27:02<00:13,  0.07it/s, v_num=6, train_loss_step=0.986]
Epoch 0: 100%|██████████| 120/120 [27:20<00:00,  0.07it/s, v_num=6, train_loss_step=0.986]
Epoch 0: 100%|██████████| 120/120 [27:20<00:00,  0.07it/s, v_num=6, train_loss_step=0.632]

Validation: |          | 0/? [00:00<?, ?it/s][A

Validation: |          | 0/? [00:00<?, ?it/s][A

Validation DataLoader 0:   0%|          | 0/15 [00:00<?, ?it/s][A

Validation DataLoader 0:   7%|▋         | 1/15 [00:00<00:06,  2.03it/s][A

Validation DataLoader 0:  13%|█▎        | 2/15 [00:00<00:06,  2.07it/s][A

Validation DataLoader 0:  20%|██        | 3/15 [00:23<01:33,  0.13it/s][A

Validation DataLoader 0:  27%|██▋       | 4/15 [00:23<01:05,  0.17it/s][A

Validation DataLoader 0:  33%|███▎      | 5/15 [00:49<01:38,  0.10it/s][A

Validation DataLoader 0:  40%|████      | 6/15 [00:49<01:14,  0.12it/s][A

Validation DataLoader 0:  47%|████▋     | 7/15 [01:12<01:22,  0.10it/s][A

Validation DataLoader 0:  53%|█████▎    | 8/15 [01:13<01:03,  0.11it/s][A

Validation DataLoader 0:  60%|██████    | 9/15 [01:31<01:00,  0.10it/s][A

Validation DataLoader 0:  67%|██████▋   | 10/15 [01:31<00:45,  0.11it/s][A

Validation DataLoader 0:  73%|███████▎  | 11/15 [01:59<00:43,  0.09it/s][A

Validation DataLoader 0:  80%|████████  | 12/15 [01:59<00:29,  0.10it/s][A

Validation DataLoader 0:  87%|████████▋ | 13/15 [02:23<00:22,  0.09it/s][A

Validation DataLoader 0:  93%|█████████▎| 14/15 [02:24<00:10,  0.10it/s][A

Validation DataLoader 0: 100%|██████████| 15/15 [02:43<00:00,  0.09it/s][A

                                                                        [A
Epoch 0: 100%|██████████| 120/120 [30:31<00:00,  0.07it/s, v_num=6, train_loss_step=0.632, val_loss=0.958, val_mean_auc=0.615, val_mean_ap=0.313, val_accuracy=0.556, val_f1=0.417]
Epoch 0: 100%|██████████| 120/120 [30:31<00:00,  0.07it/s, v_num=6, train_loss_step=0.632, val_loss=0.958, val_mean_auc=0.615, val_mean_ap=0.313, val_accuracy=0.556, val_f1=0.417, train_loss_epoch=1.050]
Epoch 0:   0%|          | 0/120 [00:00<?, ?it/s, v_num=6, train_loss_step=0.632, val_loss=0.958, val_mean_auc=0.615, val_mean_ap=0.313, val_accuracy=0.556, val_f1=0.417, train_loss_epoch=1.050]          
Epoch 1:   0%|          | 0/120 [00:00<?, ?it/s, v_num=6, train_loss_step=0.632, val_loss=0.958, val_mean_auc=0.615, val_mean_ap=0.313, val_accuracy=0.556, val_f1=0.417, train_loss_epoch=1.050]
Epoch 1:   1%|          | 1/120 [00:32<1:05:24,  0.03it/s, v_num=6, train_loss_step=0.632, val_loss=0.958, val_mean_auc=0.615, val_mean_ap=0.313, val_accuracy=0.556, val_f1=0.417, train_loss_epoch=1.050]
Epoch 1:   1%|          | 1/120 [00:33<1:06:18,  0.03it/s, v_num=6, train_loss_step=0.975, val_loss=0.958, val_mean_auc=0.615, val_mean_ap=0.313, val_accuracy=0.556, val_f1=0.417, train_loss_epoch=1.050]
Epoch 1:   2%|▏         | 2/120 [00:33<32:54,  0.06it/s, v_num=6, train_loss_step=0.975, val_loss=0.958, val_mean_auc=0.615, val_mean_ap=0.313, val_accuracy=0.556, val_f1=0.417, train_loss_epoch=1.050]  
Epoch 1:   2%|▏         | 2/120 [00:33<33:20,  0.06it/s, v_num=6, train_loss_step=0.636, val_loss=0.958, val_mean_auc=0.615, val_mean_ap=0.313, val_accuracy=0.556, val_f1=0.417, train_loss_epoch=1.050]
Epoch 1:   2%|▎         | 3/120 [00:54<35:14,  0.06it/s, v_num=6, train_loss_step=0.636, val_loss=0.958, val_mean_auc=0.615, val_mean_ap=0.313, val_accuracy=0.556, val_f1=0.417, train_loss_epoch=1.050]
Epoch 1:   2%|▎         | 3/120 [00:54<35:30,  0.05it/s, v_num=6, train_loss_step=1.090, val_loss=0.958, val_mean_auc=0.615, val_mean_ap=0.313, val_accuracy=0.556, val_f1=0.417, train_loss_epoch=1.050]
Epoch 1:   3%|▎         | 4/120 [00:54<26:25,  0.07it/s, v_num=6, train_loss_step=1.090, val_loss=0.958, val_mean_auc=0.615, val_mean_ap=0.313, val_accuracy=0.556, val_f1=0.417, train_loss_epoch=1.050]
Epoch 1:   3%|▎         | 4/120 [00:55<26:38,  0.07it/s, v_num=6, train_loss_step=0.769, val_loss=0.958, val_mean_auc=0.615, val_mean_ap=0.313, val_accuracy=0.556, val_f1=0.417, train_loss_epoch=1.050]
Epoch 1:   4%|▍         | 5/120 [01:15<28:59,  0.07it/s, v_num=6, train_loss_step=0.769, val_loss=0.958, val_mean_auc=0.615, val_mean_ap=0.313, val_accuracy=0.556, val_f1=0.417, train_loss_epoch=1.050]
Epoch 1:   4%|▍         | 5/120 [01:16<29:09,  0.07it/s, v_num=6, train_loss_step=0.847, val_loss=0.958, val_mean_auc=0.615, val_mean_ap=0.313, val_accuracy=0.556, val_f1=0.417, train_loss_epoch=1.050]
Epoch 1:   5%|▌         | 6/120 [01:16<24:05,  0.08it/s, v_num=6, train_loss_step=0.847, val_loss=0.958, val_mean_auc=0.615, val_mean_ap=0.313, val_accuracy=0.556, val_f1=0.417, train_loss_epoch=1.050]
Epoch 1:   5%|▌         | 6/120 [01:16<24:13,  0.08it/s, v_num=6, train_loss_step=0.751, val_loss=0.958, val_mean_auc=0.615, val_mean_ap=0.313, val_accuracy=0.556, val_f1=0.417, train_loss_epoch=1.050]
Epoch 1:   6%|▌         | 7/120 [01:38<26:36,  0.07it/s, v_num=6, train_loss_step=0.751, val_loss=0.958, val_mean_auc=0.615, val_mean_ap=0.313, val_accuracy=0.556, val_f1=0.417, train_loss_epoch=1.050]
Epoch 1:   6%|▌         | 7/120 [01:39<26:43,  0.07it/s, v_num=6, train_loss_step=0.832, val_loss=0.958, val_mean_auc=0.615, val_mean_ap=0.313, val_accuracy=0.556, val_f1=0.417, train_loss_epoch=1.050]
Epoch 1:   7%|▋         | 8/120 [01:43<24:10,  0.08it/s, v_num=6, train_loss_step=0.832, val_loss=0.958, val_mean_auc=0.615, val_mean_ap=0.313, val_accuracy=0.556, val_f1=0.417, train_loss_epoch=1.050]
Epoch 1:   7%|▋         | 8/120 [01:44<24:16,  0.08it/s, v_num=6, train_loss_step=0.972, val_loss=0.958, val_mean_auc=0.615, val_mean_ap=0.313, val_accuracy=0.556, val_f1=0.417, train_loss_epoch=1.050]
Epoch 1:   8%|▊         | 9/120 [02:08<26:20,  0.07it/s, v_num=6, train_loss_step=0.972, val_loss=0.958, val_mean_auc=0.615, val_mean_ap=0.313, val_accuracy=0.556, val_f1=0.417, train_loss_epoch=1.050]
Epoch 1:   8%|▊         | 9/120 [02:08<26:25,  0.07it/s, v_num=6, train_loss_step=0.842, val_loss=0.958, val_mean_auc=0.615, val_mean_ap=0.313, val_accuracy=0.556, val_f1=0.417, train_loss_epoch=1.050]
Epoch 1:   8%|▊         | 10/120 [02:13<24:23,  0.08it/s, v_num=6, train_loss_step=0.842, val_loss=0.958, val_mean_auc=0.615, val_mean_ap=0.313, val_accuracy=0.556, val_f1=0.417, train_loss_epoch=1.050]
Epoch 1:   8%|▊         | 10/120 [02:13<24:28,  0.07it/s, v_num=6, train_loss_step=1.500, val_loss=0.958, val_mean_auc=0.615, val_mean_ap=0.313, val_accuracy=0.556, val_f1=0.417, train_loss_epoch=1.050]
Epoch 1:   9%|▉         | 11/120 [02:30<24:54,  0.07it/s, v_num=6, train_loss_step=1.500, val_loss=0.958, val_mean_auc=0.615, val_mean_ap=0.313, val_accuracy=0.556, val_f1=0.417, train_loss_epoch=1.050]
Epoch 1:   9%|▉         | 11/120 [02:31<24:59,  0.07it/s, v_num=6, train_loss_step=1.280, val_loss=0.958, val_mean_auc=0.615, val_mean_ap=0.313, val_accuracy=0.556, val_f1=0.417, train_loss_epoch=1.050]
Epoch 1:  10%|█         | 12/120 [02:37<23:37,  0.08it/s, v_num=6, train_loss_step=1.280, val_loss=0.958, val_mean_auc=0.615, val_mean_ap=0.313, val_accuracy=0.556, val_f1=0.417, train_loss_epoch=1.050]
Epoch 1:  10%|█         | 12/120 [02:37<23:41,  0.08it/s, v_num=6, train_loss_step=0.888, val_loss=0.958, val_mean_auc=0.615, val_mean_ap=0.313, val_accuracy=0.556, val_f1=0.417, train_loss_epoch=1.050]
Epoch 1:  11%|█         | 13/120 [02:56<24:09,  0.07it/s, v_num=6, train_loss_step=0.888, val_loss=0.958, val_mean_auc=0.615, val_mean_ap=0.313, val_accuracy=0.556, val_f1=0.417, train_loss_epoch=1.050]
Epoch 1:  11%|█         | 13/120 [02:56<24:13,  0.07it/s, v_num=6, train_loss_step=1.220, val_loss=0.958, val_mean_auc=0.615, val_mean_ap=0.313, val_accuracy=0.556, val_f1=0.417, train_loss_epoch=1.050]
Epoch 1:  12%|█▏        | 14/120 [03:03<23:05,  0.08it/s, v_num=6, train_loss_step=1.220, val_loss=0.958, val_mean_auc=0.615, val_mean_ap=0.313, val_accuracy=0.556, val_f1=0.417, train_loss_epoch=1.050]
Epoch 1:  12%|█▏        | 14/120 [03:03<23:08,  0.08it/s, v_num=6, train_loss_step=0.983, val_loss=0.958, val_mean_auc=0.615, val_mean_ap=0.313, val_accuracy=0.556, val_f1=0.417, train_loss_epoch=1.050]
Epoch 1:  12%|█▎        | 15/120 [03:26<24:04,  0.07it/s, v_num=6, train_loss_step=0.983, val_loss=0.958, val_mean_auc=0.615, val_mean_ap=0.313, val_accuracy=0.556, val_f1=0.417, train_loss_epoch=1.050]
Epoch 1:  12%|█▎        | 15/120 [03:26<24:07,  0.07it/s, v_num=6, train_loss_step=1.250, val_loss=0.958, val_mean_auc=0.615, val_mean_ap=0.313, val_accuracy=0.556, val_f1=0.417, train_loss_epoch=1.050]
Epoch 1:  13%|█▎        | 16/120 [03:27<22:25,  0.08it/s, v_num=6, train_loss_step=1.250, val_loss=0.958, val_mean_auc=0.615, val_mean_ap=0.313, val_accuracy=0.556, val_f1=0.417, train_loss_epoch=1.050]
Epoch 1:  13%|█▎        | 16/120 [03:27<22:28,  0.08it/s, v_num=6, train_loss_step=1.010, val_loss=0.958, val_mean_auc=0.615, val_mean_ap=0.313, val_accuracy=0.556, val_f1=0.417, train_loss_epoch=1.050]
Epoch 1:  14%|█▍        | 17/120 [03:52<23:29,  0.07it/s, v_num=6, train_loss_step=1.010, val_loss=0.958, val_mean_auc=0.615, val_mean_ap=0.313, val_accuracy=0.556, val_f1=0.417, train_loss_epoch=1.050]
Epoch 1:  14%|█▍        | 17/120 [03:52<23:31,  0.07it/s, v_num=6, train_loss_step=1.230, val_loss=0.958, val_mean_auc=0.615, val_mean_ap=0.313, val_accuracy=0.556, val_f1=0.417, train_loss_epoch=1.050]
Epoch 1:  15%|█▌        | 18/120 [03:53<22:00,  0.08it/s, v_num=6, train_loss_step=1.230, val_loss=0.958, val_mean_auc=0.615, val_mean_ap=0.313, val_accuracy=0.556, val_f1=0.417, train_loss_epoch=1.050]
Epoch 1:  15%|█▌        | 18/120 [03:53<22:02,  0.08it/s, v_num=6, train_loss_step=0.991, val_loss=0.958, val_mean_auc=0.615, val_mean_ap=0.313, val_accuracy=0.556, val_f1=0.417, train_loss_epoch=1.050]
Epoch 1:  16%|█▌        | 19/120 [04:20<23:02,  0.07it/s, v_num=6, train_loss_step=0.991, val_loss=0.958, val_mean_auc=0.615, val_mean_ap=0.313, val_accuracy=0.556, val_f1=0.417, train_loss_epoch=1.050]
Epoch 1:  16%|█▌        | 19/120 [04:20<23:04,  0.07it/s, v_num=6, train_loss_step=0.872, val_loss=0.958, val_mean_auc=0.615, val_mean_ap=0.313, val_accuracy=0.556, val_f1=0.417, train_loss_epoch=1.050]
Epoch 1:  17%|█▋        | 20/120 [04:22<21:52,  0.08it/s, v_num=6, train_loss_step=0.872, val_loss=0.958, val_mean_auc=0.615, val_mean_ap=0.313, val_accuracy=0.556, val_f1=0.417, train_loss_epoch=1.050]
Epoch 1:  17%|█▋        | 20/120 [04:23<21:55,  0.08it/s, v_num=6, train_loss_step=0.660, val_loss=0.958, val_mean_auc=0.615, val_mean_ap=0.313, val_accuracy=0.556, val_f1=0.417, train_loss_epoch=1.050]
Epoch 1:  18%|█▊        | 21/120 [04:50<22:47,  0.07it/s, v_num=6, train_loss_step=0.660, val_loss=0.958, val_mean_auc=0.615, val_mean_ap=0.313, val_accuracy=0.556, val_f1=0.417, train_loss_epoch=1.050]
Epoch 1:  18%|█▊        | 21/120 [04:50<22:49,  0.07it/s, v_num=6, train_loss_step=0.556, val_loss=0.958, val_mean_auc=0.615, val_mean_ap=0.313, val_accuracy=0.556, val_f1=0.417, train_loss_epoch=1.050]
Epoch 1:  18%|█▊        | 22/120 [04:50<21:34,  0.08it/s, v_num=6, train_loss_step=0.556, val_loss=0.958, val_mean_auc=0.615, val_mean_ap=0.313, val_accuracy=0.556, val_f1=0.417, train_loss_epoch=1.050]
Epoch 1:  18%|█▊        | 22/120 [04:50<21:36,  0.08it/s, v_num=6, train_loss_step=0.775, val_loss=0.958, val_mean_auc=0.615, val_mean_ap=0.313, val_accuracy=0.556, val_f1=0.417, train_loss_epoch=1.050]
Epoch 1:  19%|█▉        | 23/120 [05:13<22:04,  0.07it/s, v_num=6, train_loss_step=0.775, val_loss=0.958, val_mean_auc=0.615, val_mean_ap=0.313, val_accuracy=0.556, val_f1=0.417, train_loss_epoch=1.050]
Epoch 1:  19%|█▉        | 23/120 [05:14<22:06,  0.07it/s, v_num=6, train_loss_step=1.340, val_loss=0.958, val_mean_auc=0.615, val_mean_ap=0.313, val_accuracy=0.556, val_f1=0.417, train_loss_epoch=1.050]
Epoch 1:  20%|██        | 24/120 [05:26<21:44,  0.07it/s, v_num=6, train_loss_step=1.340, val_loss=0.958, val_mean_auc=0.615, val_mean_ap=0.313, val_accuracy=0.556, val_f1=0.417, train_loss_epoch=1.050]
Epoch 1:  20%|██        | 24/120 [05:26<21:46,  0.07it/s, v_num=6, train_loss_step=1.120, val_loss=0.958, val_mean_auc=0.615, val_mean_ap=0.313, val_accuracy=0.556, val_f1=0.417, train_loss_epoch=1.050]
Epoch 1:  21%|██        | 25/120 [05:42<21:40,  0.07it/s, v_num=6, train_loss_step=1.120, val_loss=0.958, val_mean_auc=0.615, val_mean_ap=0.313, val_accuracy=0.556, val_f1=0.417, train_loss_epoch=1.050]
Epoch 1:  21%|██        | 25/120 [05:42<21:42,  0.07it/s, v_num=6, train_loss_step=0.774, val_loss=0.958, val_mean_auc=0.615, val_mean_ap=0.313, val_accuracy=0.556, val_f1=0.417, train_loss_epoch=1.050]
Epoch 1:  22%|██▏       | 26/120 [05:53<21:17,  0.07it/s, v_num=6, train_loss_step=0.774, val_loss=0.958, val_mean_auc=0.615, val_mean_ap=0.313, val_accuracy=0.556, val_f1=0.417, train_loss_epoch=1.050]
Epoch 1:  22%|██▏       | 26/120 [05:53<21:18,  0.07it/s, v_num=6, train_loss_step=0.731, val_loss=0.958, val_mean_auc=0.615, val_mean_ap=0.313, val_accuracy=0.556, val_f1=0.417, train_loss_epoch=1.050]
Epoch 1:  22%|██▎       | 27/120 [06:10<21:15,  0.07it/s, v_num=6, train_loss_step=0.731, val_loss=0.958, val_mean_auc=0.615, val_mean_ap=0.313, val_accuracy=0.556, val_f1=0.417, train_loss_epoch=1.050]
Epoch 1:  22%|██▎       | 27/120 [06:10<21:16,  0.07it/s, v_num=6, train_loss_step=0.649, val_loss=0.958, val_mean_auc=0.615, val_mean_ap=0.313, val_accuracy=0.556, val_f1=0.417, train_loss_epoch=1.050]
Epoch 1:  23%|██▎       | 28/120 [06:22<20:57,  0.07it/s, v_num=6, train_loss_step=0.649, val_loss=0.958, val_mean_auc=0.615, val_mean_ap=0.313, val_accuracy=0.556, val_f1=0.417, train_loss_epoch=1.050]
Epoch 1:  23%|██▎       | 28/120 [06:23<20:58,  0.07it/s, v_num=6, train_loss_step=1.340, val_loss=0.958, val_mean_auc=0.615, val_mean_ap=0.313, val_accuracy=0.556, val_f1=0.417, train_loss_epoch=1.050]
Epoch 1:  24%|██▍       | 29/120 [06:34<20:37,  0.07it/s, v_num=6, train_loss_step=1.340, val_loss=0.958, val_mean_auc=0.615, val_mean_ap=0.313, val_accuracy=0.556, val_f1=0.417, train_loss_epoch=1.050]
Epoch 1:  24%|██▍       | 29/120 [06:34<20:39,  0.07it/s, v_num=6, train_loss_step=1.130, val_loss=0.958, val_mean_auc=0.615, val_mean_ap=0.313, val_accuracy=0.556, val_f1=0.417, train_loss_epoch=1.050]
Epoch 1:  25%|██▌       | 30/120 [06:46<20:20,  0.07it/s, v_num=6, train_loss_step=1.130, val_loss=0.958, val_mean_auc=0.615, val_mean_ap=0.313, val_accuracy=0.556, val_f1=0.417, train_loss_epoch=1.050]
Epoch 1:  25%|██▌       | 30/120 [06:47<20:21,  0.07it/s, v_num=6, train_loss_step=1.460, val_loss=0.958, val_mean_auc=0.615, val_mean_ap=0.313, val_accuracy=0.556, val_f1=0.417, train_loss_epoch=1.050]
Epoch 1:  26%|██▌       | 31/120 [07:00<20:06,  0.07it/s, v_num=6, train_loss_step=1.460, val_loss=0.958, val_mean_auc=0.615, val_mean_ap=0.313, val_accuracy=0.556, val_f1=0.417, train_loss_epoch=1.050]
Epoch 1:  26%|██▌       | 31/120 [07:00<20:08,  0.07it/s, v_num=6, train_loss_step=0.909, val_loss=0.958, val_mean_auc=0.615, val_mean_ap=0.313, val_accuracy=0.556, val_f1=0.417, train_loss_epoch=1.050]
Epoch 1:  27%|██▋       | 32/120 [07:14<19:54,  0.07it/s, v_num=6, train_loss_step=0.909, val_loss=0.958, val_mean_auc=0.615, val_mean_ap=0.313, val_accuracy=0.556, val_f1=0.417, train_loss_epoch=1.050]
Epoch 1:  27%|██▋       | 32/120 [07:14<19:55,  0.07it/s, v_num=6, train_loss_step=0.993, val_loss=0.958, val_mean_auc=0.615, val_mean_ap=0.313, val_accuracy=0.556, val_f1=0.417, train_loss_epoch=1.050]
Epoch 1:  28%|██▊       | 33/120 [07:22<19:27,  0.07it/s, v_num=6, train_loss_step=0.993, val_loss=0.958, val_mean_auc=0.615, val_mean_ap=0.313, val_accuracy=0.556, val_f1=0.417, train_loss_epoch=1.050]
Epoch 1:  28%|██▊       | 33/120 [07:23<19:28,  0.07it/s, v_num=6, train_loss_step=0.848, val_loss=0.958, val_mean_auc=0.615, val_mean_ap=0.313, val_accuracy=0.556, val_f1=0.417, train_loss_epoch=1.050]
Epoch 1:  28%|██▊       | 34/120 [07:37<19:16,  0.07it/s, v_num=6, train_loss_step=0.848, val_loss=0.958, val_mean_auc=0.615, val_mean_ap=0.313, val_accuracy=0.556, val_f1=0.417, train_loss_epoch=1.050]
Epoch 1:  28%|██▊       | 34/120 [07:37<19:17,  0.07it/s, v_num=6, train_loss_step=1.190, val_loss=0.958, val_mean_auc=0.615, val_mean_ap=0.313, val_accuracy=0.556, val_f1=0.417, train_loss_epoch=1.050]
Epoch 1:  29%|██▉       | 35/120 [07:52<19:06,  0.07it/s, v_num=6, train_loss_step=1.190, val_loss=0.958, val_mean_auc=0.615, val_mean_ap=0.313, val_accuracy=0.556, val_f1=0.417, train_loss_epoch=1.050]
Epoch 1:  29%|██▉       | 35/120 [07:52<19:08,  0.07it/s, v_num=6, train_loss_step=0.914, val_loss=0.958, val_mean_auc=0.615, val_mean_ap=0.313, val_accuracy=0.556, val_f1=0.417, train_loss_epoch=1.050]
Epoch 1:  30%|███       | 36/120 [08:02<18:45,  0.07it/s, v_num=6, train_loss_step=0.914, val_loss=0.958, val_mean_auc=0.615, val_mean_ap=0.313, val_accuracy=0.556, val_f1=0.417, train_loss_epoch=1.050]
Epoch 1:  30%|███       | 36/120 [08:02<18:46,  0.07it/s, v_num=6, train_loss_step=1.300, val_loss=0.958, val_mean_auc=0.615, val_mean_ap=0.313, val_accuracy=0.556, val_f1=0.417, train_loss_epoch=1.050]
Epoch 1:  31%|███       | 37/120 [08:19<18:39,  0.07it/s, v_num=6, train_loss_step=1.300, val_loss=0.958, val_mean_auc=0.615, val_mean_ap=0.313, val_accuracy=0.556, val_f1=0.417, train_loss_epoch=1.050]
Epoch 1:  31%|███       | 37/120 [08:19<18:40,  0.07it/s, v_num=6, train_loss_step=1.090, val_loss=0.958, val_mean_auc=0.615, val_mean_ap=0.313, val_accuracy=0.556, val_f1=0.417, train_loss_epoch=1.050]
Epoch 1:  32%|███▏      | 38/120 [08:26<18:13,  0.07it/s, v_num=6, train_loss_step=1.090, val_loss=0.958, val_mean_auc=0.615, val_mean_ap=0.313, val_accuracy=0.556, val_f1=0.417, train_loss_epoch=1.050]
Epoch 1:  32%|███▏      | 38/120 [08:27<18:14,  0.07it/s, v_num=6, train_loss_step=0.999, val_loss=0.958, val_mean_auc=0.615, val_mean_ap=0.313, val_accuracy=0.556, val_f1=0.417, train_loss_epoch=1.050]
Epoch 1:  32%|███▎      | 39/120 [08:38<17:56,  0.08it/s, v_num=6, train_loss_step=0.999, val_loss=0.958, val_mean_auc=0.615, val_mean_ap=0.313, val_accuracy=0.556, val_f1=0.417, train_loss_epoch=1.050]
Epoch 1:  32%|███▎      | 39/120 [08:38<17:57,  0.08it/s, v_num=6, train_loss_step=0.915, val_loss=0.958, val_mean_auc=0.615, val_mean_ap=0.313, val_accuracy=0.556, val_f1=0.417, train_loss_epoch=1.050]
Epoch 1:  33%|███▎      | 40/120 [08:51<17:43,  0.08it/s, v_num=6, train_loss_step=0.915, val_loss=0.958, val_mean_auc=0.615, val_mean_ap=0.313, val_accuracy=0.556, val_f1=0.417, train_loss_epoch=1.050]
Epoch 1:  33%|███▎      | 40/120 [08:52<17:44,  0.08it/s, v_num=6, train_loss_step=0.549, val_loss=0.958, val_mean_auc=0.615, val_mean_ap=0.313, val_accuracy=0.556, val_f1=0.417, train_loss_epoch=1.050]
Epoch 1:  34%|███▍      | 41/120 [09:00<17:20,  0.08it/s, v_num=6, train_loss_step=0.549, val_loss=0.958, val_mean_auc=0.615, val_mean_ap=0.313, val_accuracy=0.556, val_f1=0.417, train_loss_epoch=1.050]
Epoch 1:  34%|███▍      | 41/120 [09:00<17:21,  0.08it/s, v_num=6, train_loss_step=0.823, val_loss=0.958, val_mean_auc=0.615, val_mean_ap=0.313, val_accuracy=0.556, val_f1=0.417, train_loss_epoch=1.050]
Epoch 1:  35%|███▌      | 42/120 [09:18<17:17,  0.08it/s, v_num=6, train_loss_step=0.823, val_loss=0.958, val_mean_auc=0.615, val_mean_ap=0.313, val_accuracy=0.556, val_f1=0.417, train_loss_epoch=1.050]
Epoch 1:  35%|███▌      | 42/120 [09:18<17:17,  0.08it/s, v_num=6, train_loss_step=0.679, val_loss=0.958, val_mean_auc=0.615, val_mean_ap=0.313, val_accuracy=0.556, val_f1=0.417, train_loss_epoch=1.050]
Epoch 1:  36%|███▌      | 43/120 [09:25<16:52,  0.08it/s, v_num=6, train_loss_step=0.679, val_loss=0.958, val_mean_auc=0.615, val_mean_ap=0.313, val_accuracy=0.556, val_f1=0.417, train_loss_epoch=1.050]
Epoch 1:  36%|███▌      | 43/120 [09:26<16:53,  0.08it/s, v_num=6, train_loss_step=0.663, val_loss=0.958, val_mean_auc=0.615, val_mean_ap=0.313, val_accuracy=0.556, val_f1=0.417, train_loss_epoch=1.050]
Epoch 1:  37%|███▋      | 44/120 [09:45<16:50,  0.08it/s, v_num=6, train_loss_step=0.663, val_loss=0.958, val_mean_auc=0.615, val_mean_ap=0.313, val_accuracy=0.556, val_f1=0.417, train_loss_epoch=1.050]
Epoch 1:  37%|███▋      | 44/120 [09:45<16:51,  0.08it/s, v_num=6, train_loss_step=0.957, val_loss=0.958, val_mean_auc=0.615, val_mean_ap=0.313, val_accuracy=0.556, val_f1=0.417, train_loss_epoch=1.050]
Epoch 1:  38%|███▊      | 45/120 [09:58<16:37,  0.08it/s, v_num=6, train_loss_step=0.957, val_loss=0.958, val_mean_auc=0.615, val_mean_ap=0.313, val_accuracy=0.556, val_f1=0.417, train_loss_epoch=1.050]
Epoch 1:  38%|███▊      | 45/120 [09:58<16:38,  0.08it/s, v_num=6, train_loss_step=1.160, val_loss=0.958, val_mean_auc=0.615, val_mean_ap=0.313, val_accuracy=0.556, val_f1=0.417, train_loss_epoch=1.050]
Epoch 1:  38%|███▊      | 46/120 [10:15<16:30,  0.07it/s, v_num=6, train_loss_step=1.160, val_loss=0.958, val_mean_auc=0.615, val_mean_ap=0.313, val_accuracy=0.556, val_f1=0.417, train_loss_epoch=1.050]
Epoch 1:  38%|███▊      | 46/120 [10:16<16:31,  0.07it/s, v_num=6, train_loss_step=1.130, val_loss=0.958, val_mean_auc=0.615, val_mean_ap=0.313, val_accuracy=0.556, val_f1=0.417, train_loss_epoch=1.050]
Epoch 1:  39%|███▉      | 47/120 [10:25<16:12,  0.08it/s, v_num=6, train_loss_step=1.130, val_loss=0.958, val_mean_auc=0.615, val_mean_ap=0.313, val_accuracy=0.556, val_f1=0.417, train_loss_epoch=1.050]
Epoch 1:  39%|███▉      | 47/120 [10:26<16:12,  0.08it/s, v_num=6, train_loss_step=1.360, val_loss=0.958, val_mean_auc=0.615, val_mean_ap=0.313, val_accuracy=0.556, val_f1=0.417, train_loss_epoch=1.050]
Epoch 1:  40%|████      | 48/120 [10:36<15:54,  0.08it/s, v_num=6, train_loss_step=1.360, val_loss=0.958, val_mean_auc=0.615, val_mean_ap=0.313, val_accuracy=0.556, val_f1=0.417, train_loss_epoch=1.050]
Epoch 1:  40%|████      | 48/120 [10:36<15:55,  0.08it/s, v_num=6, train_loss_step=0.685, val_loss=0.958, val_mean_auc=0.615, val_mean_ap=0.313, val_accuracy=0.556, val_f1=0.417, train_loss_epoch=1.050]
Epoch 1:  41%|████      | 49/120 [10:53<15:47,  0.07it/s, v_num=6, train_loss_step=0.685, val_loss=0.958, val_mean_auc=0.615, val_mean_ap=0.313, val_accuracy=0.556, val_f1=0.417, train_loss_epoch=1.050]
Epoch 1:  41%|████      | 49/120 [10:54<15:47,  0.07it/s, v_num=6, train_loss_step=0.749, val_loss=0.958, val_mean_auc=0.615, val_mean_ap=0.313, val_accuracy=0.556, val_f1=0.417, train_loss_epoch=1.050]
Epoch 1:  42%|████▏     | 50/120 [10:58<15:22,  0.08it/s, v_num=6, train_loss_step=0.749, val_loss=0.958, val_mean_auc=0.615, val_mean_ap=0.313, val_accuracy=0.556, val_f1=0.417, train_loss_epoch=1.050]
Epoch 1:  42%|████▏     | 50/120 [10:59<15:23,  0.08it/s, v_num=6, train_loss_step=0.736, val_loss=0.958, val_mean_auc=0.615, val_mean_ap=0.313, val_accuracy=0.556, val_f1=0.417, train_loss_epoch=1.050]
Epoch 1:  42%|████▎     | 51/120 [11:17<15:16,  0.08it/s, v_num=6, train_loss_step=0.736, val_loss=0.958, val_mean_auc=0.615, val_mean_ap=0.313, val_accuracy=0.556, val_f1=0.417, train_loss_epoch=1.050]
Epoch 1:  42%|████▎     | 51/120 [11:17<15:17,  0.08it/s, v_num=6, train_loss_step=1.020, val_loss=0.958, val_mean_auc=0.615, val_mean_ap=0.313, val_accuracy=0.556, val_f1=0.417, train_loss_epoch=1.050]
Epoch 1:  43%|████▎     | 52/120 [11:23<14:54,  0.08it/s, v_num=6, train_loss_step=1.020, val_loss=0.958, val_mean_auc=0.615, val_mean_ap=0.313, val_accuracy=0.556, val_f1=0.417, train_loss_epoch=1.050]
Epoch 1:  43%|████▎     | 52/120 [11:24<14:54,  0.08it/s, v_num=6, train_loss_step=1.210, val_loss=0.958, val_mean_auc=0.615, val_mean_ap=0.313, val_accuracy=0.556, val_f1=0.417, train_loss_epoch=1.050]
Epoch 1:  44%|████▍     | 53/120 [11:38<14:43,  0.08it/s, v_num=6, train_loss_step=1.210, val_loss=0.958, val_mean_auc=0.615, val_mean_ap=0.313, val_accuracy=0.556, val_f1=0.417, train_loss_epoch=1.050]
Epoch 1:  44%|████▍     | 53/120 [11:39<14:43,  0.08it/s, v_num=6, train_loss_step=1.180, val_loss=0.958, val_mean_auc=0.615, val_mean_ap=0.313, val_accuracy=0.556, val_f1=0.417, train_loss_epoch=1.050]
Epoch 1:  45%|████▌     | 54/120 [11:52<14:30,  0.08it/s, v_num=6, train_loss_step=1.180, val_loss=0.958, val_mean_auc=0.615, val_mean_ap=0.313, val_accuracy=0.556, val_f1=0.417, train_loss_epoch=1.050]
Epoch 1:  45%|████▌     | 54/120 [11:53<14:31,  0.08it/s, v_num=6, train_loss_step=1.820, val_loss=0.958, val_mean_auc=0.615, val_mean_ap=0.313, val_accuracy=0.556, val_f1=0.417, train_loss_epoch=1.050]
Epoch 1:  46%|████▌     | 55/120 [12:00<14:10,  0.08it/s, v_num=6, train_loss_step=1.820, val_loss=0.958, val_mean_auc=0.615, val_mean_ap=0.313, val_accuracy=0.556, val_f1=0.417, train_loss_epoch=1.050]
Epoch 1:  46%|████▌     | 55/120 [12:00<14:11,  0.08it/s, v_num=6, train_loss_step=1.320, val_loss=0.958, val_mean_auc=0.615, val_mean_ap=0.313, val_accuracy=0.556, val_f1=0.417, train_loss_epoch=1.050]
Epoch 1:  47%|████▋     | 56/120 [12:20<14:06,  0.08it/s, v_num=6, train_loss_step=1.320, val_loss=0.958, val_mean_auc=0.615, val_mean_ap=0.313, val_accuracy=0.556, val_f1=0.417, train_loss_epoch=1.050]
Epoch 1:  47%|████▋     | 56/120 [12:20<14:06,  0.08it/s, v_num=6, train_loss_step=1.350, val_loss=0.958, val_mean_auc=0.615, val_mean_ap=0.313, val_accuracy=0.556, val_f1=0.417, train_loss_epoch=1.050]
Epoch 1:  48%|████▊     | 57/120 [12:25<13:44,  0.08it/s, v_num=6, train_loss_step=1.350, val_loss=0.958, val_mean_auc=0.615, val_mean_ap=0.313, val_accuracy=0.556, val_f1=0.417, train_loss_epoch=1.050]
Epoch 1:  48%|████▊     | 57/120 [12:26<13:44,  0.08it/s, v_num=6, train_loss_step=1.650, val_loss=0.958, val_mean_auc=0.615, val_mean_ap=0.313, val_accuracy=0.556, val_f1=0.417, train_loss_epoch=1.050]
Epoch 1:  48%|████▊     | 58/120 [12:41<13:34,  0.08it/s, v_num=6, train_loss_step=1.650, val_loss=0.958, val_mean_auc=0.615, val_mean_ap=0.313, val_accuracy=0.556, val_f1=0.417, train_loss_epoch=1.050]
Epoch 1:  48%|████▊     | 58/120 [12:42<13:34,  0.08it/s, v_num=6, train_loss_step=0.750, val_loss=0.958, val_mean_auc=0.615, val_mean_ap=0.313, val_accuracy=0.556, val_f1=0.417, train_loss_epoch=1.050]
Epoch 1:  49%|████▉     | 59/120 [12:51<13:18,  0.08it/s, v_num=6, train_loss_step=0.750, val_loss=0.958, val_mean_auc=0.615, val_mean_ap=0.313, val_accuracy=0.556, val_f1=0.417, train_loss_epoch=1.050]
Epoch 1:  49%|████▉     | 59/120 [12:52<13:18,  0.08it/s, v_num=6, train_loss_step=1.230, val_loss=0.958, val_mean_auc=0.615, val_mean_ap=0.313, val_accuracy=0.556, val_f1=0.417, train_loss_epoch=1.050]
Epoch 1:  50%|█████     | 60/120 [13:04<13:04,  0.08it/s, v_num=6, train_loss_step=1.230, val_loss=0.958, val_mean_auc=0.615, val_mean_ap=0.313, val_accuracy=0.556, val_f1=0.417, train_loss_epoch=1.050]
Epoch 1:  50%|█████     | 60/120 [13:05<13:05,  0.08it/s, v_num=6, train_loss_step=0.783, val_loss=0.958, val_mean_auc=0.615, val_mean_ap=0.313, val_accuracy=0.556, val_f1=0.417, train_loss_epoch=1.050]
Epoch 1:  51%|█████     | 61/120 [13:13<12:47,  0.08it/s, v_num=6, train_loss_step=0.783, val_loss=0.958, val_mean_auc=0.615, val_mean_ap=0.313, val_accuracy=0.556, val_f1=0.417, train_loss_epoch=1.050]
Epoch 1:  51%|█████     | 61/120 [13:13<12:47,  0.08it/s, v_num=6, train_loss_step=1.280, val_loss=0.958, val_mean_auc=0.615, val_mean_ap=0.313, val_accuracy=0.556, val_f1=0.417, train_loss_epoch=1.050]
Epoch 1:  52%|█████▏    | 62/120 [13:35<12:42,  0.08it/s, v_num=6, train_loss_step=1.280, val_loss=0.958, val_mean_auc=0.615, val_mean_ap=0.313, val_accuracy=0.556, val_f1=0.417, train_loss_epoch=1.050]
Epoch 1:  52%|█████▏    | 62/120 [13:35<12:42,  0.08it/s, v_num=6, train_loss_step=0.786, val_loss=0.958, val_mean_auc=0.615, val_mean_ap=0.313, val_accuracy=0.556, val_f1=0.417, train_loss_epoch=1.050]
Epoch 1:  52%|█████▎    | 63/120 [13:37<12:19,  0.08it/s, v_num=6, train_loss_step=0.786, val_loss=0.958, val_mean_auc=0.615, val_mean_ap=0.313, val_accuracy=0.556, val_f1=0.417, train_loss_epoch=1.050]
Epoch 1:  52%|█████▎    | 63/120 [13:37<12:19,  0.08it/s, v_num=6, train_loss_step=1.170, val_loss=0.958, val_mean_auc=0.615, val_mean_ap=0.313, val_accuracy=0.556, val_f1=0.417, train_loss_epoch=1.050]
Epoch 1:  53%|█████▎    | 64/120 [14:05<12:19,  0.08it/s, v_num=6, train_loss_step=1.170, val_loss=0.958, val_mean_auc=0.615, val_mean_ap=0.313, val_accuracy=0.556, val_f1=0.417, train_loss_epoch=1.050]
Epoch 1:  53%|█████▎    | 64/120 [14:05<12:19,  0.08it/s, v_num=6, train_loss_step=0.910, val_loss=0.958, val_mean_auc=0.615, val_mean_ap=0.313, val_accuracy=0.556, val_f1=0.417, train_loss_epoch=1.050]
Epoch 1:  54%|█████▍    | 65/120 [14:05<11:55,  0.08it/s, v_num=6, train_loss_step=0.910, val_loss=0.958, val_mean_auc=0.615, val_mean_ap=0.313, val_accuracy=0.556, val_f1=0.417, train_loss_epoch=1.050]
Epoch 1:  54%|█████▍    | 65/120 [14:05<11:55,  0.08it/s, v_num=6, train_loss_step=0.996, val_loss=0.958, val_mean_auc=0.615, val_mean_ap=0.313, val_accuracy=0.556, val_f1=0.417, train_loss_epoch=1.050]
Epoch 1:  55%|█████▌    | 66/120 [14:29<11:51,  0.08it/s, v_num=6, train_loss_step=0.996, val_loss=0.958, val_mean_auc=0.615, val_mean_ap=0.313, val_accuracy=0.556, val_f1=0.417, train_loss_epoch=1.050]
Epoch 1:  55%|█████▌    | 66/120 [14:29<11:51,  0.08it/s, v_num=6, train_loss_step=1.030, val_loss=0.958, val_mean_auc=0.615, val_mean_ap=0.313, val_accuracy=0.556, val_f1=0.417, train_loss_epoch=1.050]
Epoch 1:  56%|█████▌    | 67/120 [14:29<11:28,  0.08it/s, v_num=6, train_loss_step=1.030, val_loss=0.958, val_mean_auc=0.615, val_mean_ap=0.313, val_accuracy=0.556, val_f1=0.417, train_loss_epoch=1.050]
Epoch 1:  56%|█████▌    | 67/120 [14:30<11:28,  0.08it/s, v_num=6, train_loss_step=1.040, val_loss=0.958, val_mean_auc=0.615, val_mean_ap=0.313, val_accuracy=0.556, val_f1=0.417, train_loss_epoch=1.050]
Epoch 1:  57%|█████▋    | 68/120 [14:47<11:18,  0.08it/s, v_num=6, train_loss_step=1.040, val_loss=0.958, val_mean_auc=0.615, val_mean_ap=0.313, val_accuracy=0.556, val_f1=0.417, train_loss_epoch=1.050]
Epoch 1:  57%|█████▋    | 68/120 [14:47<11:18,  0.08it/s, v_num=6, train_loss_step=0.969, val_loss=0.958, val_mean_auc=0.615, val_mean_ap=0.313, val_accuracy=0.556, val_f1=0.417, train_loss_epoch=1.050]
Epoch 1:  57%|█████▊    | 69/120 [14:47<10:56,  0.08it/s, v_num=6, train_loss_step=0.969, val_loss=0.958, val_mean_auc=0.615, val_mean_ap=0.313, val_accuracy=0.556, val_f1=0.417, train_loss_epoch=1.050]
Epoch 1:  57%|█████▊    | 69/120 [14:48<10:56,  0.08it/s, v_num=6, train_loss_step=1.070, val_loss=0.958, val_mean_auc=0.615, val_mean_ap=0.313, val_accuracy=0.556, val_f1=0.417, train_loss_epoch=1.050]
Epoch 1:  58%|█████▊    | 70/120 [15:18<10:56,  0.08it/s, v_num=6, train_loss_step=1.070, val_loss=0.958, val_mean_auc=0.615, val_mean_ap=0.313, val_accuracy=0.556, val_f1=0.417, train_loss_epoch=1.050]
Epoch 1:  58%|█████▊    | 70/120 [15:19<10:56,  0.08it/s, v_num=6, train_loss_step=0.872, val_loss=0.958, val_mean_auc=0.615, val_mean_ap=0.313, val_accuracy=0.556, val_f1=0.417, train_loss_epoch=1.050]
Epoch 1:  59%|█████▉    | 71/120 [15:19<10:34,  0.08it/s, v_num=6, train_loss_step=0.872, val_loss=0.958, val_mean_auc=0.615, val_mean_ap=0.313, val_accuracy=0.556, val_f1=0.417, train_loss_epoch=1.050]
Epoch 1:  59%|█████▉    | 71/120 [15:19<10:34,  0.08it/s, v_num=6, train_loss_step=1.100, val_loss=0.958, val_mean_auc=0.615, val_mean_ap=0.313, val_accuracy=0.556, val_f1=0.417, train_loss_epoch=1.050]
Epoch 1:  60%|██████    | 72/120 [15:42<10:28,  0.08it/s, v_num=6, train_loss_step=1.100, val_loss=0.958, val_mean_auc=0.615, val_mean_ap=0.313, val_accuracy=0.556, val_f1=0.417, train_loss_epoch=1.050]
Epoch 1:  60%|██████    | 72/120 [15:43<10:28,  0.08it/s, v_num=6, train_loss_step=1.020, val_loss=0.958, val_mean_auc=0.615, val_mean_ap=0.313, val_accuracy=0.556, val_f1=0.417, train_loss_epoch=1.050]
Epoch 1:  61%|██████    | 73/120 [15:43<10:07,  0.08it/s, v_num=6, train_loss_step=1.020, val_loss=0.958, val_mean_auc=0.615, val_mean_ap=0.313, val_accuracy=0.556, val_f1=0.417, train_loss_epoch=1.050]
Epoch 1:  61%|██████    | 73/120 [15:43<10:07,  0.08it/s, v_num=6, train_loss_step=0.749, val_loss=0.958, val_mean_auc=0.615, val_mean_ap=0.313, val_accuracy=0.556, val_f1=0.417, train_loss_epoch=1.050]
Epoch 1:  62%|██████▏   | 74/120 [16:04<09:59,  0.08it/s, v_num=6, train_loss_step=0.749, val_loss=0.958, val_mean_auc=0.615, val_mean_ap=0.313, val_accuracy=0.556, val_f1=0.417, train_loss_epoch=1.050]
Epoch 1:  62%|██████▏   | 74/120 [16:04<09:59,  0.08it/s, v_num=6, train_loss_step=0.886, val_loss=0.958, val_mean_auc=0.615, val_mean_ap=0.313, val_accuracy=0.556, val_f1=0.417, train_loss_epoch=1.050]
Epoch 1:  62%|██████▎   | 75/120 [16:04<09:38,  0.08it/s, v_num=6, train_loss_step=0.886, val_loss=0.958, val_mean_auc=0.615, val_mean_ap=0.313, val_accuracy=0.556, val_f1=0.417, train_loss_epoch=1.050]
Epoch 1:  62%|██████▎   | 75/120 [16:05<09:39,  0.08it/s, v_num=6, train_loss_step=0.884, val_loss=0.958, val_mean_auc=0.615, val_mean_ap=0.313, val_accuracy=0.556, val_f1=0.417, train_loss_epoch=1.050]
Epoch 1:  63%|██████▎   | 76/120 [16:33<09:35,  0.08it/s, v_num=6, train_loss_step=0.884, val_loss=0.958, val_mean_auc=0.615, val_mean_ap=0.313, val_accuracy=0.556, val_f1=0.417, train_loss_epoch=1.050]
Epoch 1:  63%|██████▎   | 76/120 [16:33<09:35,  0.08it/s, v_num=6, train_loss_step=1.530, val_loss=0.958, val_mean_auc=0.615, val_mean_ap=0.313, val_accuracy=0.556, val_f1=0.417, train_loss_epoch=1.050]
Epoch 1:  64%|██████▍   | 77/120 [16:33<09:15,  0.08it/s, v_num=6, train_loss_step=1.530, val_loss=0.958, val_mean_auc=0.615, val_mean_ap=0.313, val_accuracy=0.556, val_f1=0.417, train_loss_epoch=1.050]
Epoch 1:  64%|██████▍   | 77/120 [16:34<09:15,  0.08it/s, v_num=6, train_loss_step=0.845, val_loss=0.958, val_mean_auc=0.615, val_mean_ap=0.313, val_accuracy=0.556, val_f1=0.417, train_loss_epoch=1.050]
Epoch 1:  65%|██████▌   | 78/120 [16:57<09:07,  0.08it/s, v_num=6, train_loss_step=0.845, val_loss=0.958, val_mean_auc=0.615, val_mean_ap=0.313, val_accuracy=0.556, val_f1=0.417, train_loss_epoch=1.050]
Epoch 1:  65%|██████▌   | 78/120 [16:58<09:08,  0.08it/s, v_num=6, train_loss_step=0.643, val_loss=0.958, val_mean_auc=0.615, val_mean_ap=0.313, val_accuracy=0.556, val_f1=0.417, train_loss_epoch=1.050]
Epoch 1:  66%|██████▌   | 79/120 [16:58<08:48,  0.08it/s, v_num=6, train_loss_step=0.643, val_loss=0.958, val_mean_auc=0.615, val_mean_ap=0.313, val_accuracy=0.556, val_f1=0.417, train_loss_epoch=1.050]
Epoch 1:  66%|██████▌   | 79/120 [16:58<08:48,  0.08it/s, v_num=6, train_loss_step=0.742, val_loss=0.958, val_mean_auc=0.615, val_mean_ap=0.313, val_accuracy=0.556, val_f1=0.417, train_loss_epoch=1.050]
Epoch 1:  67%|██████▋   | 80/120 [17:24<08:42,  0.08it/s, v_num=6, train_loss_step=0.742, val_loss=0.958, val_mean_auc=0.615, val_mean_ap=0.313, val_accuracy=0.556, val_f1=0.417, train_loss_epoch=1.050]
Epoch 1:  67%|██████▋   | 80/120 [17:25<08:42,  0.08it/s, v_num=6, train_loss_step=1.060, val_loss=0.958, val_mean_auc=0.615, val_mean_ap=0.313, val_accuracy=0.556, val_f1=0.417, train_loss_epoch=1.050]
Epoch 1:  68%|██████▊   | 81/120 [17:25<08:23,  0.08it/s, v_num=6, train_loss_step=1.060, val_loss=0.958, val_mean_auc=0.615, val_mean_ap=0.313, val_accuracy=0.556, val_f1=0.417, train_loss_epoch=1.050]
Epoch 1:  68%|██████▊   | 81/120 [17:25<08:23,  0.08it/s, v_num=6, train_loss_step=1.060, val_loss=0.958, val_mean_auc=0.615, val_mean_ap=0.313, val_accuracy=0.556, val_f1=0.417, train_loss_epoch=1.050]
Epoch 1:  68%|██████▊   | 82/120 [17:49<08:15,  0.08it/s, v_num=6, train_loss_step=1.060, val_loss=0.958, val_mean_auc=0.615, val_mean_ap=0.313, val_accuracy=0.556, val_f1=0.417, train_loss_epoch=1.050]
Epoch 1:  68%|██████▊   | 82/120 [17:49<08:15,  0.08it/s, v_num=6, train_loss_step=0.708, val_loss=0.958, val_mean_auc=0.615, val_mean_ap=0.313, val_accuracy=0.556, val_f1=0.417, train_loss_epoch=1.050]
Epoch 1:  69%|██████▉   | 83/120 [17:49<07:56,  0.08it/s, v_num=6, train_loss_step=0.708, val_loss=0.958, val_mean_auc=0.615, val_mean_ap=0.313, val_accuracy=0.556, val_f1=0.417, train_loss_epoch=1.050]
Epoch 1:  69%|██████▉   | 83/120 [17:50<07:57,  0.08it/s, v_num=6, train_loss_step=0.835, val_loss=0.958, val_mean_auc=0.615, val_mean_ap=0.313, val_accuracy=0.556, val_f1=0.417, train_loss_epoch=1.050]
Epoch 1:  70%|███████   | 84/120 [18:23<07:53,  0.08it/s, v_num=6, train_loss_step=0.835, val_loss=0.958, val_mean_auc=0.615, val_mean_ap=0.313, val_accuracy=0.556, val_f1=0.417, train_loss_epoch=1.050]
Epoch 1:  70%|███████   | 84/120 [18:24<07:53,  0.08it/s, v_num=6, train_loss_step=0.550, val_loss=0.958, val_mean_auc=0.615, val_mean_ap=0.313, val_accuracy=0.556, val_f1=0.417, train_loss_epoch=1.050]
Epoch 1:  71%|███████   | 85/120 [18:24<07:34,  0.08it/s, v_num=6, train_loss_step=0.550, val_loss=0.958, val_mean_auc=0.615, val_mean_ap=0.313, val_accuracy=0.556, val_f1=0.417, train_loss_epoch=1.050]
Epoch 1:  71%|███████   | 85/120 [18:24<07:34,  0.08it/s, v_num=6, train_loss_step=0.945, val_loss=0.958, val_mean_auc=0.615, val_mean_ap=0.313, val_accuracy=0.556, val_f1=0.417, train_loss_epoch=1.050]
Epoch 1:  72%|███████▏  | 86/120 [18:50<07:27,  0.08it/s, v_num=6, train_loss_step=0.945, val_loss=0.958, val_mean_auc=0.615, val_mean_ap=0.313, val_accuracy=0.556, val_f1=0.417, train_loss_epoch=1.050]
Epoch 1:  72%|███████▏  | 86/120 [18:51<07:27,  0.08it/s, v_num=6, train_loss_step=1.520, val_loss=0.958, val_mean_auc=0.615, val_mean_ap=0.313, val_accuracy=0.556, val_f1=0.417, train_loss_epoch=1.050]
Epoch 1:  72%|███████▎  | 87/120 [18:51<07:09,  0.08it/s, v_num=6, train_loss_step=1.520, val_loss=0.958, val_mean_auc=0.615, val_mean_ap=0.313, val_accuracy=0.556, val_f1=0.417, train_loss_epoch=1.050]
Epoch 1:  72%|███████▎  | 87/120 [18:51<07:09,  0.08it/s, v_num=6, train_loss_step=1.070, val_loss=0.958, val_mean_auc=0.615, val_mean_ap=0.313, val_accuracy=0.556, val_f1=0.417, train_loss_epoch=1.050]
Epoch 1:  73%|███████▎  | 88/120 [19:12<06:59,  0.08it/s, v_num=6, train_loss_step=1.070, val_loss=0.958, val_mean_auc=0.615, val_mean_ap=0.313, val_accuracy=0.556, val_f1=0.417, train_loss_epoch=1.050]
Epoch 1:  73%|███████▎  | 88/120 [19:12<06:59,  0.08it/s, v_num=6, train_loss_step=1.520, val_loss=0.958, val_mean_auc=0.615, val_mean_ap=0.313, val_accuracy=0.556, val_f1=0.417, train_loss_epoch=1.050]
Epoch 1:  74%|███████▍  | 89/120 [19:13<06:41,  0.08it/s, v_num=6, train_loss_step=1.520, val_loss=0.958, val_mean_auc=0.615, val_mean_ap=0.313, val_accuracy=0.556, val_f1=0.417, train_loss_epoch=1.050]
Epoch 1:  74%|███████▍  | 89/120 [19:13<06:41,  0.08it/s, v_num=6, train_loss_step=1.260, val_loss=0.958, val_mean_auc=0.615, val_mean_ap=0.313, val_accuracy=0.556, val_f1=0.417, train_loss_epoch=1.050]
Epoch 1:  75%|███████▌  | 90/120 [19:34<06:31,  0.08it/s, v_num=6, train_loss_step=1.260, val_loss=0.958, val_mean_auc=0.615, val_mean_ap=0.313, val_accuracy=0.556, val_f1=0.417, train_loss_epoch=1.050]
Epoch 1:  75%|███████▌  | 90/120 [19:34<06:31,  0.08it/s, v_num=6, train_loss_step=0.911, val_loss=0.958, val_mean_auc=0.615, val_mean_ap=0.313, val_accuracy=0.556, val_f1=0.417, train_loss_epoch=1.050]
Epoch 1:  76%|███████▌  | 91/120 [19:40<06:16,  0.08it/s, v_num=6, train_loss_step=0.911, val_loss=0.958, val_mean_auc=0.615, val_mean_ap=0.313, val_accuracy=0.556, val_f1=0.417, train_loss_epoch=1.050]
Epoch 1:  76%|███████▌  | 91/120 [19:41<06:16,  0.08it/s, v_num=6, train_loss_step=1.030, val_loss=0.958, val_mean_auc=0.615, val_mean_ap=0.313, val_accuracy=0.556, val_f1=0.417, train_loss_epoch=1.050]
Epoch 1:  77%|███████▋  | 92/120 [19:57<06:04,  0.08it/s, v_num=6, train_loss_step=1.030, val_loss=0.958, val_mean_auc=0.615, val_mean_ap=0.313, val_accuracy=0.556, val_f1=0.417, train_loss_epoch=1.050]
Epoch 1:  77%|███████▋  | 92/120 [19:58<06:04,  0.08it/s, v_num=6, train_loss_step=0.847, val_loss=0.958, val_mean_auc=0.615, val_mean_ap=0.313, val_accuracy=0.556, val_f1=0.417, train_loss_epoch=1.050]
Epoch 1:  78%|███████▊  | 93/120 [20:07<05:50,  0.08it/s, v_num=6, train_loss_step=0.847, val_loss=0.958, val_mean_auc=0.615, val_mean_ap=0.313, val_accuracy=0.556, val_f1=0.417, train_loss_epoch=1.050]
Epoch 1:  78%|███████▊  | 93/120 [20:07<05:50,  0.08it/s, v_num=6, train_loss_step=1.320, val_loss=0.958, val_mean_auc=0.615, val_mean_ap=0.313, val_accuracy=0.556, val_f1=0.417, train_loss_epoch=1.050]
Epoch 1:  78%|███████▊  | 94/120 [20:27<05:39,  0.08it/s, v_num=6, train_loss_step=1.320, val_loss=0.958, val_mean_auc=0.615, val_mean_ap=0.313, val_accuracy=0.556, val_f1=0.417, train_loss_epoch=1.050]
Epoch 1:  78%|███████▊  | 94/120 [20:27<05:39,  0.08it/s, v_num=6, train_loss_step=1.190, val_loss=0.958, val_mean_auc=0.615, val_mean_ap=0.313, val_accuracy=0.556, val_f1=0.417, train_loss_epoch=1.050]
Epoch 1:  79%|███████▉  | 95/120 [20:31<05:23,  0.08it/s, v_num=6, train_loss_step=1.190, val_loss=0.958, val_mean_auc=0.615, val_mean_ap=0.313, val_accuracy=0.556, val_f1=0.417, train_loss_epoch=1.050]
Epoch 1:  79%|███████▉  | 95/120 [20:31<05:24,  0.08it/s, v_num=6, train_loss_step=0.787, val_loss=0.958, val_mean_auc=0.615, val_mean_ap=0.313, val_accuracy=0.556, val_f1=0.417, train_loss_epoch=1.050]
Epoch 1:  80%|████████  | 96/120 [20:54<05:13,  0.08it/s, v_num=6, train_loss_step=0.787, val_loss=0.958, val_mean_auc=0.615, val_mean_ap=0.313, val_accuracy=0.556, val_f1=0.417, train_loss_epoch=1.050]
Epoch 1:  80%|████████  | 96/120 [20:55<05:13,  0.08it/s, v_num=6, train_loss_step=0.559, val_loss=0.958, val_mean_auc=0.615, val_mean_ap=0.313, val_accuracy=0.556, val_f1=0.417, train_loss_epoch=1.050]
Epoch 1:  81%|████████  | 97/120 [20:57<04:58,  0.08it/s, v_num=6, train_loss_step=0.559, val_loss=0.958, val_mean_auc=0.615, val_mean_ap=0.313, val_accuracy=0.556, val_f1=0.417, train_loss_epoch=1.050]
Epoch 1:  81%|████████  | 97/120 [20:57<04:58,  0.08it/s, v_num=6, train_loss_step=0.846, val_loss=0.958, val_mean_auc=0.615, val_mean_ap=0.313, val_accuracy=0.556, val_f1=0.417, train_loss_epoch=1.050]
Epoch 1:  82%|████████▏ | 98/120 [21:30<04:49,  0.08it/s, v_num=6, train_loss_step=0.846, val_loss=0.958, val_mean_auc=0.615, val_mean_ap=0.313, val_accuracy=0.556, val_f1=0.417, train_loss_epoch=1.050]
Epoch 1:  82%|████████▏ | 98/120 [21:31<04:49,  0.08it/s, v_num=6, train_loss_step=1.570, val_loss=0.958, val_mean_auc=0.615, val_mean_ap=0.313, val_accuracy=0.556, val_f1=0.417, train_loss_epoch=1.050]
Epoch 1:  82%|████████▎ | 99/120 [21:31<04:33,  0.08it/s, v_num=6, train_loss_step=1.570, val_loss=0.958, val_mean_auc=0.615, val_mean_ap=0.313, val_accuracy=0.556, val_f1=0.417, train_loss_epoch=1.050]
Epoch 1:  82%|████████▎ | 99/120 [21:31<04:34,  0.08it/s, v_num=6, train_loss_step=1.130, val_loss=0.958, val_mean_auc=0.615, val_mean_ap=0.313, val_accuracy=0.556, val_f1=0.417, train_loss_epoch=1.050]
Epoch 1:  83%|████████▎ | 100/120 [21:59<04:23,  0.08it/s, v_num=6, train_loss_step=1.130, val_loss=0.958, val_mean_auc=0.615, val_mean_ap=0.313, val_accuracy=0.556, val_f1=0.417, train_loss_epoch=1.050]
Epoch 1:  83%|████████▎ | 100/120 [21:59<04:23,  0.08it/s, v_num=6, train_loss_step=0.818, val_loss=0.958, val_mean_auc=0.615, val_mean_ap=0.313, val_accuracy=0.556, val_f1=0.417, train_loss_epoch=1.050]
Epoch 1:  84%|████████▍ | 101/120 [21:59<04:08,  0.08it/s, v_num=6, train_loss_step=0.818, val_loss=0.958, val_mean_auc=0.615, val_mean_ap=0.313, val_accuracy=0.556, val_f1=0.417, train_loss_epoch=1.050]
Epoch 1:  84%|████████▍ | 101/120 [22:00<04:08,  0.08it/s, v_num=6, train_loss_step=1.200, val_loss=0.958, val_mean_auc=0.615, val_mean_ap=0.313, val_accuracy=0.556, val_f1=0.417, train_loss_epoch=1.050]
Epoch 1:  85%|████████▌ | 102/120 [22:24<03:57,  0.08it/s, v_num=6, train_loss_step=1.200, val_loss=0.958, val_mean_auc=0.615, val_mean_ap=0.313, val_accuracy=0.556, val_f1=0.417, train_loss_epoch=1.050]
Epoch 1:  85%|████████▌ | 102/120 [22:25<03:57,  0.08it/s, v_num=6, train_loss_step=1.030, val_loss=0.958, val_mean_auc=0.615, val_mean_ap=0.313, val_accuracy=0.556, val_f1=0.417, train_loss_epoch=1.050]
Epoch 1:  86%|████████▌ | 103/120 [22:25<03:42,  0.08it/s, v_num=6, train_loss_step=1.030, val_loss=0.958, val_mean_auc=0.615, val_mean_ap=0.313, val_accuracy=0.556, val_f1=0.417, train_loss_epoch=1.050]
Epoch 1:  86%|████████▌ | 103/120 [22:25<03:42,  0.08it/s, v_num=6, train_loss_step=0.916, val_loss=0.958, val_mean_auc=0.615, val_mean_ap=0.313, val_accuracy=0.556, val_f1=0.417, train_loss_epoch=1.050]
Epoch 1:  87%|████████▋ | 104/120 [22:48<03:30,  0.08it/s, v_num=6, train_loss_step=0.916, val_loss=0.958, val_mean_auc=0.615, val_mean_ap=0.313, val_accuracy=0.556, val_f1=0.417, train_loss_epoch=1.050]
Epoch 1:  87%|████████▋ | 104/120 [22:48<03:30,  0.08it/s, v_num=6, train_loss_step=0.957, val_loss=0.958, val_mean_auc=0.615, val_mean_ap=0.313, val_accuracy=0.556, val_f1=0.417, train_loss_epoch=1.050]
Epoch 1:  88%|████████▊ | 105/120 [22:48<03:15,  0.08it/s, v_num=6, train_loss_step=0.957, val_loss=0.958, val_mean_auc=0.615, val_mean_ap=0.313, val_accuracy=0.556, val_f1=0.417, train_loss_epoch=1.050]
Epoch 1:  88%|████████▊ | 105/120 [22:49<03:15,  0.08it/s, v_num=6, train_loss_step=0.878, val_loss=0.958, val_mean_auc=0.615, val_mean_ap=0.313, val_accuracy=0.556, val_f1=0.417, train_loss_epoch=1.050]
Epoch 1:  88%|████████▊ | 106/120 [23:13<03:04,  0.08it/s, v_num=6, train_loss_step=0.878, val_loss=0.958, val_mean_auc=0.615, val_mean_ap=0.313, val_accuracy=0.556, val_f1=0.417, train_loss_epoch=1.050]
Epoch 1:  88%|████████▊ | 106/120 [23:14<03:04,  0.08it/s, v_num=6, train_loss_step=1.240, val_loss=0.958, val_mean_auc=0.615, val_mean_ap=0.313, val_accuracy=0.556, val_f1=0.417, train_loss_epoch=1.050]
Epoch 1:  89%|████████▉ | 107/120 [23:14<02:49,  0.08it/s, v_num=6, train_loss_step=1.240, val_loss=0.958, val_mean_auc=0.615, val_mean_ap=0.313, val_accuracy=0.556, val_f1=0.417, train_loss_epoch=1.050]
Epoch 1:  89%|████████▉ | 107/120 [23:14<02:49,  0.08it/s, v_num=6, train_loss_step=0.956, val_loss=0.958, val_mean_auc=0.615, val_mean_ap=0.313, val_accuracy=0.556, val_f1=0.417, train_loss_epoch=1.050]
Epoch 1:  90%|█████████ | 108/120 [23:38<02:37,  0.08it/s, v_num=6, train_loss_step=0.956, val_loss=0.958, val_mean_auc=0.615, val_mean_ap=0.313, val_accuracy=0.556, val_f1=0.417, train_loss_epoch=1.050]
Epoch 1:  90%|█████████ | 108/120 [23:39<02:37,  0.08it/s, v_num=6, train_loss_step=1.330, val_loss=0.958, val_mean_auc=0.615, val_mean_ap=0.313, val_accuracy=0.556, val_f1=0.417, train_loss_epoch=1.050]
Epoch 1:  91%|█████████ | 109/120 [23:39<02:23,  0.08it/s, v_num=6, train_loss_step=1.330, val_loss=0.958, val_mean_auc=0.615, val_mean_ap=0.313, val_accuracy=0.556, val_f1=0.417, train_loss_epoch=1.050]
Epoch 1:  91%|█████████ | 109/120 [23:39<02:23,  0.08it/s, v_num=6, train_loss_step=1.410, val_loss=0.958, val_mean_auc=0.615, val_mean_ap=0.313, val_accuracy=0.556, val_f1=0.417, train_loss_epoch=1.050]
Epoch 1:  92%|█████████▏| 110/120 [24:06<02:11,  0.08it/s, v_num=6, train_loss_step=1.410, val_loss=0.958, val_mean_auc=0.615, val_mean_ap=0.313, val_accuracy=0.556, val_f1=0.417, train_loss_epoch=1.050]
Epoch 1:  92%|█████████▏| 110/120 [24:06<02:11,  0.08it/s, v_num=6, train_loss_step=0.802, val_loss=0.958, val_mean_auc=0.615, val_mean_ap=0.313, val_accuracy=0.556, val_f1=0.417, train_loss_epoch=1.050]
Epoch 1:  92%|█████████▎| 111/120 [24:06<01:57,  0.08it/s, v_num=6, train_loss_step=0.802, val_loss=0.958, val_mean_auc=0.615, val_mean_ap=0.313, val_accuracy=0.556, val_f1=0.417, train_loss_epoch=1.050]
Epoch 1:  92%|█████████▎| 111/120 [24:07<01:57,  0.08it/s, v_num=6, train_loss_step=0.998, val_loss=0.958, val_mean_auc=0.615, val_mean_ap=0.313, val_accuracy=0.556, val_f1=0.417, train_loss_epoch=1.050]
Epoch 1:  93%|█████████▎| 112/120 [24:31<01:45,  0.08it/s, v_num=6, train_loss_step=0.998, val_loss=0.958, val_mean_auc=0.615, val_mean_ap=0.313, val_accuracy=0.556, val_f1=0.417, train_loss_epoch=1.050]
Epoch 1:  93%|█████████▎| 112/120 [24:31<01:45,  0.08it/s, v_num=6, train_loss_step=0.743, val_loss=0.958, val_mean_auc=0.615, val_mean_ap=0.313, val_accuracy=0.556, val_f1=0.417, train_loss_epoch=1.050]
Epoch 1:  94%|█████████▍| 113/120 [24:31<01:31,  0.08it/s, v_num=6, train_loss_step=0.743, val_loss=0.958, val_mean_auc=0.615, val_mean_ap=0.313, val_accuracy=0.556, val_f1=0.417, train_loss_epoch=1.050]
Epoch 1:  94%|█████████▍| 113/120 [24:32<01:31,  0.08it/s, v_num=6, train_loss_step=0.887, val_loss=0.958, val_mean_auc=0.615, val_mean_ap=0.313, val_accuracy=0.556, val_f1=0.417, train_loss_epoch=1.050]
Epoch 1:  95%|█████████▌| 114/120 [25:02<01:19,  0.08it/s, v_num=6, train_loss_step=0.887, val_loss=0.958, val_mean_auc=0.615, val_mean_ap=0.313, val_accuracy=0.556, val_f1=0.417, train_loss_epoch=1.050]
Epoch 1:  95%|█████████▌| 114/120 [25:02<01:19,  0.08it/s, v_num=6, train_loss_step=0.797, val_loss=0.958, val_mean_auc=0.615, val_mean_ap=0.313, val_accuracy=0.556, val_f1=0.417, train_loss_epoch=1.050]
Epoch 1:  96%|█████████▌| 115/120 [25:02<01:05,  0.08it/s, v_num=6, train_loss_step=0.797, val_loss=0.958, val_mean_auc=0.615, val_mean_ap=0.313, val_accuracy=0.556, val_f1=0.417, train_loss_epoch=1.050]
Epoch 1:  96%|█████████▌| 115/120 [25:02<01:05,  0.08it/s, v_num=6, train_loss_step=1.180, val_loss=0.958, val_mean_auc=0.615, val_mean_ap=0.313, val_accuracy=0.556, val_f1=0.417, train_loss_epoch=1.050]
Epoch 1:  97%|█████████▋| 116/120 [25:30<00:52,  0.08it/s, v_num=6, train_loss_step=1.180, val_loss=0.958, val_mean_auc=0.615, val_mean_ap=0.313, val_accuracy=0.556, val_f1=0.417, train_loss_epoch=1.050]
Epoch 1:  97%|█████████▋| 116/120 [25:31<00:52,  0.08it/s, v_num=6, train_loss_step=1.230, val_loss=0.958, val_mean_auc=0.615, val_mean_ap=0.313, val_accuracy=0.556, val_f1=0.417, train_loss_epoch=1.050]
Epoch 1:  98%|█████████▊| 117/120 [25:31<00:39,  0.08it/s, v_num=6, train_loss_step=1.230, val_loss=0.958, val_mean_auc=0.615, val_mean_ap=0.313, val_accuracy=0.556, val_f1=0.417, train_loss_epoch=1.050]
Epoch 1:  98%|█████████▊| 117/120 [25:31<00:39,  0.08it/s, v_num=6, train_loss_step=1.190, val_loss=0.958, val_mean_auc=0.615, val_mean_ap=0.313, val_accuracy=0.556, val_f1=0.417, train_loss_epoch=1.050]
Epoch 1:  98%|█████████▊| 118/120 [25:58<00:26,  0.08it/s, v_num=6, train_loss_step=1.190, val_loss=0.958, val_mean_auc=0.615, val_mean_ap=0.313, val_accuracy=0.556, val_f1=0.417, train_loss_epoch=1.050]
Epoch 1:  98%|█████████▊| 118/120 [25:58<00:26,  0.08it/s, v_num=6, train_loss_step=0.756, val_loss=0.958, val_mean_auc=0.615, val_mean_ap=0.313, val_accuracy=0.556, val_f1=0.417, train_loss_epoch=1.050]
Epoch 1:  99%|█████████▉| 119/120 [25:58<00:13,  0.08it/s, v_num=6, train_loss_step=0.756, val_loss=0.958, val_mean_auc=0.615, val_mean_ap=0.313, val_accuracy=0.556, val_f1=0.417, train_loss_epoch=1.050]
Epoch 1:  99%|█████████▉| 119/120 [25:59<00:13,  0.08it/s, v_num=6, train_loss_step=1.000, val_loss=0.958, val_mean_auc=0.615, val_mean_ap=0.313, val_accuracy=0.556, val_f1=0.417, train_loss_epoch=1.050]
Epoch 1: 100%|██████████| 120/120 [26:23<00:00,  0.08it/s, v_num=6, train_loss_step=1.000, val_loss=0.958, val_mean_auc=0.615, val_mean_ap=0.313, val_accuracy=0.556, val_f1=0.417, train_loss_epoch=1.050]
Epoch 1: 100%|██████████| 120/120 [26:24<00:00,  0.08it/s, v_num=6, train_loss_step=0.706, val_loss=0.958, val_mean_auc=0.615, val_mean_ap=0.313, val_accuracy=0.556, val_f1=0.417, train_loss_epoch=1.050]

Validation: |          | 0/? [00:00<?, ?it/s][A

Validation: |          | 0/? [00:00<?, ?it/s][A

Validation DataLoader 0:   0%|          | 0/15 [00:00<?, ?it/s][A

Validation DataLoader 0:   7%|▋         | 1/15 [00:00<00:06,  2.11it/s][A

Validation DataLoader 0:  13%|█▎        | 2/15 [00:00<00:06,  2.11it/s][A

Validation DataLoader 0:  20%|██        | 3/15 [00:23<01:32,  0.13it/s][A

Validation DataLoader 0:  27%|██▋       | 4/15 [00:23<01:05,  0.17it/s][A

Validation DataLoader 0:  33%|███▎      | 5/15 [00:49<01:38,  0.10it/s][A

Validation DataLoader 0:  40%|████      | 6/15 [00:49<01:14,  0.12it/s][A

Validation DataLoader 0:  47%|████▋     | 7/15 [01:12<01:22,  0.10it/s][A

Validation DataLoader 0:  53%|█████▎    | 8/15 [01:12<01:03,  0.11it/s][A

Validation DataLoader 0:  60%|██████    | 9/15 [01:31<01:00,  0.10it/s][A

Validation DataLoader 0:  67%|██████▋   | 10/15 [01:31<00:45,  0.11it/s][A

Validation DataLoader 0:  73%|███████▎  | 11/15 [01:58<00:43,  0.09it/s][A

Validation DataLoader 0:  80%|████████  | 12/15 [01:59<00:29,  0.10it/s][A

Validation DataLoader 0:  87%|████████▋ | 13/15 [02:23<00:22,  0.09it/s][A

Validation DataLoader 0:  93%|█████████▎| 14/15 [02:23<00:10,  0.10it/s][A

Validation DataLoader 0: 100%|██████████| 15/15 [02:43<00:00,  0.09it/s][A

                                                                        [A
Epoch 1: 100%|██████████| 120/120 [29:35<00:00,  0.07it/s, v_num=6, train_loss_step=0.706, val_loss=0.914, val_mean_auc=0.646, val_mean_ap=0.353, val_accuracy=0.595, val_f1=0.440, train_loss_epoch=1.050]
Epoch 1: 100%|██████████| 120/120 [29:35<00:00,  0.07it/s, v_num=6, train_loss_step=0.706, val_loss=0.914, val_mean_auc=0.646, val_mean_ap=0.353, val_accuracy=0.595, val_f1=0.440, train_loss_epoch=1.010]
Epoch 1:   0%|          | 0/120 [00:00<?, ?it/s, v_num=6, train_loss_step=0.706, val_loss=0.914, val_mean_auc=0.646, val_mean_ap=0.353, val_accuracy=0.595, val_f1=0.440, train_loss_epoch=1.010]          
Epoch 2:   0%|          | 0/120 [00:00<?, ?it/s, v_num=6, train_loss_step=0.706, val_loss=0.914, val_mean_auc=0.646, val_mean_ap=0.353, val_accuracy=0.595, val_f1=0.440, train_loss_epoch=1.010]
Epoch 2:   1%|          | 1/120 [00:34<1:08:24,  0.03it/s, v_num=6, train_loss_step=0.706, val_loss=0.914, val_mean_auc=0.646, val_mean_ap=0.353, val_accuracy=0.595, val_f1=0.440, train_loss_epoch=1.010]
Epoch 2:   1%|          | 1/120 [00:34<1:09:15,  0.03it/s, v_num=6, train_loss_step=1.300, val_loss=0.914, val_mean_auc=0.646, val_mean_ap=0.353, val_accuracy=0.595, val_f1=0.440, train_loss_epoch=1.010]
Epoch 2:   2%|▏         | 2/120 [00:34<34:22,  0.06it/s, v_num=6, train_loss_step=1.300, val_loss=0.914, val_mean_auc=0.646, val_mean_ap=0.353, val_accuracy=0.595, val_f1=0.440, train_loss_epoch=1.010]  
Epoch 2:   2%|▏         | 2/120 [00:35<34:47,  0.06it/s, v_num=6, train_loss_step=1.070, val_loss=0.914, val_mean_auc=0.646, val_mean_ap=0.353, val_accuracy=0.595, val_f1=0.440, train_loss_epoch=1.010]
Epoch 2:   2%|▎         | 3/120 [00:58<37:59,  0.05it/s, v_num=6, train_loss_step=1.070, val_loss=0.914, val_mean_auc=0.646, val_mean_ap=0.353, val_accuracy=0.595, val_f1=0.440, train_loss_epoch=1.010]
Epoch 2:   2%|▎         | 3/120 [00:58<38:17,  0.05it/s, v_num=6, train_loss_step=1.090, val_loss=0.914, val_mean_auc=0.646, val_mean_ap=0.353, val_accuracy=0.595, val_f1=0.440, train_loss_epoch=1.010]
Epoch 2:   3%|▎         | 4/120 [00:58<28:29,  0.07it/s, v_num=6, train_loss_step=1.090, val_loss=0.914, val_mean_auc=0.646, val_mean_ap=0.353, val_accuracy=0.595, val_f1=0.440, train_loss_epoch=1.010]
Epoch 2:   3%|▎         | 4/120 [00:59<28:42,  0.07it/s, v_num=6, train_loss_step=1.020, val_loss=0.914, val_mean_auc=0.646, val_mean_ap=0.353, val_accuracy=0.595, val_f1=0.440, train_loss_epoch=1.010]
Epoch 2:   4%|▍         | 5/120 [01:20<30:57,  0.06it/s, v_num=6, train_loss_step=1.020, val_loss=0.914, val_mean_auc=0.646, val_mean_ap=0.353, val_accuracy=0.595, val_f1=0.440, train_loss_epoch=1.010]
Epoch 2:   4%|▍         | 5/120 [01:21<31:07,  0.06it/s, v_num=6, train_loss_step=1.050, val_loss=0.914, val_mean_auc=0.646, val_mean_ap=0.353, val_accuracy=0.595, val_f1=0.440, train_loss_epoch=1.010]
Epoch 2:   5%|▌         | 6/120 [01:21<25:43,  0.07it/s, v_num=6, train_loss_step=1.050, val_loss=0.914, val_mean_auc=0.646, val_mean_ap=0.353, val_accuracy=0.595, val_f1=0.440, train_loss_epoch=1.010]
Epoch 2:   5%|▌         | 6/120 [01:21<25:51,  0.07it/s, v_num=6, train_loss_step=0.954, val_loss=0.914, val_mean_auc=0.646, val_mean_ap=0.353, val_accuracy=0.595, val_f1=0.440, train_loss_epoch=1.010]
Epoch 2:   6%|▌         | 7/120 [01:45<28:26,  0.07it/s, v_num=6, train_loss_step=0.954, val_loss=0.914, val_mean_auc=0.646, val_mean_ap=0.353, val_accuracy=0.595, val_f1=0.440, train_loss_epoch=1.010]
Epoch 2:   6%|▌         | 7/120 [01:46<28:34,  0.07it/s, v_num=6, train_loss_step=0.655, val_loss=0.914, val_mean_auc=0.646, val_mean_ap=0.353, val_accuracy=0.595, val_f1=0.440, train_loss_epoch=1.010]
Epoch 2:   7%|▋         | 8/120 [01:46<24:47,  0.08it/s, v_num=6, train_loss_step=0.655, val_loss=0.914, val_mean_auc=0.646, val_mean_ap=0.353, val_accuracy=0.595, val_f1=0.440, train_loss_epoch=1.010]
Epoch 2:   7%|▋         | 8/120 [01:46<24:53,  0.08it/s, v_num=6, train_loss_step=1.500, val_loss=0.914, val_mean_auc=0.646, val_mean_ap=0.353, val_accuracy=0.595, val_f1=0.440, train_loss_epoch=1.010]
Epoch 2:   8%|▊         | 9/120 [02:12<27:12,  0.07it/s, v_num=6, train_loss_step=1.500, val_loss=0.914, val_mean_auc=0.646, val_mean_ap=0.353, val_accuracy=0.595, val_f1=0.440, train_loss_epoch=1.010]
Epoch 2:   8%|▊         | 9/120 [02:12<27:18,  0.07it/s, v_num=6, train_loss_step=0.711, val_loss=0.914, val_mean_auc=0.646, val_mean_ap=0.353, val_accuracy=0.595, val_f1=0.440, train_loss_epoch=1.010]
Epoch 2:   8%|▊         | 10/120 [02:12<24:21,  0.08it/s, v_num=6, train_loss_step=0.711, val_loss=0.914, val_mean_auc=0.646, val_mean_ap=0.353, val_accuracy=0.595, val_f1=0.440, train_loss_epoch=1.010]
Epoch 2:   8%|▊         | 10/120 [02:13<24:26,  0.08it/s, v_num=6, train_loss_step=1.110, val_loss=0.914, val_mean_auc=0.646, val_mean_ap=0.353, val_accuracy=0.595, val_f1=0.440, train_loss_epoch=1.010]
Epoch 2:   9%|▉         | 11/120 [02:36<25:54,  0.07it/s, v_num=6, train_loss_step=1.110, val_loss=0.914, val_mean_auc=0.646, val_mean_ap=0.353, val_accuracy=0.595, val_f1=0.440, train_loss_epoch=1.010]
Epoch 2:   9%|▉         | 11/120 [02:37<25:58,  0.07it/s, v_num=6, train_loss_step=1.010, val_loss=0.914, val_mean_auc=0.646, val_mean_ap=0.353, val_accuracy=0.595, val_f1=0.440, train_loss_epoch=1.010]
Epoch 2:  10%|█         | 12/120 [02:37<23:36,  0.08it/s, v_num=6, train_loss_step=1.010, val_loss=0.914, val_mean_auc=0.646, val_mean_ap=0.353, val_accuracy=0.595, val_f1=0.440, train_loss_epoch=1.010]
Epoch 2:  10%|█         | 12/120 [02:37<23:40,  0.08it/s, v_num=6, train_loss_step=0.937, val_loss=0.914, val_mean_auc=0.646, val_mean_ap=0.353, val_accuracy=0.595, val_f1=0.440, train_loss_epoch=1.010]
Epoch 2:  11%|█         | 13/120 [03:00<24:49,  0.07it/s, v_num=6, train_loss_step=0.937, val_loss=0.914, val_mean_auc=0.646, val_mean_ap=0.353, val_accuracy=0.595, val_f1=0.440, train_loss_epoch=1.010]
Epoch 2:  11%|█         | 13/120 [03:01<24:52,  0.07it/s, v_num=6, train_loss_step=1.170, val_loss=0.914, val_mean_auc=0.646, val_mean_ap=0.353, val_accuracy=0.595, val_f1=0.440, train_loss_epoch=1.010]
Epoch 2:  12%|█▏        | 14/120 [03:01<22:53,  0.08it/s, v_num=6, train_loss_step=1.170, val_loss=0.914, val_mean_auc=0.646, val_mean_ap=0.353, val_accuracy=0.595, val_f1=0.440, train_loss_epoch=1.010]
Epoch 2:  12%|█▏        | 14/120 [03:01<22:56,  0.08it/s, v_num=6, train_loss_step=0.825, val_loss=0.914, val_mean_auc=0.646, val_mean_ap=0.353, val_accuracy=0.595, val_f1=0.440, train_loss_epoch=1.010]
Epoch 2:  12%|█▎        | 15/120 [03:21<23:31,  0.07it/s, v_num=6, train_loss_step=0.825, val_loss=0.914, val_mean_auc=0.646, val_mean_ap=0.353, val_accuracy=0.595, val_f1=0.440, train_loss_epoch=1.010]
Epoch 2:  12%|█▎        | 15/120 [03:22<23:34,  0.07it/s, v_num=6, train_loss_step=1.220, val_loss=0.914, val_mean_auc=0.646, val_mean_ap=0.353, val_accuracy=0.595, val_f1=0.440, train_loss_epoch=1.010]
Epoch 2:  13%|█▎        | 16/120 [03:22<21:53,  0.08it/s, v_num=6, train_loss_step=1.220, val_loss=0.914, val_mean_auc=0.646, val_mean_ap=0.353, val_accuracy=0.595, val_f1=0.440, train_loss_epoch=1.010]
Epoch 2:  13%|█▎        | 16/120 [03:22<21:56,  0.08it/s, v_num=6, train_loss_step=1.120, val_loss=0.914, val_mean_auc=0.646, val_mean_ap=0.353, val_accuracy=0.595, val_f1=0.440, train_loss_epoch=1.010]
Epoch 2:  14%|█▍        | 17/120 [03:49<23:11,  0.07it/s, v_num=6, train_loss_step=1.120, val_loss=0.914, val_mean_auc=0.646, val_mean_ap=0.353, val_accuracy=0.595, val_f1=0.440, train_loss_epoch=1.010]
Epoch 2:  14%|█▍        | 17/120 [03:50<23:13,  0.07it/s, v_num=6, train_loss_step=1.300, val_loss=0.914, val_mean_auc=0.646, val_mean_ap=0.353, val_accuracy=0.595, val_f1=0.440, train_loss_epoch=1.010]
Epoch 2:  15%|█▌        | 18/120 [03:50<21:43,  0.08it/s, v_num=6, train_loss_step=1.300, val_loss=0.914, val_mean_auc=0.646, val_mean_ap=0.353, val_accuracy=0.595, val_f1=0.440, train_loss_epoch=1.010]
Epoch 2:  15%|█▌        | 18/120 [03:50<21:46,  0.08it/s, v_num=6, train_loss_step=0.830, val_loss=0.914, val_mean_auc=0.646, val_mean_ap=0.353, val_accuracy=0.595, val_f1=0.440, train_loss_epoch=1.010]
Epoch 2:  16%|█▌        | 19/120 [04:23<23:18,  0.07it/s, v_num=6, train_loss_step=0.830, val_loss=0.914, val_mean_auc=0.646, val_mean_ap=0.353, val_accuracy=0.595, val_f1=0.440, train_loss_epoch=1.010]
Epoch 2:  16%|█▌        | 19/120 [04:23<23:20,  0.07it/s, v_num=6, train_loss_step=0.719, val_loss=0.914, val_mean_auc=0.646, val_mean_ap=0.353, val_accuracy=0.595, val_f1=0.440, train_loss_epoch=1.010]
Epoch 2:  17%|█▋        | 20/120 [04:23<21:57,  0.08it/s, v_num=6, train_loss_step=0.719, val_loss=0.914, val_mean_auc=0.646, val_mean_ap=0.353, val_accuracy=0.595, val_f1=0.440, train_loss_epoch=1.010]
Epoch 2:  17%|█▋        | 20/120 [04:23<21:59,  0.08it/s, v_num=6, train_loss_step=1.130, val_loss=0.914, val_mean_auc=0.646, val_mean_ap=0.353, val_accuracy=0.595, val_f1=0.440, train_loss_epoch=1.010]
Epoch 2:  18%|█▊        | 21/120 [04:44<22:20,  0.07it/s, v_num=6, train_loss_step=1.130, val_loss=0.914, val_mean_auc=0.646, val_mean_ap=0.353, val_accuracy=0.595, val_f1=0.440, train_loss_epoch=1.010]
Epoch 2:  18%|█▊        | 21/120 [04:44<22:22,  0.07it/s, v_num=6, train_loss_step=0.796, val_loss=0.914, val_mean_auc=0.646, val_mean_ap=0.353, val_accuracy=0.595, val_f1=0.440, train_loss_epoch=1.010]
Epoch 2:  18%|█▊        | 22/120 [04:44<21:08,  0.08it/s, v_num=6, train_loss_step=0.796, val_loss=0.914, val_mean_auc=0.646, val_mean_ap=0.353, val_accuracy=0.595, val_f1=0.440, train_loss_epoch=1.010]
Epoch 2:  18%|█▊        | 22/120 [04:45<21:10,  0.08it/s, v_num=6, train_loss_step=1.390, val_loss=0.914, val_mean_auc=0.646, val_mean_ap=0.353, val_accuracy=0.595, val_f1=0.440, train_loss_epoch=1.010]
Epoch 2:  19%|█▉        | 23/120 [05:03<21:21,  0.08it/s, v_num=6, train_loss_step=1.390, val_loss=0.914, val_mean_auc=0.646, val_mean_ap=0.353, val_accuracy=0.595, val_f1=0.440, train_loss_epoch=1.010]
Epoch 2:  19%|█▉        | 23/120 [05:04<21:23,  0.08it/s, v_num=6, train_loss_step=0.704, val_loss=0.914, val_mean_auc=0.646, val_mean_ap=0.353, val_accuracy=0.595, val_f1=0.440, train_loss_epoch=1.010]
Epoch 2:  20%|██        | 24/120 [05:08<20:33,  0.08it/s, v_num=6, train_loss_step=0.704, val_loss=0.914, val_mean_auc=0.646, val_mean_ap=0.353, val_accuracy=0.595, val_f1=0.440, train_loss_epoch=1.010]
Epoch 2:  20%|██        | 24/120 [05:08<20:35,  0.08it/s, v_num=6, train_loss_step=1.220, val_loss=0.914, val_mean_auc=0.646, val_mean_ap=0.353, val_accuracy=0.595, val_f1=0.440, train_loss_epoch=1.010]
Epoch 2:  21%|██        | 25/120 [05:26<20:40,  0.08it/s, v_num=6, train_loss_step=1.220, val_loss=0.914, val_mean_auc=0.646, val_mean_ap=0.353, val_accuracy=0.595, val_f1=0.440, train_loss_epoch=1.010]
Epoch 2:  21%|██        | 25/120 [05:26<20:42,  0.08it/s, v_num=6, train_loss_step=0.758, val_loss=0.914, val_mean_auc=0.646, val_mean_ap=0.353, val_accuracy=0.595, val_f1=0.440, train_loss_epoch=1.010]
Epoch 2:  22%|██▏       | 26/120 [05:52<21:12,  0.07it/s, v_num=6, train_loss_step=0.758, val_loss=0.914, val_mean_auc=0.646, val_mean_ap=0.353, val_accuracy=0.595, val_f1=0.440, train_loss_epoch=1.010]
Epoch 2:  22%|██▏       | 26/120 [05:52<21:14,  0.07it/s, v_num=6, train_loss_step=0.978, val_loss=0.914, val_mean_auc=0.646, val_mean_ap=0.353, val_accuracy=0.595, val_f1=0.440, train_loss_epoch=1.010]
Epoch 2:  22%|██▎       | 27/120 [06:00<20:40,  0.07it/s, v_num=6, train_loss_step=0.978, val_loss=0.914, val_mean_auc=0.646, val_mean_ap=0.353, val_accuracy=0.595, val_f1=0.440, train_loss_epoch=1.010]
Epoch 2:  22%|██▎       | 27/120 [06:00<20:42,  0.07it/s, v_num=6, train_loss_step=0.833, val_loss=0.914, val_mean_auc=0.646, val_mean_ap=0.353, val_accuracy=0.595, val_f1=0.440, train_loss_epoch=1.010]
Epoch 2:  23%|██▎       | 28/120 [06:18<20:42,  0.07it/s, v_num=6, train_loss_step=0.833, val_loss=0.914, val_mean_auc=0.646, val_mean_ap=0.353, val_accuracy=0.595, val_f1=0.440, train_loss_epoch=1.010]
Epoch 2:  23%|██▎       | 28/120 [06:18<20:43,  0.07it/s, v_num=6, train_loss_step=0.975, val_loss=0.914, val_mean_auc=0.646, val_mean_ap=0.353, val_accuracy=0.595, val_f1=0.440, train_loss_epoch=1.010]
Epoch 2:  24%|██▍       | 29/120 [06:28<20:19,  0.07it/s, v_num=6, train_loss_step=0.975, val_loss=0.914, val_mean_auc=0.646, val_mean_ap=0.353, val_accuracy=0.595, val_f1=0.440, train_loss_epoch=1.010]
Epoch 2:  24%|██▍       | 29/120 [06:28<20:20,  0.07it/s, v_num=6, train_loss_step=1.020, val_loss=0.914, val_mean_auc=0.646, val_mean_ap=0.353, val_accuracy=0.595, val_f1=0.440, train_loss_epoch=1.010]
Epoch 2:  25%|██▌       | 30/120 [06:45<20:16,  0.07it/s, v_num=6, train_loss_step=1.020, val_loss=0.914, val_mean_auc=0.646, val_mean_ap=0.353, val_accuracy=0.595, val_f1=0.440, train_loss_epoch=1.010]
Epoch 2:  25%|██▌       | 30/120 [06:45<20:17,  0.07it/s, v_num=6, train_loss_step=0.735, val_loss=0.914, val_mean_auc=0.646, val_mean_ap=0.353, val_accuracy=0.595, val_f1=0.440, train_loss_epoch=1.010]
Epoch 2:  26%|██▌       | 31/120 [06:50<19:38,  0.08it/s, v_num=6, train_loss_step=0.735, val_loss=0.914, val_mean_auc=0.646, val_mean_ap=0.353, val_accuracy=0.595, val_f1=0.440, train_loss_epoch=1.010]
Epoch 2:  26%|██▌       | 31/120 [06:50<19:39,  0.08it/s, v_num=6, train_loss_step=1.070, val_loss=0.914, val_mean_auc=0.646, val_mean_ap=0.353, val_accuracy=0.595, val_f1=0.440, train_loss_epoch=1.010]
Epoch 2:  27%|██▋       | 32/120 [07:11<19:47,  0.07it/s, v_num=6, train_loss_step=1.070, val_loss=0.914, val_mean_auc=0.646, val_mean_ap=0.353, val_accuracy=0.595, val_f1=0.440, train_loss_epoch=1.010]
Epoch 2:  27%|██▋       | 32/120 [07:12<19:48,  0.07it/s, v_num=6, train_loss_step=0.884, val_loss=0.914, val_mean_auc=0.646, val_mean_ap=0.353, val_accuracy=0.595, val_f1=0.440, train_loss_epoch=1.010]
Epoch 2:  28%|██▊       | 33/120 [07:18<19:15,  0.08it/s, v_num=6, train_loss_step=0.884, val_loss=0.914, val_mean_auc=0.646, val_mean_ap=0.353, val_accuracy=0.595, val_f1=0.440, train_loss_epoch=1.010]
Epoch 2:  28%|██▊       | 33/120 [07:18<19:16,  0.08it/s, v_num=6, train_loss_step=0.705, val_loss=0.914, val_mean_auc=0.646, val_mean_ap=0.353, val_accuracy=0.595, val_f1=0.440, train_loss_epoch=1.010]
Epoch 2:  28%|██▊       | 34/120 [07:40<19:24,  0.07it/s, v_num=6, train_loss_step=0.705, val_loss=0.914, val_mean_auc=0.646, val_mean_ap=0.353, val_accuracy=0.595, val_f1=0.440, train_loss_epoch=1.010]
Epoch 2:  28%|██▊       | 34/120 [07:40<19:25,  0.07it/s, v_num=6, train_loss_step=1.120, val_loss=0.914, val_mean_auc=0.646, val_mean_ap=0.353, val_accuracy=0.595, val_f1=0.440, train_loss_epoch=1.010]
Epoch 2:  29%|██▉       | 35/120 [07:45<18:51,  0.08it/s, v_num=6, train_loss_step=1.120, val_loss=0.914, val_mean_auc=0.646, val_mean_ap=0.353, val_accuracy=0.595, val_f1=0.440, train_loss_epoch=1.010]
Epoch 2:  29%|██▉       | 35/120 [07:46<18:52,  0.08it/s, v_num=6, train_loss_step=1.100, val_loss=0.914, val_mean_auc=0.646, val_mean_ap=0.353, val_accuracy=0.595, val_f1=0.440, train_loss_epoch=1.010]
Epoch 2:  30%|███       | 36/120 [08:11<19:07,  0.07it/s, v_num=6, train_loss_step=1.100, val_loss=0.914, val_mean_auc=0.646, val_mean_ap=0.353, val_accuracy=0.595, val_f1=0.440, train_loss_epoch=1.010]
Epoch 2:  30%|███       | 36/120 [08:12<19:08,  0.07it/s, v_num=6, train_loss_step=0.834, val_loss=0.914, val_mean_auc=0.646, val_mean_ap=0.353, val_accuracy=0.595, val_f1=0.440, train_loss_epoch=1.010]
Epoch 2:  31%|███       | 37/120 [08:16<18:34,  0.07it/s, v_num=6, train_loss_step=0.834, val_loss=0.914, val_mean_auc=0.646, val_mean_ap=0.353, val_accuracy=0.595, val_f1=0.440, train_loss_epoch=1.010]
Epoch 2:  31%|███       | 37/120 [08:17<18:34,  0.07it/s, v_num=6, train_loss_step=0.866, val_loss=0.914, val_mean_auc=0.646, val_mean_ap=0.353, val_accuracy=0.595, val_f1=0.440, train_loss_epoch=1.010]
Epoch 2:  32%|███▏      | 38/120 [08:37<18:35,  0.07it/s, v_num=6, train_loss_step=0.866, val_loss=0.914, val_mean_auc=0.646, val_mean_ap=0.353, val_accuracy=0.595, val_f1=0.440, train_loss_epoch=1.010]
Epoch 2:  32%|███▏      | 38/120 [08:37<18:36,  0.07it/s, v_num=6, train_loss_step=1.030, val_loss=0.914, val_mean_auc=0.646, val_mean_ap=0.353, val_accuracy=0.595, val_f1=0.440, train_loss_epoch=1.010]
Epoch 2:  32%|███▎      | 39/120 [08:37<17:55,  0.08it/s, v_num=6, train_loss_step=1.030, val_loss=0.914, val_mean_auc=0.646, val_mean_ap=0.353, val_accuracy=0.595, val_f1=0.440, train_loss_epoch=1.010]
Epoch 2:  32%|███▎      | 39/120 [08:38<17:56,  0.08it/s, v_num=6, train_loss_step=1.250, val_loss=0.914, val_mean_auc=0.646, val_mean_ap=0.353, val_accuracy=0.595, val_f1=0.440, train_loss_epoch=1.010]
Epoch 2:  33%|███▎      | 40/120 [09:06<18:13,  0.07it/s, v_num=6, train_loss_step=1.250, val_loss=0.914, val_mean_auc=0.646, val_mean_ap=0.353, val_accuracy=0.595, val_f1=0.440, train_loss_epoch=1.010]
Epoch 2:  33%|███▎      | 40/120 [09:07<18:14,  0.07it/s, v_num=6, train_loss_step=1.180, val_loss=0.914, val_mean_auc=0.646, val_mean_ap=0.353, val_accuracy=0.595, val_f1=0.440, train_loss_epoch=1.010]
Epoch 2:  34%|███▍      | 41/120 [09:09<17:38,  0.07it/s, v_num=6, train_loss_step=1.180, val_loss=0.914, val_mean_auc=0.646, val_mean_ap=0.353, val_accuracy=0.595, val_f1=0.440, train_loss_epoch=1.010]
Epoch 2:  34%|███▍      | 41/120 [09:09<17:39,  0.07it/s, v_num=6, train_loss_step=0.967, val_loss=0.914, val_mean_auc=0.646, val_mean_ap=0.353, val_accuracy=0.595, val_f1=0.440, train_loss_epoch=1.010]
Epoch 2:  35%|███▌      | 42/120 [09:31<17:41,  0.07it/s, v_num=6, train_loss_step=0.967, val_loss=0.914, val_mean_auc=0.646, val_mean_ap=0.353, val_accuracy=0.595, val_f1=0.440, train_loss_epoch=1.010]
Epoch 2:  35%|███▌      | 42/120 [09:32<17:42,  0.07it/s, v_num=6, train_loss_step=0.867, val_loss=0.914, val_mean_auc=0.646, val_mean_ap=0.353, val_accuracy=0.595, val_f1=0.440, train_loss_epoch=1.010]
Epoch 2:  36%|███▌      | 43/120 [09:32<17:04,  0.08it/s, v_num=6, train_loss_step=0.867, val_loss=0.914, val_mean_auc=0.646, val_mean_ap=0.353, val_accuracy=0.595, val_f1=0.440, train_loss_epoch=1.010]
Epoch 2:  36%|███▌      | 43/120 [09:32<17:05,  0.08it/s, v_num=6, train_loss_step=0.836, val_loss=0.914, val_mean_auc=0.646, val_mean_ap=0.353, val_accuracy=0.595, val_f1=0.440, train_loss_epoch=1.010]
Epoch 2:  37%|███▋      | 44/120 [10:04<17:23,  0.07it/s, v_num=6, train_loss_step=0.836, val_loss=0.914, val_mean_auc=0.646, val_mean_ap=0.353, val_accuracy=0.595, val_f1=0.440, train_loss_epoch=1.010]
Epoch 2:  37%|███▋      | 44/120 [10:04<17:24,  0.07it/s, v_num=6, train_loss_step=0.810, val_loss=0.914, val_mean_auc=0.646, val_mean_ap=0.353, val_accuracy=0.595, val_f1=0.440, train_loss_epoch=1.010]
Epoch 2:  38%|███▊      | 45/120 [10:04<16:47,  0.07it/s, v_num=6, train_loss_step=0.810, val_loss=0.914, val_mean_auc=0.646, val_mean_ap=0.353, val_accuracy=0.595, val_f1=0.440, train_loss_epoch=1.010]
Epoch 2:  38%|███▊      | 45/120 [10:04<16:48,  0.07it/s, v_num=6, train_loss_step=1.160, val_loss=0.914, val_mean_auc=0.646, val_mean_ap=0.353, val_accuracy=0.595, val_f1=0.440, train_loss_epoch=1.010]
Epoch 2:  38%|███▊      | 46/120 [10:31<16:56,  0.07it/s, v_num=6, train_loss_step=1.160, val_loss=0.914, val_mean_auc=0.646, val_mean_ap=0.353, val_accuracy=0.595, val_f1=0.440, train_loss_epoch=1.010]
Epoch 2:  38%|███▊      | 46/120 [10:32<16:57,  0.07it/s, v_num=6, train_loss_step=0.761, val_loss=0.914, val_mean_auc=0.646, val_mean_ap=0.353, val_accuracy=0.595, val_f1=0.440, train_loss_epoch=1.010]
Epoch 2:  39%|███▉      | 47/120 [10:32<16:21,  0.07it/s, v_num=6, train_loss_step=0.761, val_loss=0.914, val_mean_auc=0.646, val_mean_ap=0.353, val_accuracy=0.595, val_f1=0.440, train_loss_epoch=1.010]
Epoch 2:  39%|███▉      | 47/120 [10:32<16:22,  0.07it/s, v_num=6, train_loss_step=1.330, val_loss=0.914, val_mean_auc=0.646, val_mean_ap=0.353, val_accuracy=0.595, val_f1=0.440, train_loss_epoch=1.010]
Epoch 2:  40%|████      | 48/120 [11:00<16:30,  0.07it/s, v_num=6, train_loss_step=1.330, val_loss=0.914, val_mean_auc=0.646, val_mean_ap=0.353, val_accuracy=0.595, val_f1=0.440, train_loss_epoch=1.010]
Epoch 2:  40%|████      | 48/120 [11:01<16:31,  0.07it/s, v_num=6, train_loss_step=0.722, val_loss=0.914, val_mean_auc=0.646, val_mean_ap=0.353, val_accuracy=0.595, val_f1=0.440, train_loss_epoch=1.010]
Epoch 2:  41%|████      | 49/120 [11:01<15:57,  0.07it/s, v_num=6, train_loss_step=0.722, val_loss=0.914, val_mean_auc=0.646, val_mean_ap=0.353, val_accuracy=0.595, val_f1=0.440, train_loss_epoch=1.010]
Epoch 2:  41%|████      | 49/120 [11:01<15:58,  0.07it/s, v_num=6, train_loss_step=0.897, val_loss=0.914, val_mean_auc=0.646, val_mean_ap=0.353, val_accuracy=0.595, val_f1=0.440, train_loss_epoch=1.010]
Epoch 2:  42%|████▏     | 50/120 [11:29<16:05,  0.07it/s, v_num=6, train_loss_step=0.897, val_loss=0.914, val_mean_auc=0.646, val_mean_ap=0.353, val_accuracy=0.595, val_f1=0.440, train_loss_epoch=1.010]
Epoch 2:  42%|████▏     | 50/120 [11:29<16:05,  0.07it/s, v_num=6, train_loss_step=1.090, val_loss=0.914, val_mean_auc=0.646, val_mean_ap=0.353, val_accuracy=0.595, val_f1=0.440, train_loss_epoch=1.010]
Epoch 2:  42%|████▎     | 51/120 [11:29<15:33,  0.07it/s, v_num=6, train_loss_step=1.090, val_loss=0.914, val_mean_auc=0.646, val_mean_ap=0.353, val_accuracy=0.595, val_f1=0.440, train_loss_epoch=1.010]
Epoch 2:  42%|████▎     | 51/120 [11:30<15:34,  0.07it/s, v_num=6, train_loss_step=0.949, val_loss=0.914, val_mean_auc=0.646, val_mean_ap=0.353, val_accuracy=0.595, val_f1=0.440, train_loss_epoch=1.010]
Epoch 2:  43%|████▎     | 52/120 [11:52<15:31,  0.07it/s, v_num=6, train_loss_step=0.949, val_loss=0.914, val_mean_auc=0.646, val_mean_ap=0.353, val_accuracy=0.595, val_f1=0.440, train_loss_epoch=1.010]
Epoch 2:  43%|████▎     | 52/120 [11:52<15:32,  0.07it/s, v_num=6, train_loss_step=0.799, val_loss=0.914, val_mean_auc=0.646, val_mean_ap=0.353, val_accuracy=0.595, val_f1=0.440, train_loss_epoch=1.010]
Epoch 2:  44%|████▍     | 53/120 [11:52<15:01,  0.07it/s, v_num=6, train_loss_step=0.799, val_loss=0.914, val_mean_auc=0.646, val_mean_ap=0.353, val_accuracy=0.595, val_f1=0.440, train_loss_epoch=1.010]
Epoch 2:  44%|████▍     | 53/120 [11:53<15:01,  0.07it/s, v_num=6, train_loss_step=0.985, val_loss=0.914, val_mean_auc=0.646, val_mean_ap=0.353, val_accuracy=0.595, val_f1=0.440, train_loss_epoch=1.010]
Epoch 2:  45%|████▌     | 54/120 [12:20<15:04,  0.07it/s, v_num=6, train_loss_step=0.985, val_loss=0.914, val_mean_auc=0.646, val_mean_ap=0.353, val_accuracy=0.595, val_f1=0.440, train_loss_epoch=1.010]
Epoch 2:  45%|████▌     | 54/120 [12:20<15:05,  0.07it/s, v_num=6, train_loss_step=1.050, val_loss=0.914, val_mean_auc=0.646, val_mean_ap=0.353, val_accuracy=0.595, val_f1=0.440, train_loss_epoch=1.010]
Epoch 2:  46%|████▌     | 55/120 [12:20<14:35,  0.07it/s, v_num=6, train_loss_step=1.050, val_loss=0.914, val_mean_auc=0.646, val_mean_ap=0.353, val_accuracy=0.595, val_f1=0.440, train_loss_epoch=1.010]
Epoch 2:  46%|████▌     | 55/120 [12:21<14:35,  0.07it/s, v_num=6, train_loss_step=1.190, val_loss=0.914, val_mean_auc=0.646, val_mean_ap=0.353, val_accuracy=0.595, val_f1=0.440, train_loss_epoch=1.010]
Epoch 2:  47%|████▋     | 56/120 [12:50<14:40,  0.07it/s, v_num=6, train_loss_step=1.190, val_loss=0.914, val_mean_auc=0.646, val_mean_ap=0.353, val_accuracy=0.595, val_f1=0.440, train_loss_epoch=1.010]
Epoch 2:  47%|████▋     | 56/120 [12:51<14:41,  0.07it/s, v_num=6, train_loss_step=1.470, val_loss=0.914, val_mean_auc=0.646, val_mean_ap=0.353, val_accuracy=0.595, val_f1=0.440, train_loss_epoch=1.010]
Epoch 2:  48%|████▊     | 57/120 [12:51<14:12,  0.07it/s, v_num=6, train_loss_step=1.470, val_loss=0.914, val_mean_auc=0.646, val_mean_ap=0.353, val_accuracy=0.595, val_f1=0.440, train_loss_epoch=1.010]
Epoch 2:  48%|████▊     | 57/120 [12:51<14:12,  0.07it/s, v_num=6, train_loss_step=0.661, val_loss=0.914, val_mean_auc=0.646, val_mean_ap=0.353, val_accuracy=0.595, val_f1=0.440, train_loss_epoch=1.010]
Epoch 2:  48%|████▊     | 58/120 [13:14<14:08,  0.07it/s, v_num=6, train_loss_step=0.661, val_loss=0.914, val_mean_auc=0.646, val_mean_ap=0.353, val_accuracy=0.595, val_f1=0.440, train_loss_epoch=1.010]
Epoch 2:  48%|████▊     | 58/120 [13:14<14:09,  0.07it/s, v_num=6, train_loss_step=0.857, val_loss=0.914, val_mean_auc=0.646, val_mean_ap=0.353, val_accuracy=0.595, val_f1=0.440, train_loss_epoch=1.010]
Epoch 2:  49%|████▉     | 59/120 [13:14<13:41,  0.07it/s, v_num=6, train_loss_step=0.857, val_loss=0.914, val_mean_auc=0.646, val_mean_ap=0.353, val_accuracy=0.595, val_f1=0.440, train_loss_epoch=1.010]
Epoch 2:  49%|████▉     | 59/120 [13:14<13:41,  0.07it/s, v_num=6, train_loss_step=0.646, val_loss=0.914, val_mean_auc=0.646, val_mean_ap=0.353, val_accuracy=0.595, val_f1=0.440, train_loss_epoch=1.010]
Epoch 2:  50%|█████     | 60/120 [13:44<13:44,  0.07it/s, v_num=6, train_loss_step=0.646, val_loss=0.914, val_mean_auc=0.646, val_mean_ap=0.353, val_accuracy=0.595, val_f1=0.440, train_loss_epoch=1.010]
Epoch 2:  50%|█████     | 60/120 [13:45<13:45,  0.07it/s, v_num=6, train_loss_step=1.190, val_loss=0.914, val_mean_auc=0.646, val_mean_ap=0.353, val_accuracy=0.595, val_f1=0.440, train_loss_epoch=1.010]
Epoch 2:  51%|█████     | 61/120 [13:45<13:18,  0.07it/s, v_num=6, train_loss_step=1.190, val_loss=0.914, val_mean_auc=0.646, val_mean_ap=0.353, val_accuracy=0.595, val_f1=0.440, train_loss_epoch=1.010]
Epoch 2:  51%|█████     | 61/120 [13:45<13:18,  0.07it/s, v_num=6, train_loss_step=0.810, val_loss=0.914, val_mean_auc=0.646, val_mean_ap=0.353, val_accuracy=0.595, val_f1=0.440, train_loss_epoch=1.010]
Epoch 2:  52%|█████▏    | 62/120 [14:11<13:16,  0.07it/s, v_num=6, train_loss_step=0.810, val_loss=0.914, val_mean_auc=0.646, val_mean_ap=0.353, val_accuracy=0.595, val_f1=0.440, train_loss_epoch=1.010]
Epoch 2:  52%|█████▏    | 62/120 [14:11<13:16,  0.07it/s, v_num=6, train_loss_step=0.945, val_loss=0.914, val_mean_auc=0.646, val_mean_ap=0.353, val_accuracy=0.595, val_f1=0.440, train_loss_epoch=1.010]
Epoch 2:  52%|█████▎    | 63/120 [14:11<12:50,  0.07it/s, v_num=6, train_loss_step=0.945, val_loss=0.914, val_mean_auc=0.646, val_mean_ap=0.353, val_accuracy=0.595, val_f1=0.440, train_loss_epoch=1.010]
Epoch 2:  52%|█████▎    | 63/120 [14:12<12:51,  0.07it/s, v_num=6, train_loss_step=1.340, val_loss=0.914, val_mean_auc=0.646, val_mean_ap=0.353, val_accuracy=0.595, val_f1=0.440, train_loss_epoch=1.010]
Epoch 2:  53%|█████▎    | 64/120 [14:40<12:50,  0.07it/s, v_num=6, train_loss_step=1.340, val_loss=0.914, val_mean_auc=0.646, val_mean_ap=0.353, val_accuracy=0.595, val_f1=0.440, train_loss_epoch=1.010]
Epoch 2:  53%|█████▎    | 64/120 [14:40<12:50,  0.07it/s, v_num=6, train_loss_step=1.430, val_loss=0.914, val_mean_auc=0.646, val_mean_ap=0.353, val_accuracy=0.595, val_f1=0.440, train_loss_epoch=1.010]
Epoch 2:  54%|█████▍    | 65/120 [14:40<12:25,  0.07it/s, v_num=6, train_loss_step=1.430, val_loss=0.914, val_mean_auc=0.646, val_mean_ap=0.353, val_accuracy=0.595, val_f1=0.440, train_loss_epoch=1.010]
Epoch 2:  54%|█████▍    | 65/120 [14:41<12:25,  0.07it/s, v_num=6, train_loss_step=1.010, val_loss=0.914, val_mean_auc=0.646, val_mean_ap=0.353, val_accuracy=0.595, val_f1=0.440, train_loss_epoch=1.010]
Epoch 2:  55%|█████▌    | 66/120 [15:03<12:18,  0.07it/s, v_num=6, train_loss_step=1.010, val_loss=0.914, val_mean_auc=0.646, val_mean_ap=0.353, val_accuracy=0.595, val_f1=0.440, train_loss_epoch=1.010]
Epoch 2:  55%|█████▌    | 66/120 [15:03<12:19,  0.07it/s, v_num=6, train_loss_step=1.090, val_loss=0.914, val_mean_auc=0.646, val_mean_ap=0.353, val_accuracy=0.595, val_f1=0.440, train_loss_epoch=1.010]
Epoch 2:  56%|█████▌    | 67/120 [15:03<11:54,  0.07it/s, v_num=6, train_loss_step=1.090, val_loss=0.914, val_mean_auc=0.646, val_mean_ap=0.353, val_accuracy=0.595, val_f1=0.440, train_loss_epoch=1.010]
Epoch 2:  56%|█████▌    | 67/120 [15:04<11:55,  0.07it/s, v_num=6, train_loss_step=0.797, val_loss=0.914, val_mean_auc=0.646, val_mean_ap=0.353, val_accuracy=0.595, val_f1=0.440, train_loss_epoch=1.010]
Epoch 2:  57%|█████▋    | 68/120 [15:35<11:55,  0.07it/s, v_num=6, train_loss_step=0.797, val_loss=0.914, val_mean_auc=0.646, val_mean_ap=0.353, val_accuracy=0.595, val_f1=0.440, train_loss_epoch=1.010]
Epoch 2:  57%|█████▋    | 68/120 [15:36<11:55,  0.07it/s, v_num=6, train_loss_step=0.870, val_loss=0.914, val_mean_auc=0.646, val_mean_ap=0.353, val_accuracy=0.595, val_f1=0.440, train_loss_epoch=1.010]
Epoch 2:  57%|█████▊    | 69/120 [15:36<11:32,  0.07it/s, v_num=6, train_loss_step=0.870, val_loss=0.914, val_mean_auc=0.646, val_mean_ap=0.353, val_accuracy=0.595, val_f1=0.440, train_loss_epoch=1.010]
Epoch 2:  57%|█████▊    | 69/120 [15:36<11:32,  0.07it/s, v_num=6, train_loss_step=0.729, val_loss=0.914, val_mean_auc=0.646, val_mean_ap=0.353, val_accuracy=0.595, val_f1=0.440, train_loss_epoch=1.010]
Epoch 2:  58%|█████▊    | 70/120 [16:00<11:25,  0.07it/s, v_num=6, train_loss_step=0.729, val_loss=0.914, val_mean_auc=0.646, val_mean_ap=0.353, val_accuracy=0.595, val_f1=0.440, train_loss_epoch=1.010]
Epoch 2:  58%|█████▊    | 70/120 [16:00<11:26,  0.07it/s, v_num=6, train_loss_step=0.680, val_loss=0.914, val_mean_auc=0.646, val_mean_ap=0.353, val_accuracy=0.595, val_f1=0.440, train_loss_epoch=1.010]
Epoch 2:  59%|█████▉    | 71/120 [16:00<11:03,  0.07it/s, v_num=6, train_loss_step=0.680, val_loss=0.914, val_mean_auc=0.646, val_mean_ap=0.353, val_accuracy=0.595, val_f1=0.440, train_loss_epoch=1.010]
Epoch 2:  59%|█████▉    | 71/120 [16:01<11:03,  0.07it/s, v_num=6, train_loss_step=1.030, val_loss=0.914, val_mean_auc=0.646, val_mean_ap=0.353, val_accuracy=0.595, val_f1=0.440, train_loss_epoch=1.010]
Epoch 2:  60%|██████    | 72/120 [16:30<11:00,  0.07it/s, v_num=6, train_loss_step=1.030, val_loss=0.914, val_mean_auc=0.646, val_mean_ap=0.353, val_accuracy=0.595, val_f1=0.440, train_loss_epoch=1.010]
Epoch 2:  60%|██████    | 72/120 [16:30<11:00,  0.07it/s, v_num=6, train_loss_step=0.806, val_loss=0.914, val_mean_auc=0.646, val_mean_ap=0.353, val_accuracy=0.595, val_f1=0.440, train_loss_epoch=1.010]
Epoch 2:  61%|██████    | 73/120 [16:30<10:37,  0.07it/s, v_num=6, train_loss_step=0.806, val_loss=0.914, val_mean_auc=0.646, val_mean_ap=0.353, val_accuracy=0.595, val_f1=0.440, train_loss_epoch=1.010]
Epoch 2:  61%|██████    | 73/120 [16:31<10:38,  0.07it/s, v_num=6, train_loss_step=1.390, val_loss=0.914, val_mean_auc=0.646, val_mean_ap=0.353, val_accuracy=0.595, val_f1=0.440, train_loss_epoch=1.010]
Epoch 2:  62%|██████▏   | 74/120 [16:58<10:33,  0.07it/s, v_num=6, train_loss_step=1.390, val_loss=0.914, val_mean_auc=0.646, val_mean_ap=0.353, val_accuracy=0.595, val_f1=0.440, train_loss_epoch=1.010]
Epoch 2:  62%|██████▏   | 74/120 [16:59<10:33,  0.07it/s, v_num=6, train_loss_step=0.692, val_loss=0.914, val_mean_auc=0.646, val_mean_ap=0.353, val_accuracy=0.595, val_f1=0.440, train_loss_epoch=1.010]
Epoch 2:  62%|██████▎   | 75/120 [16:59<10:11,  0.07it/s, v_num=6, train_loss_step=0.692, val_loss=0.914, val_mean_auc=0.646, val_mean_ap=0.353, val_accuracy=0.595, val_f1=0.440, train_loss_epoch=1.010]
Epoch 2:  62%|██████▎   | 75/120 [16:59<10:11,  0.07it/s, v_num=6, train_loss_step=1.150, val_loss=0.914, val_mean_auc=0.646, val_mean_ap=0.353, val_accuracy=0.595, val_f1=0.440, train_loss_epoch=1.010]
Epoch 2:  63%|██████▎   | 76/120 [17:28<10:07,  0.07it/s, v_num=6, train_loss_step=1.150, val_loss=0.914, val_mean_auc=0.646, val_mean_ap=0.353, val_accuracy=0.595, val_f1=0.440, train_loss_epoch=1.010]
Epoch 2:  63%|██████▎   | 76/120 [17:29<10:07,  0.07it/s, v_num=6, train_loss_step=0.915, val_loss=0.914, val_mean_auc=0.646, val_mean_ap=0.353, val_accuracy=0.595, val_f1=0.440, train_loss_epoch=1.010]
Epoch 2:  64%|██████▍   | 77/120 [17:29<09:45,  0.07it/s, v_num=6, train_loss_step=0.915, val_loss=0.914, val_mean_auc=0.646, val_mean_ap=0.353, val_accuracy=0.595, val_f1=0.440, train_loss_epoch=1.010]
Epoch 2:  64%|██████▍   | 77/120 [17:29<09:46,  0.07it/s, v_num=6, train_loss_step=0.662, val_loss=0.914, val_mean_auc=0.646, val_mean_ap=0.353, val_accuracy=0.595, val_f1=0.440, train_loss_epoch=1.010]
Epoch 2:  65%|██████▌   | 78/120 [18:02<09:42,  0.07it/s, v_num=6, train_loss_step=0.662, val_loss=0.914, val_mean_auc=0.646, val_mean_ap=0.353, val_accuracy=0.595, val_f1=0.440, train_loss_epoch=1.010]
Epoch 2:  65%|██████▌   | 78/120 [18:02<09:42,  0.07it/s, v_num=6, train_loss_step=0.792, val_loss=0.914, val_mean_auc=0.646, val_mean_ap=0.353, val_accuracy=0.595, val_f1=0.440, train_loss_epoch=1.010]
Epoch 2:  66%|██████▌   | 79/120 [18:02<09:21,  0.07it/s, v_num=6, train_loss_step=0.792, val_loss=0.914, val_mean_auc=0.646, val_mean_ap=0.353, val_accuracy=0.595, val_f1=0.440, train_loss_epoch=1.010]
Epoch 2:  66%|██████▌   | 79/120 [18:03<09:22,  0.07it/s, v_num=6, train_loss_step=1.030, val_loss=0.914, val_mean_auc=0.646, val_mean_ap=0.353, val_accuracy=0.595, val_f1=0.440, train_loss_epoch=1.010]
Epoch 2:  67%|██████▋   | 80/120 [18:23<09:11,  0.07it/s, v_num=6, train_loss_step=1.030, val_loss=0.914, val_mean_auc=0.646, val_mean_ap=0.353, val_accuracy=0.595, val_f1=0.440, train_loss_epoch=1.010]
Epoch 2:  67%|██████▋   | 80/120 [18:23<09:11,  0.07it/s, v_num=6, train_loss_step=0.817, val_loss=0.914, val_mean_auc=0.646, val_mean_ap=0.353, val_accuracy=0.595, val_f1=0.440, train_loss_epoch=1.010]
Epoch 2:  68%|██████▊   | 81/120 [18:23<08:51,  0.07it/s, v_num=6, train_loss_step=0.817, val_loss=0.914, val_mean_auc=0.646, val_mean_ap=0.353, val_accuracy=0.595, val_f1=0.440, train_loss_epoch=1.010]
Epoch 2:  68%|██████▊   | 81/120 [18:24<08:51,  0.07it/s, v_num=6, train_loss_step=1.250, val_loss=0.914, val_mean_auc=0.646, val_mean_ap=0.353, val_accuracy=0.595, val_f1=0.440, train_loss_epoch=1.010]
Epoch 2:  68%|██████▊   | 82/120 [18:45<08:41,  0.07it/s, v_num=6, train_loss_step=1.250, val_loss=0.914, val_mean_auc=0.646, val_mean_ap=0.353, val_accuracy=0.595, val_f1=0.440, train_loss_epoch=1.010]
Epoch 2:  68%|██████▊   | 82/120 [18:46<08:42,  0.07it/s, v_num=6, train_loss_step=0.837, val_loss=0.914, val_mean_auc=0.646, val_mean_ap=0.353, val_accuracy=0.595, val_f1=0.440, train_loss_epoch=1.010]
Epoch 2:  69%|██████▉   | 83/120 [18:46<08:22,  0.07it/s, v_num=6, train_loss_step=0.837, val_loss=0.914, val_mean_auc=0.646, val_mean_ap=0.353, val_accuracy=0.595, val_f1=0.440, train_loss_epoch=1.010]
Epoch 2:  69%|██████▉   | 83/120 [18:46<08:22,  0.07it/s, v_num=6, train_loss_step=0.676, val_loss=0.914, val_mean_auc=0.646, val_mean_ap=0.353, val_accuracy=0.595, val_f1=0.440, train_loss_epoch=1.010]
Epoch 2:  70%|███████   | 84/120 [19:18<08:16,  0.07it/s, v_num=6, train_loss_step=0.676, val_loss=0.914, val_mean_auc=0.646, val_mean_ap=0.353, val_accuracy=0.595, val_f1=0.440, train_loss_epoch=1.010]
Epoch 2:  70%|███████   | 84/120 [19:18<08:16,  0.07it/s, v_num=6, train_loss_step=0.607, val_loss=0.914, val_mean_auc=0.646, val_mean_ap=0.353, val_accuracy=0.595, val_f1=0.440, train_loss_epoch=1.010]
Epoch 2:  71%|███████   | 85/120 [19:18<07:57,  0.07it/s, v_num=6, train_loss_step=0.607, val_loss=0.914, val_mean_auc=0.646, val_mean_ap=0.353, val_accuracy=0.595, val_f1=0.440, train_loss_epoch=1.010]
Epoch 2:  71%|███████   | 85/120 [19:19<07:57,  0.07it/s, v_num=6, train_loss_step=0.941, val_loss=0.914, val_mean_auc=0.646, val_mean_ap=0.353, val_accuracy=0.595, val_f1=0.440, train_loss_epoch=1.010]
Epoch 2:  72%|███████▏  | 86/120 [19:43<07:47,  0.07it/s, v_num=6, train_loss_step=0.941, val_loss=0.914, val_mean_auc=0.646, val_mean_ap=0.353, val_accuracy=0.595, val_f1=0.440, train_loss_epoch=1.010]
Epoch 2:  72%|███████▏  | 86/120 [19:43<07:47,  0.07it/s, v_num=6, train_loss_step=0.778, val_loss=0.914, val_mean_auc=0.646, val_mean_ap=0.353, val_accuracy=0.595, val_f1=0.440, train_loss_epoch=1.010]
Epoch 2:  72%|███████▎  | 87/120 [19:43<07:28,  0.07it/s, v_num=6, train_loss_step=0.778, val_loss=0.914, val_mean_auc=0.646, val_mean_ap=0.353, val_accuracy=0.595, val_f1=0.440, train_loss_epoch=1.010]
Epoch 2:  72%|███████▎  | 87/120 [19:43<07:29,  0.07it/s, v_num=6, train_loss_step=0.581, val_loss=0.914, val_mean_auc=0.646, val_mean_ap=0.353, val_accuracy=0.595, val_f1=0.440, train_loss_epoch=1.010]
Epoch 2:  73%|███████▎  | 88/120 [20:08<07:19,  0.07it/s, v_num=6, train_loss_step=0.581, val_loss=0.914, val_mean_auc=0.646, val_mean_ap=0.353, val_accuracy=0.595, val_f1=0.440, train_loss_epoch=1.010]
Epoch 2:  73%|███████▎  | 88/120 [20:08<07:19,  0.07it/s, v_num=6, train_loss_step=0.889, val_loss=0.914, val_mean_auc=0.646, val_mean_ap=0.353, val_accuracy=0.595, val_f1=0.440, train_loss_epoch=1.010]
Epoch 2:  74%|███████▍  | 89/120 [20:08<07:01,  0.07it/s, v_num=6, train_loss_step=0.889, val_loss=0.914, val_mean_auc=0.646, val_mean_ap=0.353, val_accuracy=0.595, val_f1=0.440, train_loss_epoch=1.010]
Epoch 2:  74%|███████▍  | 89/120 [20:09<07:01,  0.07it/s, v_num=6, train_loss_step=1.200, val_loss=0.914, val_mean_auc=0.646, val_mean_ap=0.353, val_accuracy=0.595, val_f1=0.440, train_loss_epoch=1.010]
Epoch 2:  75%|███████▌  | 90/120 [20:31<06:50,  0.07it/s, v_num=6, train_loss_step=1.200, val_loss=0.914, val_mean_auc=0.646, val_mean_ap=0.353, val_accuracy=0.595, val_f1=0.440, train_loss_epoch=1.010]
Epoch 2:  75%|███████▌  | 90/120 [20:31<06:50,  0.07it/s, v_num=6, train_loss_step=1.250, val_loss=0.914, val_mean_auc=0.646, val_mean_ap=0.353, val_accuracy=0.595, val_f1=0.440, train_loss_epoch=1.010]
Epoch 2:  76%|███████▌  | 91/120 [20:31<06:32,  0.07it/s, v_num=6, train_loss_step=1.250, val_loss=0.914, val_mean_auc=0.646, val_mean_ap=0.353, val_accuracy=0.595, val_f1=0.440, train_loss_epoch=1.010]
Epoch 2:  76%|███████▌  | 91/120 [20:31<06:32,  0.07it/s, v_num=6, train_loss_step=0.840, val_loss=0.914, val_mean_auc=0.646, val_mean_ap=0.353, val_accuracy=0.595, val_f1=0.440, train_loss_epoch=1.010]
Epoch 2:  77%|███████▋  | 92/120 [20:59<06:23,  0.07it/s, v_num=6, train_loss_step=0.840, val_loss=0.914, val_mean_auc=0.646, val_mean_ap=0.353, val_accuracy=0.595, val_f1=0.440, train_loss_epoch=1.010]
Epoch 2:  77%|███████▋  | 92/120 [20:59<06:23,  0.07it/s, v_num=6, train_loss_step=0.582, val_loss=0.914, val_mean_auc=0.646, val_mean_ap=0.353, val_accuracy=0.595, val_f1=0.440, train_loss_epoch=1.010]
Epoch 2:  78%|███████▊  | 93/120 [20:59<06:05,  0.07it/s, v_num=6, train_loss_step=0.582, val_loss=0.914, val_mean_auc=0.646, val_mean_ap=0.353, val_accuracy=0.595, val_f1=0.440, train_loss_epoch=1.010]
Epoch 2:  78%|███████▊  | 93/120 [20:59<06:05,  0.07it/s, v_num=6, train_loss_step=0.571, val_loss=0.914, val_mean_auc=0.646, val_mean_ap=0.353, val_accuracy=0.595, val_f1=0.440, train_loss_epoch=1.010]
Epoch 2:  78%|███████▊  | 94/120 [21:27<05:55,  0.07it/s, v_num=6, train_loss_step=0.571, val_loss=0.914, val_mean_auc=0.646, val_mean_ap=0.353, val_accuracy=0.595, val_f1=0.440, train_loss_epoch=1.010]
Epoch 2:  78%|███████▊  | 94/120 [21:27<05:56,  0.07it/s, v_num=6, train_loss_step=0.663, val_loss=0.914, val_mean_auc=0.646, val_mean_ap=0.353, val_accuracy=0.595, val_f1=0.440, train_loss_epoch=1.010]
Epoch 2:  79%|███████▉  | 95/120 [21:27<05:38,  0.07it/s, v_num=6, train_loss_step=0.663, val_loss=0.914, val_mean_auc=0.646, val_mean_ap=0.353, val_accuracy=0.595, val_f1=0.440, train_loss_epoch=1.010]
Epoch 2:  79%|███████▉  | 95/120 [21:27<05:38,  0.07it/s, v_num=6, train_loss_step=0.802, val_loss=0.914, val_mean_auc=0.646, val_mean_ap=0.353, val_accuracy=0.595, val_f1=0.440, train_loss_epoch=1.010]
Epoch 2:  80%|████████  | 96/120 [21:54<05:28,  0.07it/s, v_num=6, train_loss_step=0.802, val_loss=0.914, val_mean_auc=0.646, val_mean_ap=0.353, val_accuracy=0.595, val_f1=0.440, train_loss_epoch=1.010]
Epoch 2:  80%|████████  | 96/120 [21:55<05:28,  0.07it/s, v_num=6, train_loss_step=1.280, val_loss=0.914, val_mean_auc=0.646, val_mean_ap=0.353, val_accuracy=0.595, val_f1=0.440, train_loss_epoch=1.010]
Epoch 2:  81%|████████  | 97/120 [21:55<05:11,  0.07it/s, v_num=6, train_loss_step=1.280, val_loss=0.914, val_mean_auc=0.646, val_mean_ap=0.353, val_accuracy=0.595, val_f1=0.440, train_loss_epoch=1.010]
Epoch 2:  81%|████████  | 97/120 [21:55<05:11,  0.07it/s, v_num=6, train_loss_step=1.120, val_loss=0.914, val_mean_auc=0.646, val_mean_ap=0.353, val_accuracy=0.595, val_f1=0.440, train_loss_epoch=1.010]
Epoch 2:  82%|████████▏ | 98/120 [22:20<05:00,  0.07it/s, v_num=6, train_loss_step=1.120, val_loss=0.914, val_mean_auc=0.646, val_mean_ap=0.353, val_accuracy=0.595, val_f1=0.440, train_loss_epoch=1.010]
Epoch 2:  82%|████████▏ | 98/120 [22:21<05:01,  0.07it/s, v_num=6, train_loss_step=1.540, val_loss=0.914, val_mean_auc=0.646, val_mean_ap=0.353, val_accuracy=0.595, val_f1=0.440, train_loss_epoch=1.010]
Epoch 2:  82%|████████▎ | 99/120 [22:21<04:44,  0.07it/s, v_num=6, train_loss_step=1.540, val_loss=0.914, val_mean_auc=0.646, val_mean_ap=0.353, val_accuracy=0.595, val_f1=0.440, train_loss_epoch=1.010]
Epoch 2:  82%|████████▎ | 99/120 [22:21<04:44,  0.07it/s, v_num=6, train_loss_step=0.638, val_loss=0.914, val_mean_auc=0.646, val_mean_ap=0.353, val_accuracy=0.595, val_f1=0.440, train_loss_epoch=1.010]
Epoch 2:  83%|████████▎ | 100/120 [22:46<04:33,  0.07it/s, v_num=6, train_loss_step=0.638, val_loss=0.914, val_mean_auc=0.646, val_mean_ap=0.353, val_accuracy=0.595, val_f1=0.440, train_loss_epoch=1.010]
Epoch 2:  83%|████████▎ | 100/120 [22:47<04:33,  0.07it/s, v_num=6, train_loss_step=1.340, val_loss=0.914, val_mean_auc=0.646, val_mean_ap=0.353, val_accuracy=0.595, val_f1=0.440, train_loss_epoch=1.010]
Epoch 2:  84%|████████▍ | 101/120 [22:47<04:17,  0.07it/s, v_num=6, train_loss_step=1.340, val_loss=0.914, val_mean_auc=0.646, val_mean_ap=0.353, val_accuracy=0.595, val_f1=0.440, train_loss_epoch=1.010]
Epoch 2:  84%|████████▍ | 101/120 [22:47<04:17,  0.07it/s, v_num=6, train_loss_step=0.576, val_loss=0.914, val_mean_auc=0.646, val_mean_ap=0.353, val_accuracy=0.595, val_f1=0.440, train_loss_epoch=1.010]
Epoch 2:  85%|████████▌ | 102/120 [23:13<04:05,  0.07it/s, v_num=6, train_loss_step=0.576, val_loss=0.914, val_mean_auc=0.646, val_mean_ap=0.353, val_accuracy=0.595, val_f1=0.440, train_loss_epoch=1.010]
Epoch 2:  85%|████████▌ | 102/120 [23:13<04:05,  0.07it/s, v_num=6, train_loss_step=0.575, val_loss=0.914, val_mean_auc=0.646, val_mean_ap=0.353, val_accuracy=0.595, val_f1=0.440, train_loss_epoch=1.010]
Epoch 2:  86%|████████▌ | 103/120 [23:13<03:50,  0.07it/s, v_num=6, train_loss_step=0.575, val_loss=0.914, val_mean_auc=0.646, val_mean_ap=0.353, val_accuracy=0.595, val_f1=0.440, train_loss_epoch=1.010]
Epoch 2:  86%|████████▌ | 103/120 [23:13<03:50,  0.07it/s, v_num=6, train_loss_step=0.894, val_loss=0.914, val_mean_auc=0.646, val_mean_ap=0.353, val_accuracy=0.595, val_f1=0.440, train_loss_epoch=1.010]
Epoch 2:  87%|████████▋ | 104/120 [23:36<03:37,  0.07it/s, v_num=6, train_loss_step=0.894, val_loss=0.914, val_mean_auc=0.646, val_mean_ap=0.353, val_accuracy=0.595, val_f1=0.440, train_loss_epoch=1.010]
Epoch 2:  87%|████████▋ | 104/120 [23:37<03:38,  0.07it/s, v_num=6, train_loss_step=1.630, val_loss=0.914, val_mean_auc=0.646, val_mean_ap=0.353, val_accuracy=0.595, val_f1=0.440, train_loss_epoch=1.010]
Epoch 2:  88%|████████▊ | 105/120 [23:37<03:22,  0.07it/s, v_num=6, train_loss_step=1.630, val_loss=0.914, val_mean_auc=0.646, val_mean_ap=0.353, val_accuracy=0.595, val_f1=0.440, train_loss_epoch=1.010]
Epoch 2:  88%|████████▊ | 105/120 [23:37<03:22,  0.07it/s, v_num=6, train_loss_step=0.495, val_loss=0.914, val_mean_auc=0.646, val_mean_ap=0.353, val_accuracy=0.595, val_f1=0.440, train_loss_epoch=1.010]
Epoch 2:  88%|████████▊ | 106/120 [23:57<03:09,  0.07it/s, v_num=6, train_loss_step=0.495, val_loss=0.914, val_mean_auc=0.646, val_mean_ap=0.353, val_accuracy=0.595, val_f1=0.440, train_loss_epoch=1.010]
Epoch 2:  88%|████████▊ | 106/120 [23:57<03:09,  0.07it/s, v_num=6, train_loss_step=0.968, val_loss=0.914, val_mean_auc=0.646, val_mean_ap=0.353, val_accuracy=0.595, val_f1=0.440, train_loss_epoch=1.010]
Epoch 2:  89%|████████▉ | 107/120 [23:57<02:54,  0.07it/s, v_num=6, train_loss_step=0.968, val_loss=0.914, val_mean_auc=0.646, val_mean_ap=0.353, val_accuracy=0.595, val_f1=0.440, train_loss_epoch=1.010]
Epoch 2:  89%|████████▉ | 107/120 [23:58<02:54,  0.07it/s, v_num=6, train_loss_step=0.612, val_loss=0.914, val_mean_auc=0.646, val_mean_ap=0.353, val_accuracy=0.595, val_f1=0.440, train_loss_epoch=1.010]
Epoch 2:  90%|█████████ | 108/120 [24:19<02:42,  0.07it/s, v_num=6, train_loss_step=0.612, val_loss=0.914, val_mean_auc=0.646, val_mean_ap=0.353, val_accuracy=0.595, val_f1=0.440, train_loss_epoch=1.010]
Epoch 2:  90%|█████████ | 108/120 [24:19<02:42,  0.07it/s, v_num=6, train_loss_step=0.677, val_loss=0.914, val_mean_auc=0.646, val_mean_ap=0.353, val_accuracy=0.595, val_f1=0.440, train_loss_epoch=1.010]
Epoch 2:  91%|█████████ | 109/120 [24:19<02:27,  0.07it/s, v_num=6, train_loss_step=0.677, val_loss=0.914, val_mean_auc=0.646, val_mean_ap=0.353, val_accuracy=0.595, val_f1=0.440, train_loss_epoch=1.010]
Epoch 2:  91%|█████████ | 109/120 [24:20<02:27,  0.07it/s, v_num=6, train_loss_step=0.672, val_loss=0.914, val_mean_auc=0.646, val_mean_ap=0.353, val_accuracy=0.595, val_f1=0.440, train_loss_epoch=1.010]
Epoch 2:  92%|█████████▏| 110/120 [24:47<02:15,  0.07it/s, v_num=6, train_loss_step=0.672, val_loss=0.914, val_mean_auc=0.646, val_mean_ap=0.353, val_accuracy=0.595, val_f1=0.440, train_loss_epoch=1.010]
Epoch 2:  92%|█████████▏| 110/120 [24:48<02:15,  0.07it/s, v_num=6, train_loss_step=1.880, val_loss=0.914, val_mean_auc=0.646, val_mean_ap=0.353, val_accuracy=0.595, val_f1=0.440, train_loss_epoch=1.010]
Epoch 2:  92%|█████████▎| 111/120 [24:48<02:00,  0.07it/s, v_num=6, train_loss_step=1.880, val_loss=0.914, val_mean_auc=0.646, val_mean_ap=0.353, val_accuracy=0.595, val_f1=0.440, train_loss_epoch=1.010]
Epoch 2:  92%|█████████▎| 111/120 [24:48<02:00,  0.07it/s, v_num=6, train_loss_step=0.914, val_loss=0.914, val_mean_auc=0.646, val_mean_ap=0.353, val_accuracy=0.595, val_f1=0.440, train_loss_epoch=1.010]
Epoch 2:  93%|█████████▎| 112/120 [25:15<01:48,  0.07it/s, v_num=6, train_loss_step=0.914, val_loss=0.914, val_mean_auc=0.646, val_mean_ap=0.353, val_accuracy=0.595, val_f1=0.440, train_loss_epoch=1.010]
Epoch 2:  93%|█████████▎| 112/120 [25:15<01:48,  0.07it/s, v_num=6, train_loss_step=1.630, val_loss=0.914, val_mean_auc=0.646, val_mean_ap=0.353, val_accuracy=0.595, val_f1=0.440, train_loss_epoch=1.010]
Epoch 2:  94%|█████████▍| 113/120 [25:15<01:33,  0.07it/s, v_num=6, train_loss_step=1.630, val_loss=0.914, val_mean_auc=0.646, val_mean_ap=0.353, val_accuracy=0.595, val_f1=0.440, train_loss_epoch=1.010]
Epoch 2:  94%|█████████▍| 113/120 [25:16<01:33,  0.07it/s, v_num=6, train_loss_step=0.958, val_loss=0.914, val_mean_auc=0.646, val_mean_ap=0.353, val_accuracy=0.595, val_f1=0.440, train_loss_epoch=1.010]
Epoch 2:  95%|█████████▌| 114/120 [25:35<01:20,  0.07it/s, v_num=6, train_loss_step=0.958, val_loss=0.914, val_mean_auc=0.646, val_mean_ap=0.353, val_accuracy=0.595, val_f1=0.440, train_loss_epoch=1.010]
Epoch 2:  95%|█████████▌| 114/120 [25:35<01:20,  0.07it/s, v_num=6, train_loss_step=0.698, val_loss=0.914, val_mean_auc=0.646, val_mean_ap=0.353, val_accuracy=0.595, val_f1=0.440, train_loss_epoch=1.010]
Epoch 2:  96%|█████████▌| 115/120 [25:35<01:06,  0.07it/s, v_num=6, train_loss_step=0.698, val_loss=0.914, val_mean_auc=0.646, val_mean_ap=0.353, val_accuracy=0.595, val_f1=0.440, train_loss_epoch=1.010]
Epoch 2:  96%|█████████▌| 115/120 [25:36<01:06,  0.07it/s, v_num=6, train_loss_step=0.782, val_loss=0.914, val_mean_auc=0.646, val_mean_ap=0.353, val_accuracy=0.595, val_f1=0.440, train_loss_epoch=1.010]
Epoch 2:  97%|█████████▋| 116/120 [26:04<00:53,  0.07it/s, v_num=6, train_loss_step=0.782, val_loss=0.914, val_mean_auc=0.646, val_mean_ap=0.353, val_accuracy=0.595, val_f1=0.440, train_loss_epoch=1.010]
Epoch 2:  97%|█████████▋| 116/120 [26:04<00:53,  0.07it/s, v_num=6, train_loss_step=1.350, val_loss=0.914, val_mean_auc=0.646, val_mean_ap=0.353, val_accuracy=0.595, val_f1=0.440, train_loss_epoch=1.010]
Epoch 2:  98%|█████████▊| 117/120 [26:04<00:40,  0.07it/s, v_num=6, train_loss_step=1.350, val_loss=0.914, val_mean_auc=0.646, val_mean_ap=0.353, val_accuracy=0.595, val_f1=0.440, train_loss_epoch=1.010]
Epoch 2:  98%|█████████▊| 117/120 [26:05<00:40,  0.07it/s, v_num=6, train_loss_step=1.210, val_loss=0.914, val_mean_auc=0.646, val_mean_ap=0.353, val_accuracy=0.595, val_f1=0.440, train_loss_epoch=1.010]
Epoch 2:  98%|█████████▊| 118/120 [26:28<00:26,  0.07it/s, v_num=6, train_loss_step=1.210, val_loss=0.914, val_mean_auc=0.646, val_mean_ap=0.353, val_accuracy=0.595, val_f1=0.440, train_loss_epoch=1.010]
Epoch 2:  98%|█████████▊| 118/120 [26:29<00:26,  0.07it/s, v_num=6, train_loss_step=0.977, val_loss=0.914, val_mean_auc=0.646, val_mean_ap=0.353, val_accuracy=0.595, val_f1=0.440, train_loss_epoch=1.010]
Epoch 2:  99%|█████████▉| 119/120 [26:29<00:13,  0.07it/s, v_num=6, train_loss_step=0.977, val_loss=0.914, val_mean_auc=0.646, val_mean_ap=0.353, val_accuracy=0.595, val_f1=0.440, train_loss_epoch=1.010]
Epoch 2:  99%|█████████▉| 119/120 [26:29<00:13,  0.07it/s, v_num=6, train_loss_step=0.895, val_loss=0.914, val_mean_auc=0.646, val_mean_ap=0.353, val_accuracy=0.595, val_f1=0.440, train_loss_epoch=1.010]
Epoch 2: 100%|██████████| 120/120 [27:06<00:00,  0.07it/s, v_num=6, train_loss_step=0.895, val_loss=0.914, val_mean_auc=0.646, val_mean_ap=0.353, val_accuracy=0.595, val_f1=0.440, train_loss_epoch=1.010]
Epoch 2: 100%|██████████| 120/120 [27:07<00:00,  0.07it/s, v_num=6, train_loss_step=1.050, val_loss=0.914, val_mean_auc=0.646, val_mean_ap=0.353, val_accuracy=0.595, val_f1=0.440, train_loss_epoch=1.010]

Validation: |          | 0/? [00:00<?, ?it/s][A

Validation: |          | 0/? [00:00<?, ?it/s][A

Validation DataLoader 0:   0%|          | 0/15 [00:00<?, ?it/s][A

Validation DataLoader 0:   7%|▋         | 1/15 [00:00<00:06,  2.04it/s][A

Validation DataLoader 0:  13%|█▎        | 2/15 [00:00<00:06,  2.07it/s][A

Validation DataLoader 0:  20%|██        | 3/15 [00:21<01:26,  0.14it/s][A

Validation DataLoader 0:  27%|██▋       | 4/15 [00:22<01:01,  0.18it/s][A

Validation DataLoader 0:  33%|███▎      | 5/15 [00:45<01:31,  0.11it/s][A

Validation DataLoader 0:  40%|████      | 6/15 [00:46<01:09,  0.13it/s][A

Validation DataLoader 0:  47%|████▋     | 7/15 [01:07<01:17,  0.10it/s][A

Validation DataLoader 0:  53%|█████▎    | 8/15 [01:08<01:00,  0.12it/s][A

Validation DataLoader 0:  60%|██████    | 9/15 [01:25<00:56,  0.11it/s][A

Validation DataLoader 0:  67%|██████▋   | 10/15 [01:34<00:47,  0.11it/s][A

Validation DataLoader 0:  73%|███████▎  | 11/15 [01:51<00:40,  0.10it/s][A

Validation DataLoader 0:  80%|████████  | 12/15 [01:54<00:28,  0.10it/s][A

Validation DataLoader 0:  87%|████████▋ | 13/15 [02:14<00:20,  0.10it/s][A

Validation DataLoader 0:  93%|█████████▎| 14/15 [02:19<00:09,  0.10it/s][A

Validation DataLoader 0: 100%|██████████| 15/15 [02:33<00:00,  0.10it/s][A

                                                                        [A
Epoch 2: 100%|██████████| 120/120 [30:07<00:00,  0.07it/s, v_num=6, train_loss_step=1.050, val_loss=0.902, val_mean_auc=0.652, val_mean_ap=0.353, val_accuracy=0.653, val_f1=0.467, train_loss_epoch=1.010]
Epoch 2: 100%|██████████| 120/120 [30:07<00:00,  0.07it/s, v_num=6, train_loss_step=1.050, val_loss=0.902, val_mean_auc=0.652, val_mean_ap=0.353, val_accuracy=0.653, val_f1=0.467, train_loss_epoch=0.969]
Epoch 2:   0%|          | 0/120 [00:00<?, ?it/s, v_num=6, train_loss_step=1.050, val_loss=0.902, val_mean_auc=0.652, val_mean_ap=0.353, val_accuracy=0.653, val_f1=0.467, train_loss_epoch=0.969]          
Epoch 3:   0%|          | 0/120 [00:00<?, ?it/s, v_num=6, train_loss_step=1.050, val_loss=0.902, val_mean_auc=0.652, val_mean_ap=0.353, val_accuracy=0.653, val_f1=0.467, train_loss_epoch=0.969]
Epoch 3:   1%|          | 1/120 [00:27<53:50,  0.04it/s, v_num=6, train_loss_step=1.050, val_loss=0.902, val_mean_auc=0.652, val_mean_ap=0.353, val_accuracy=0.653, val_f1=0.467, train_loss_epoch=0.969]
Epoch 3:   1%|          | 1/120 [00:27<54:42,  0.04it/s, v_num=6, train_loss_step=1.630, val_loss=0.902, val_mean_auc=0.652, val_mean_ap=0.353, val_accuracy=0.653, val_f1=0.467, train_loss_epoch=0.969]
Epoch 3:   2%|▏         | 2/120 [00:27<27:09,  0.07it/s, v_num=6, train_loss_step=1.630, val_loss=0.902, val_mean_auc=0.652, val_mean_ap=0.353, val_accuracy=0.653, val_f1=0.467, train_loss_epoch=0.969]
Epoch 3:   2%|▏         | 2/120 [00:28<27:34,  0.07it/s, v_num=6, train_loss_step=0.891, val_loss=0.902, val_mean_auc=0.652, val_mean_ap=0.353, val_accuracy=0.653, val_f1=0.467, train_loss_epoch=0.969]
Epoch 3:   2%|▎         | 3/120 [00:55<35:50,  0.05it/s, v_num=6, train_loss_step=0.891, val_loss=0.902, val_mean_auc=0.652, val_mean_ap=0.353, val_accuracy=0.653, val_f1=0.467, train_loss_epoch=0.969]
Epoch 3:   2%|▎         | 3/120 [00:55<36:06,  0.05it/s, v_num=6, train_loss_step=1.070, val_loss=0.902, val_mean_auc=0.652, val_mean_ap=0.353, val_accuracy=0.653, val_f1=0.467, train_loss_epoch=0.969]
Epoch 3:   3%|▎         | 4/120 [00:55<26:52,  0.07it/s, v_num=6, train_loss_step=1.070, val_loss=0.902, val_mean_auc=0.652, val_mean_ap=0.353, val_accuracy=0.653, val_f1=0.467, train_loss_epoch=0.969]
Epoch 3:   3%|▎         | 4/120 [00:56<27:04,  0.07it/s, v_num=6, train_loss_step=0.898, val_loss=0.902, val_mean_auc=0.652, val_mean_ap=0.353, val_accuracy=0.653, val_f1=0.467, train_loss_epoch=0.969]
Epoch 3:   4%|▍         | 5/120 [01:16<29:24,  0.07it/s, v_num=6, train_loss_step=0.898, val_loss=0.902, val_mean_auc=0.652, val_mean_ap=0.353, val_accuracy=0.653, val_f1=0.467, train_loss_epoch=0.969]
Epoch 3:   4%|▍         | 5/120 [01:17<29:35,  0.06it/s, v_num=6, train_loss_step=1.130, val_loss=0.902, val_mean_auc=0.652, val_mean_ap=0.353, val_accuracy=0.653, val_f1=0.467, train_loss_epoch=0.969]
Epoch 3:   5%|▌         | 6/120 [01:19<25:10,  0.08it/s, v_num=6, train_loss_step=1.130, val_loss=0.902, val_mean_auc=0.652, val_mean_ap=0.353, val_accuracy=0.653, val_f1=0.467, train_loss_epoch=0.969]
Epoch 3:   5%|▌         | 6/120 [01:19<25:18,  0.08it/s, v_num=6, train_loss_step=0.671, val_loss=0.902, val_mean_auc=0.652, val_mean_ap=0.353, val_accuracy=0.653, val_f1=0.467, train_loss_epoch=0.969]
Epoch 3:   6%|▌         | 7/120 [01:42<27:32,  0.07it/s, v_num=6, train_loss_step=0.671, val_loss=0.902, val_mean_auc=0.652, val_mean_ap=0.353, val_accuracy=0.653, val_f1=0.467, train_loss_epoch=0.969]
Epoch 3:   6%|▌         | 7/120 [01:42<27:39,  0.07it/s, v_num=6, train_loss_step=1.320, val_loss=0.902, val_mean_auc=0.652, val_mean_ap=0.353, val_accuracy=0.653, val_f1=0.467, train_loss_epoch=0.969]
Epoch 3:   7%|▋         | 8/120 [01:42<23:59,  0.08it/s, v_num=6, train_loss_step=1.320, val_loss=0.902, val_mean_auc=0.652, val_mean_ap=0.353, val_accuracy=0.653, val_f1=0.467, train_loss_epoch=0.969]
Epoch 3:   7%|▋         | 8/120 [01:43<24:05,  0.08it/s, v_num=6, train_loss_step=1.220, val_loss=0.902, val_mean_auc=0.652, val_mean_ap=0.353, val_accuracy=0.653, val_f1=0.467, train_loss_epoch=0.969]
Epoch 3:   8%|▊         | 9/120 [02:10<26:50,  0.07it/s, v_num=6, train_loss_step=1.220, val_loss=0.902, val_mean_auc=0.652, val_mean_ap=0.353, val_accuracy=0.653, val_f1=0.467, train_loss_epoch=0.969]
Epoch 3:   8%|▊         | 9/120 [02:11<26:56,  0.07it/s, v_num=6, train_loss_step=1.100, val_loss=0.902, val_mean_auc=0.652, val_mean_ap=0.353, val_accuracy=0.653, val_f1=0.467, train_loss_epoch=0.969]
Epoch 3:   8%|▊         | 10/120 [02:11<24:02,  0.08it/s, v_num=6, train_loss_step=1.100, val_loss=0.902, val_mean_auc=0.652, val_mean_ap=0.353, val_accuracy=0.653, val_f1=0.467, train_loss_epoch=0.969]
Epoch 3:   8%|▊         | 10/120 [02:11<24:06,  0.08it/s, v_num=6, train_loss_step=0.774, val_loss=0.902, val_mean_auc=0.652, val_mean_ap=0.353, val_accuracy=0.653, val_f1=0.467, train_loss_epoch=0.969]
Epoch 3:   9%|▉         | 11/120 [02:40<26:29,  0.07it/s, v_num=6, train_loss_step=0.774, val_loss=0.902, val_mean_auc=0.652, val_mean_ap=0.353, val_accuracy=0.653, val_f1=0.467, train_loss_epoch=0.969]
Epoch 3:   9%|▉         | 11/120 [02:40<26:33,  0.07it/s, v_num=6, train_loss_step=0.754, val_loss=0.902, val_mean_auc=0.652, val_mean_ap=0.353, val_accuracy=0.653, val_f1=0.467, train_loss_epoch=0.969]
Epoch 3:  10%|█         | 12/120 [02:40<24:07,  0.07it/s, v_num=6, train_loss_step=0.754, val_loss=0.902, val_mean_auc=0.652, val_mean_ap=0.353, val_accuracy=0.653, val_f1=0.467, train_loss_epoch=0.969]
Epoch 3:  10%|█         | 12/120 [02:41<24:11,  0.07it/s, v_num=6, train_loss_step=0.925, val_loss=0.902, val_mean_auc=0.652, val_mean_ap=0.353, val_accuracy=0.653, val_f1=0.467, train_loss_epoch=0.969]
Epoch 3:  11%|█         | 13/120 [03:09<26:00,  0.07it/s, v_num=6, train_loss_step=0.925, val_loss=0.902, val_mean_auc=0.652, val_mean_ap=0.353, val_accuracy=0.653, val_f1=0.467, train_loss_epoch=0.969]
Epoch 3:  11%|█         | 13/120 [03:10<26:04,  0.07it/s, v_num=6, train_loss_step=0.948, val_loss=0.902, val_mean_auc=0.652, val_mean_ap=0.353, val_accuracy=0.653, val_f1=0.467, train_loss_epoch=0.969]
Epoch 3:  12%|█▏        | 14/120 [03:10<23:59,  0.07it/s, v_num=6, train_loss_step=0.948, val_loss=0.902, val_mean_auc=0.652, val_mean_ap=0.353, val_accuracy=0.653, val_f1=0.467, train_loss_epoch=0.969]
Epoch 3:  12%|█▏        | 14/120 [03:10<24:02,  0.07it/s, v_num=6, train_loss_step=0.841, val_loss=0.902, val_mean_auc=0.652, val_mean_ap=0.353, val_accuracy=0.653, val_f1=0.467, train_loss_epoch=0.969]
Epoch 3:  12%|█▎        | 15/120 [03:35<25:08,  0.07it/s, v_num=6, train_loss_step=0.841, val_loss=0.902, val_mean_auc=0.652, val_mean_ap=0.353, val_accuracy=0.653, val_f1=0.467, train_loss_epoch=0.969]
Epoch 3:  12%|█▎        | 15/120 [03:35<25:11,  0.07it/s, v_num=6, train_loss_step=0.740, val_loss=0.902, val_mean_auc=0.652, val_mean_ap=0.353, val_accuracy=0.653, val_f1=0.467, train_loss_epoch=0.969]
Epoch 3:  13%|█▎        | 16/120 [03:36<23:24,  0.07it/s, v_num=6, train_loss_step=0.740, val_loss=0.902, val_mean_auc=0.652, val_mean_ap=0.353, val_accuracy=0.653, val_f1=0.467, train_loss_epoch=0.969]
Epoch 3:  13%|█▎        | 16/120 [03:36<23:27,  0.07it/s, v_num=6, train_loss_step=1.010, val_loss=0.902, val_mean_auc=0.652, val_mean_ap=0.353, val_accuracy=0.653, val_f1=0.467, train_loss_epoch=0.969]
Epoch 3:  14%|█▍        | 17/120 [03:57<24:00,  0.07it/s, v_num=6, train_loss_step=1.010, val_loss=0.902, val_mean_auc=0.652, val_mean_ap=0.353, val_accuracy=0.653, val_f1=0.467, train_loss_epoch=0.969]
Epoch 3:  14%|█▍        | 17/120 [03:58<24:02,  0.07it/s, v_num=6, train_loss_step=0.892, val_loss=0.902, val_mean_auc=0.652, val_mean_ap=0.353, val_accuracy=0.653, val_f1=0.467, train_loss_epoch=0.969]
Epoch 3:  15%|█▌        | 18/120 [03:58<22:29,  0.08it/s, v_num=6, train_loss_step=0.892, val_loss=0.902, val_mean_auc=0.652, val_mean_ap=0.353, val_accuracy=0.653, val_f1=0.467, train_loss_epoch=0.969]
Epoch 3:  15%|█▌        | 18/120 [03:58<22:32,  0.08it/s, v_num=6, train_loss_step=1.050, val_loss=0.902, val_mean_auc=0.652, val_mean_ap=0.353, val_accuracy=0.653, val_f1=0.467, train_loss_epoch=0.969]
Epoch 3:  16%|█▌        | 19/120 [04:24<23:24,  0.07it/s, v_num=6, train_loss_step=1.050, val_loss=0.902, val_mean_auc=0.652, val_mean_ap=0.353, val_accuracy=0.653, val_f1=0.467, train_loss_epoch=0.969]
Epoch 3:  16%|█▌        | 19/120 [04:24<23:26,  0.07it/s, v_num=6, train_loss_step=0.675, val_loss=0.902, val_mean_auc=0.652, val_mean_ap=0.353, val_accuracy=0.653, val_f1=0.467, train_loss_epoch=0.969]
Epoch 3:  17%|█▋        | 20/120 [04:24<22:03,  0.08it/s, v_num=6, train_loss_step=0.675, val_loss=0.902, val_mean_auc=0.652, val_mean_ap=0.353, val_accuracy=0.653, val_f1=0.467, train_loss_epoch=0.969]
Epoch 3:  17%|█▋        | 20/120 [04:25<22:05,  0.08it/s, v_num=6, train_loss_step=1.410, val_loss=0.902, val_mean_auc=0.652, val_mean_ap=0.353, val_accuracy=0.653, val_f1=0.467, train_loss_epoch=0.969]
Epoch 3:  18%|█▊        | 21/120 [04:51<22:55,  0.07it/s, v_num=6, train_loss_step=1.410, val_loss=0.902, val_mean_auc=0.652, val_mean_ap=0.353, val_accuracy=0.653, val_f1=0.467, train_loss_epoch=0.969]
Epoch 3:  18%|█▊        | 21/120 [04:52<22:57,  0.07it/s, v_num=6, train_loss_step=1.400, val_loss=0.902, val_mean_auc=0.652, val_mean_ap=0.353, val_accuracy=0.653, val_f1=0.467, train_loss_epoch=0.969]
Epoch 3:  18%|█▊        | 22/120 [04:52<21:41,  0.08it/s, v_num=6, train_loss_step=1.400, val_loss=0.902, val_mean_auc=0.652, val_mean_ap=0.353, val_accuracy=0.653, val_f1=0.467, train_loss_epoch=0.969]
Epoch 3:  18%|█▊        | 22/120 [04:52<21:43,  0.08it/s, v_num=6, train_loss_step=1.210, val_loss=0.902, val_mean_auc=0.652, val_mean_ap=0.353, val_accuracy=0.653, val_f1=0.467, train_loss_epoch=0.969]
Epoch 3:  19%|█▉        | 23/120 [05:19<22:26,  0.07it/s, v_num=6, train_loss_step=1.210, val_loss=0.902, val_mean_auc=0.652, val_mean_ap=0.353, val_accuracy=0.653, val_f1=0.467, train_loss_epoch=0.969]
Epoch 3:  19%|█▉        | 23/120 [05:19<22:28,  0.07it/s, v_num=6, train_loss_step=0.919, val_loss=0.902, val_mean_auc=0.652, val_mean_ap=0.353, val_accuracy=0.653, val_f1=0.467, train_loss_epoch=0.969]
Epoch 3:  20%|██        | 24/120 [05:19<21:19,  0.08it/s, v_num=6, train_loss_step=0.919, val_loss=0.902, val_mean_auc=0.652, val_mean_ap=0.353, val_accuracy=0.653, val_f1=0.467, train_loss_epoch=0.969]
Epoch 3:  20%|██        | 24/120 [05:20<21:21,  0.07it/s, v_num=6, train_loss_step=0.999, val_loss=0.902, val_mean_auc=0.652, val_mean_ap=0.353, val_accuracy=0.653, val_f1=0.467, train_loss_epoch=0.969]
Epoch 3:  21%|██        | 25/120 [05:43<21:44,  0.07it/s, v_num=6, train_loss_step=0.999, val_loss=0.902, val_mean_auc=0.652, val_mean_ap=0.353, val_accuracy=0.653, val_f1=0.467, train_loss_epoch=0.969]
Epoch 3:  21%|██        | 25/120 [05:43<21:46,  0.07it/s, v_num=6, train_loss_step=1.150, val_loss=0.902, val_mean_auc=0.652, val_mean_ap=0.353, val_accuracy=0.653, val_f1=0.467, train_loss_epoch=0.969]
Epoch 3:  22%|██▏       | 26/120 [05:43<20:43,  0.08it/s, v_num=6, train_loss_step=1.150, val_loss=0.902, val_mean_auc=0.652, val_mean_ap=0.353, val_accuracy=0.653, val_f1=0.467, train_loss_epoch=0.969]
Epoch 3:  22%|██▏       | 26/120 [05:44<20:44,  0.08it/s, v_num=6, train_loss_step=1.080, val_loss=0.902, val_mean_auc=0.652, val_mean_ap=0.353, val_accuracy=0.653, val_f1=0.467, train_loss_epoch=0.969]
Epoch 3:  22%|██▎       | 27/120 [06:07<21:05,  0.07it/s, v_num=6, train_loss_step=1.080, val_loss=0.902, val_mean_auc=0.652, val_mean_ap=0.353, val_accuracy=0.653, val_f1=0.467, train_loss_epoch=0.969]
Epoch 3:  22%|██▎       | 27/120 [06:07<21:06,  0.07it/s, v_num=6, train_loss_step=0.735, val_loss=0.902, val_mean_auc=0.652, val_mean_ap=0.353, val_accuracy=0.653, val_f1=0.467, train_loss_epoch=0.969]
Epoch 3:  23%|██▎       | 28/120 [06:07<20:08,  0.08it/s, v_num=6, train_loss_step=0.735, val_loss=0.902, val_mean_auc=0.652, val_mean_ap=0.353, val_accuracy=0.653, val_f1=0.467, train_loss_epoch=0.969]
Epoch 3:  23%|██▎       | 28/120 [06:08<20:10,  0.08it/s, v_num=6, train_loss_step=0.910, val_loss=0.902, val_mean_auc=0.652, val_mean_ap=0.353, val_accuracy=0.653, val_f1=0.467, train_loss_epoch=0.969]
Epoch 3:  24%|██▍       | 29/120 [06:32<20:32,  0.07it/s, v_num=6, train_loss_step=0.910, val_loss=0.902, val_mean_auc=0.652, val_mean_ap=0.353, val_accuracy=0.653, val_f1=0.467, train_loss_epoch=0.969]
Epoch 3:  24%|██▍       | 29/120 [06:33<20:34,  0.07it/s, v_num=6, train_loss_step=1.080, val_loss=0.902, val_mean_auc=0.652, val_mean_ap=0.353, val_accuracy=0.653, val_f1=0.467, train_loss_epoch=0.969]
Epoch 3:  25%|██▌       | 30/120 [06:33<19:40,  0.08it/s, v_num=6, train_loss_step=1.080, val_loss=0.902, val_mean_auc=0.652, val_mean_ap=0.353, val_accuracy=0.653, val_f1=0.467, train_loss_epoch=0.969]
Epoch 3:  25%|██▌       | 30/120 [06:33<19:41,  0.08it/s, v_num=6, train_loss_step=1.210, val_loss=0.902, val_mean_auc=0.652, val_mean_ap=0.353, val_accuracy=0.653, val_f1=0.467, train_loss_epoch=0.969]
Epoch 3:  26%|██▌       | 31/120 [07:04<20:18,  0.07it/s, v_num=6, train_loss_step=1.210, val_loss=0.902, val_mean_auc=0.652, val_mean_ap=0.353, val_accuracy=0.653, val_f1=0.467, train_loss_epoch=0.969]
Epoch 3:  26%|██▌       | 31/120 [07:04<20:19,  0.07it/s, v_num=6, train_loss_step=0.679, val_loss=0.902, val_mean_auc=0.652, val_mean_ap=0.353, val_accuracy=0.653, val_f1=0.467, train_loss_epoch=0.969]
Epoch 3:  27%|██▋       | 32/120 [07:04<19:28,  0.08it/s, v_num=6, train_loss_step=0.679, val_loss=0.902, val_mean_auc=0.652, val_mean_ap=0.353, val_accuracy=0.653, val_f1=0.467, train_loss_epoch=0.969]
Epoch 3:  27%|██▋       | 32/120 [07:05<19:29,  0.08it/s, v_num=6, train_loss_step=1.070, val_loss=0.902, val_mean_auc=0.652, val_mean_ap=0.353, val_accuracy=0.653, val_f1=0.467, train_loss_epoch=0.969]
Epoch 3:  28%|██▊       | 33/120 [07:26<19:36,  0.07it/s, v_num=6, train_loss_step=1.070, val_loss=0.902, val_mean_auc=0.652, val_mean_ap=0.353, val_accuracy=0.653, val_f1=0.467, train_loss_epoch=0.969]
Epoch 3:  28%|██▊       | 33/120 [07:26<19:38,  0.07it/s, v_num=6, train_loss_step=0.887, val_loss=0.902, val_mean_auc=0.652, val_mean_ap=0.353, val_accuracy=0.653, val_f1=0.467, train_loss_epoch=0.969]
Epoch 3:  28%|██▊       | 34/120 [07:26<18:50,  0.08it/s, v_num=6, train_loss_step=0.887, val_loss=0.902, val_mean_auc=0.652, val_mean_ap=0.353, val_accuracy=0.653, val_f1=0.467, train_loss_epoch=0.969]
Epoch 3:  28%|██▊       | 34/120 [07:27<18:51,  0.08it/s, v_num=6, train_loss_step=1.090, val_loss=0.902, val_mean_auc=0.652, val_mean_ap=0.353, val_accuracy=0.653, val_f1=0.467, train_loss_epoch=0.969]
Epoch 3:  29%|██▉       | 35/120 [07:51<19:04,  0.07it/s, v_num=6, train_loss_step=1.090, val_loss=0.902, val_mean_auc=0.652, val_mean_ap=0.353, val_accuracy=0.653, val_f1=0.467, train_loss_epoch=0.969]
Epoch 3:  29%|██▉       | 35/120 [07:51<19:06,  0.07it/s, v_num=6, train_loss_step=0.646, val_loss=0.902, val_mean_auc=0.652, val_mean_ap=0.353, val_accuracy=0.653, val_f1=0.467, train_loss_epoch=0.969]
Epoch 3:  30%|███       | 36/120 [07:51<18:21,  0.08it/s, v_num=6, train_loss_step=0.646, val_loss=0.902, val_mean_auc=0.652, val_mean_ap=0.353, val_accuracy=0.653, val_f1=0.467, train_loss_epoch=0.969]
Epoch 3:  30%|███       | 36/120 [07:52<18:22,  0.08it/s, v_num=6, train_loss_step=1.280, val_loss=0.902, val_mean_auc=0.652, val_mean_ap=0.353, val_accuracy=0.653, val_f1=0.467, train_loss_epoch=0.969]
Epoch 3:  31%|███       | 37/120 [08:18<18:37,  0.07it/s, v_num=6, train_loss_step=1.280, val_loss=0.902, val_mean_auc=0.652, val_mean_ap=0.353, val_accuracy=0.653, val_f1=0.467, train_loss_epoch=0.969]
Epoch 3:  31%|███       | 37/120 [08:18<18:38,  0.07it/s, v_num=6, train_loss_step=1.260, val_loss=0.902, val_mean_auc=0.652, val_mean_ap=0.353, val_accuracy=0.653, val_f1=0.467, train_loss_epoch=0.969]
Epoch 3:  32%|███▏      | 38/120 [08:18<17:55,  0.08it/s, v_num=6, train_loss_step=1.260, val_loss=0.902, val_mean_auc=0.652, val_mean_ap=0.353, val_accuracy=0.653, val_f1=0.467, train_loss_epoch=0.969]
Epoch 3:  32%|███▏      | 38/120 [08:19<17:56,  0.08it/s, v_num=6, train_loss_step=0.695, val_loss=0.902, val_mean_auc=0.652, val_mean_ap=0.353, val_accuracy=0.653, val_f1=0.467, train_loss_epoch=0.969]
Epoch 3:  32%|███▎      | 39/120 [08:47<18:16,  0.07it/s, v_num=6, train_loss_step=0.695, val_loss=0.902, val_mean_auc=0.652, val_mean_ap=0.353, val_accuracy=0.653, val_f1=0.467, train_loss_epoch=0.969]
Epoch 3:  32%|███▎      | 39/120 [08:48<18:17,  0.07it/s, v_num=6, train_loss_step=0.951, val_loss=0.902, val_mean_auc=0.652, val_mean_ap=0.353, val_accuracy=0.653, val_f1=0.467, train_loss_epoch=0.969]
Epoch 3:  33%|███▎      | 40/120 [08:48<17:36,  0.08it/s, v_num=6, train_loss_step=0.951, val_loss=0.902, val_mean_auc=0.652, val_mean_ap=0.353, val_accuracy=0.653, val_f1=0.467, train_loss_epoch=0.969]
Epoch 3:  33%|███▎      | 40/120 [08:48<17:37,  0.08it/s, v_num=6, train_loss_step=1.040, val_loss=0.902, val_mean_auc=0.652, val_mean_ap=0.353, val_accuracy=0.653, val_f1=0.467, train_loss_epoch=0.969]
Epoch 3:  34%|███▍      | 41/120 [09:15<17:50,  0.07it/s, v_num=6, train_loss_step=1.040, val_loss=0.902, val_mean_auc=0.652, val_mean_ap=0.353, val_accuracy=0.653, val_f1=0.467, train_loss_epoch=0.969]
Epoch 3:  34%|███▍      | 41/120 [09:16<17:51,  0.07it/s, v_num=6, train_loss_step=0.737, val_loss=0.902, val_mean_auc=0.652, val_mean_ap=0.353, val_accuracy=0.653, val_f1=0.467, train_loss_epoch=0.969]
Epoch 3:  35%|███▌      | 42/120 [09:16<17:13,  0.08it/s, v_num=6, train_loss_step=0.737, val_loss=0.902, val_mean_auc=0.652, val_mean_ap=0.353, val_accuracy=0.653, val_f1=0.467, train_loss_epoch=0.969]
Epoch 3:  35%|███▌      | 42/120 [09:16<17:13,  0.08it/s, v_num=6, train_loss_step=0.839, val_loss=0.902, val_mean_auc=0.652, val_mean_ap=0.353, val_accuracy=0.653, val_f1=0.467, train_loss_epoch=0.969]
Epoch 3:  36%|███▌      | 43/120 [09:42<17:22,  0.07it/s, v_num=6, train_loss_step=0.839, val_loss=0.902, val_mean_auc=0.652, val_mean_ap=0.353, val_accuracy=0.653, val_f1=0.467, train_loss_epoch=0.969]
Epoch 3:  36%|███▌      | 43/120 [09:42<17:23,  0.07it/s, v_num=6, train_loss_step=1.270, val_loss=0.902, val_mean_auc=0.652, val_mean_ap=0.353, val_accuracy=0.653, val_f1=0.467, train_loss_epoch=0.969]
Epoch 3:  37%|███▋      | 44/120 [09:42<16:46,  0.08it/s, v_num=6, train_loss_step=1.270, val_loss=0.902, val_mean_auc=0.652, val_mean_ap=0.353, val_accuracy=0.653, val_f1=0.467, train_loss_epoch=0.969]
Epoch 3:  37%|███▋      | 44/120 [09:43<16:47,  0.08it/s, v_num=6, train_loss_step=0.944, val_loss=0.902, val_mean_auc=0.652, val_mean_ap=0.353, val_accuracy=0.653, val_f1=0.467, train_loss_epoch=0.969]
Epoch 3:  38%|███▊      | 45/120 [10:07<16:52,  0.07it/s, v_num=6, train_loss_step=0.944, val_loss=0.902, val_mean_auc=0.652, val_mean_ap=0.353, val_accuracy=0.653, val_f1=0.467, train_loss_epoch=0.969]
Epoch 3:  38%|███▊      | 45/120 [10:07<16:53,  0.07it/s, v_num=6, train_loss_step=0.639, val_loss=0.902, val_mean_auc=0.652, val_mean_ap=0.353, val_accuracy=0.653, val_f1=0.467, train_loss_epoch=0.969]
Epoch 3:  38%|███▊      | 46/120 [10:07<16:17,  0.08it/s, v_num=6, train_loss_step=0.639, val_loss=0.902, val_mean_auc=0.652, val_mean_ap=0.353, val_accuracy=0.653, val_f1=0.467, train_loss_epoch=0.969]
Epoch 3:  38%|███▊      | 46/120 [10:08<16:18,  0.08it/s, v_num=6, train_loss_step=1.080, val_loss=0.902, val_mean_auc=0.652, val_mean_ap=0.353, val_accuracy=0.653, val_f1=0.467, train_loss_epoch=0.969]
Epoch 3:  39%|███▉      | 47/120 [10:39<16:33,  0.07it/s, v_num=6, train_loss_step=1.080, val_loss=0.902, val_mean_auc=0.652, val_mean_ap=0.353, val_accuracy=0.653, val_f1=0.467, train_loss_epoch=0.969]
Epoch 3:  39%|███▉      | 47/120 [10:40<16:34,  0.07it/s, v_num=6, train_loss_step=0.685, val_loss=0.902, val_mean_auc=0.652, val_mean_ap=0.353, val_accuracy=0.653, val_f1=0.467, train_loss_epoch=0.969]
Epoch 3:  40%|████      | 48/120 [10:40<16:00,  0.07it/s, v_num=6, train_loss_step=0.685, val_loss=0.902, val_mean_auc=0.652, val_mean_ap=0.353, val_accuracy=0.653, val_f1=0.467, train_loss_epoch=0.969]
Epoch 3:  40%|████      | 48/120 [10:40<16:00,  0.07it/s, v_num=6, train_loss_step=0.835, val_loss=0.902, val_mean_auc=0.652, val_mean_ap=0.353, val_accuracy=0.653, val_f1=0.467, train_loss_epoch=0.969]
Epoch 3:  41%|████      | 49/120 [11:03<16:01,  0.07it/s, v_num=6, train_loss_step=0.835, val_loss=0.902, val_mean_auc=0.652, val_mean_ap=0.353, val_accuracy=0.653, val_f1=0.467, train_loss_epoch=0.969]
Epoch 3:  41%|████      | 49/120 [11:03<16:02,  0.07it/s, v_num=6, train_loss_step=0.968, val_loss=0.902, val_mean_auc=0.652, val_mean_ap=0.353, val_accuracy=0.653, val_f1=0.467, train_loss_epoch=0.969]
Epoch 3:  42%|████▏     | 50/120 [11:04<15:29,  0.08it/s, v_num=6, train_loss_step=0.968, val_loss=0.902, val_mean_auc=0.652, val_mean_ap=0.353, val_accuracy=0.653, val_f1=0.467, train_loss_epoch=0.969]
Epoch 3:  42%|████▏     | 50/120 [11:04<15:30,  0.08it/s, v_num=6, train_loss_step=1.010, val_loss=0.902, val_mean_auc=0.652, val_mean_ap=0.353, val_accuracy=0.653, val_f1=0.467, train_loss_epoch=0.969]
Epoch 3:  42%|████▎     | 51/120 [11:29<15:33,  0.07it/s, v_num=6, train_loss_step=1.010, val_loss=0.902, val_mean_auc=0.652, val_mean_ap=0.353, val_accuracy=0.653, val_f1=0.467, train_loss_epoch=0.969]
Epoch 3:  42%|████▎     | 51/120 [11:30<15:33,  0.07it/s, v_num=6, train_loss_step=0.810, val_loss=0.902, val_mean_auc=0.652, val_mean_ap=0.353, val_accuracy=0.653, val_f1=0.467, train_loss_epoch=0.969]
Epoch 3:  43%|████▎     | 52/120 [11:30<15:02,  0.08it/s, v_num=6, train_loss_step=0.810, val_loss=0.902, val_mean_auc=0.652, val_mean_ap=0.353, val_accuracy=0.653, val_f1=0.467, train_loss_epoch=0.969]
Epoch 3:  43%|████▎     | 52/120 [11:30<15:03,  0.08it/s, v_num=6, train_loss_step=0.831, val_loss=0.902, val_mean_auc=0.652, val_mean_ap=0.353, val_accuracy=0.653, val_f1=0.467, train_loss_epoch=0.969]
Epoch 3:  44%|████▍     | 53/120 [11:58<15:08,  0.07it/s, v_num=6, train_loss_step=0.831, val_loss=0.902, val_mean_auc=0.652, val_mean_ap=0.353, val_accuracy=0.653, val_f1=0.467, train_loss_epoch=0.969]
Epoch 3:  44%|████▍     | 53/120 [11:59<15:09,  0.07it/s, v_num=6, train_loss_step=1.180, val_loss=0.902, val_mean_auc=0.652, val_mean_ap=0.353, val_accuracy=0.653, val_f1=0.467, train_loss_epoch=0.969]
Epoch 3:  45%|████▌     | 54/120 [11:59<14:39,  0.08it/s, v_num=6, train_loss_step=1.180, val_loss=0.902, val_mean_auc=0.652, val_mean_ap=0.353, val_accuracy=0.653, val_f1=0.467, train_loss_epoch=0.969]
Epoch 3:  45%|████▌     | 54/120 [11:59<14:39,  0.08it/s, v_num=6, train_loss_step=0.624, val_loss=0.902, val_mean_auc=0.652, val_mean_ap=0.353, val_accuracy=0.653, val_f1=0.467, train_loss_epoch=0.969]
Epoch 3:  46%|████▌     | 55/120 [12:26<14:41,  0.07it/s, v_num=6, train_loss_step=0.624, val_loss=0.902, val_mean_auc=0.652, val_mean_ap=0.353, val_accuracy=0.653, val_f1=0.467, train_loss_epoch=0.969]
Epoch 3:  46%|████▌     | 55/120 [12:26<14:42,  0.07it/s, v_num=6, train_loss_step=0.798, val_loss=0.902, val_mean_auc=0.652, val_mean_ap=0.353, val_accuracy=0.653, val_f1=0.467, train_loss_epoch=0.969]
Epoch 3:  47%|████▋     | 56/120 [12:26<14:13,  0.07it/s, v_num=6, train_loss_step=0.798, val_loss=0.902, val_mean_auc=0.652, val_mean_ap=0.353, val_accuracy=0.653, val_f1=0.467, train_loss_epoch=0.969]
Epoch 3:  47%|████▋     | 56/120 [12:27<14:13,  0.07it/s, v_num=6, train_loss_step=0.953, val_loss=0.902, val_mean_auc=0.652, val_mean_ap=0.353, val_accuracy=0.653, val_f1=0.467, train_loss_epoch=0.969]
Epoch 3:  48%|████▊     | 57/120 [12:52<14:13,  0.07it/s, v_num=6, train_loss_step=0.953, val_loss=0.902, val_mean_auc=0.652, val_mean_ap=0.353, val_accuracy=0.653, val_f1=0.467, train_loss_epoch=0.969]
Epoch 3:  48%|████▊     | 57/120 [12:52<14:13,  0.07it/s, v_num=6, train_loss_step=0.926, val_loss=0.902, val_mean_auc=0.652, val_mean_ap=0.353, val_accuracy=0.653, val_f1=0.467, train_loss_epoch=0.969]
Epoch 3:  48%|████▊     | 58/120 [12:52<13:45,  0.08it/s, v_num=6, train_loss_step=0.926, val_loss=0.902, val_mean_auc=0.652, val_mean_ap=0.353, val_accuracy=0.653, val_f1=0.467, train_loss_epoch=0.969]
Epoch 3:  48%|████▊     | 58/120 [12:53<13:46,  0.08it/s, v_num=6, train_loss_step=0.899, val_loss=0.902, val_mean_auc=0.652, val_mean_ap=0.353, val_accuracy=0.653, val_f1=0.467, train_loss_epoch=0.969]
Epoch 3:  49%|████▉     | 59/120 [13:15<13:42,  0.07it/s, v_num=6, train_loss_step=0.899, val_loss=0.902, val_mean_auc=0.652, val_mean_ap=0.353, val_accuracy=0.653, val_f1=0.467, train_loss_epoch=0.969]
Epoch 3:  49%|████▉     | 59/120 [13:15<13:42,  0.07it/s, v_num=6, train_loss_step=1.040, val_loss=0.902, val_mean_auc=0.652, val_mean_ap=0.353, val_accuracy=0.653, val_f1=0.467, train_loss_epoch=0.969]
Epoch 3:  50%|█████     | 60/120 [13:15<13:15,  0.08it/s, v_num=6, train_loss_step=1.040, val_loss=0.902, val_mean_auc=0.652, val_mean_ap=0.353, val_accuracy=0.653, val_f1=0.467, train_loss_epoch=0.969]
Epoch 3:  50%|█████     | 60/120 [13:16<13:16,  0.08it/s, v_num=6, train_loss_step=0.760, val_loss=0.902, val_mean_auc=0.652, val_mean_ap=0.353, val_accuracy=0.653, val_f1=0.467, train_loss_epoch=0.969]
Epoch 3:  51%|█████     | 61/120 [13:40<13:13,  0.07it/s, v_num=6, train_loss_step=0.760, val_loss=0.902, val_mean_auc=0.652, val_mean_ap=0.353, val_accuracy=0.653, val_f1=0.467, train_loss_epoch=0.969]
Epoch 3:  51%|█████     | 61/120 [13:40<13:13,  0.07it/s, v_num=6, train_loss_step=1.160, val_loss=0.902, val_mean_auc=0.652, val_mean_ap=0.353, val_accuracy=0.653, val_f1=0.467, train_loss_epoch=0.969]
Epoch 3:  52%|█████▏    | 62/120 [13:40<12:47,  0.08it/s, v_num=6, train_loss_step=1.160, val_loss=0.902, val_mean_auc=0.652, val_mean_ap=0.353, val_accuracy=0.653, val_f1=0.467, train_loss_epoch=0.969]
Epoch 3:  52%|█████▏    | 62/120 [13:40<12:47,  0.08it/s, v_num=6, train_loss_step=0.827, val_loss=0.902, val_mean_auc=0.652, val_mean_ap=0.353, val_accuracy=0.653, val_f1=0.467, train_loss_epoch=0.969]
Epoch 3:  52%|█████▎    | 63/120 [14:02<12:42,  0.07it/s, v_num=6, train_loss_step=0.827, val_loss=0.902, val_mean_auc=0.652, val_mean_ap=0.353, val_accuracy=0.653, val_f1=0.467, train_loss_epoch=0.969]
Epoch 3:  52%|█████▎    | 63/120 [14:03<12:42,  0.07it/s, v_num=6, train_loss_step=1.030, val_loss=0.902, val_mean_auc=0.652, val_mean_ap=0.353, val_accuracy=0.653, val_f1=0.467, train_loss_epoch=0.969]
Epoch 3:  53%|█████▎    | 64/120 [14:03<12:17,  0.08it/s, v_num=6, train_loss_step=1.030, val_loss=0.902, val_mean_auc=0.652, val_mean_ap=0.353, val_accuracy=0.653, val_f1=0.467, train_loss_epoch=0.969]
Epoch 3:  53%|█████▎    | 64/120 [14:03<12:18,  0.08it/s, v_num=6, train_loss_step=0.631, val_loss=0.902, val_mean_auc=0.652, val_mean_ap=0.353, val_accuracy=0.653, val_f1=0.467, train_loss_epoch=0.969]
Epoch 3:  54%|█████▍    | 65/120 [14:37<12:22,  0.07it/s, v_num=6, train_loss_step=0.631, val_loss=0.902, val_mean_auc=0.652, val_mean_ap=0.353, val_accuracy=0.653, val_f1=0.467, train_loss_epoch=0.969]
Epoch 3:  54%|█████▍    | 65/120 [14:38<12:23,  0.07it/s, v_num=6, train_loss_step=0.907, val_loss=0.902, val_mean_auc=0.652, val_mean_ap=0.353, val_accuracy=0.653, val_f1=0.467, train_loss_epoch=0.969]
Epoch 3:  55%|█████▌    | 66/120 [14:38<11:58,  0.08it/s, v_num=6, train_loss_step=0.907, val_loss=0.902, val_mean_auc=0.652, val_mean_ap=0.353, val_accuracy=0.653, val_f1=0.467, train_loss_epoch=0.969]
Epoch 3:  55%|█████▌    | 66/120 [14:38<11:58,  0.08it/s, v_num=6, train_loss_step=1.090, val_loss=0.902, val_mean_auc=0.652, val_mean_ap=0.353, val_accuracy=0.653, val_f1=0.467, train_loss_epoch=0.969]
Epoch 3:  56%|█████▌    | 67/120 [15:08<11:58,  0.07it/s, v_num=6, train_loss_step=1.090, val_loss=0.902, val_mean_auc=0.652, val_mean_ap=0.353, val_accuracy=0.653, val_f1=0.467, train_loss_epoch=0.969]
Epoch 3:  56%|█████▌    | 67/120 [15:08<11:58,  0.07it/s, v_num=6, train_loss_step=0.842, val_loss=0.902, val_mean_auc=0.652, val_mean_ap=0.353, val_accuracy=0.653, val_f1=0.467, train_loss_epoch=0.969]
Epoch 3:  57%|█████▋    | 68/120 [15:08<11:34,  0.07it/s, v_num=6, train_loss_step=0.842, val_loss=0.902, val_mean_auc=0.652, val_mean_ap=0.353, val_accuracy=0.653, val_f1=0.467, train_loss_epoch=0.969]
Epoch 3:  57%|█████▋    | 68/120 [15:09<11:35,  0.07it/s, v_num=6, train_loss_step=1.420, val_loss=0.902, val_mean_auc=0.652, val_mean_ap=0.353, val_accuracy=0.653, val_f1=0.467, train_loss_epoch=0.969]
Epoch 3:  57%|█████▊    | 69/120 [15:36<11:32,  0.07it/s, v_num=6, train_loss_step=1.420, val_loss=0.902, val_mean_auc=0.652, val_mean_ap=0.353, val_accuracy=0.653, val_f1=0.467, train_loss_epoch=0.969]
Epoch 3:  57%|█████▊    | 69/120 [15:36<11:32,  0.07it/s, v_num=6, train_loss_step=1.040, val_loss=0.902, val_mean_auc=0.652, val_mean_ap=0.353, val_accuracy=0.653, val_f1=0.467, train_loss_epoch=0.969]
Epoch 3:  58%|█████▊    | 70/120 [15:36<11:09,  0.07it/s, v_num=6, train_loss_step=1.040, val_loss=0.902, val_mean_auc=0.652, val_mean_ap=0.353, val_accuracy=0.653, val_f1=0.467, train_loss_epoch=0.969]
Epoch 3:  58%|█████▊    | 70/120 [15:37<11:09,  0.07it/s, v_num=6, train_loss_step=1.170, val_loss=0.902, val_mean_auc=0.652, val_mean_ap=0.353, val_accuracy=0.653, val_f1=0.467, train_loss_epoch=0.969]
Epoch 3:  59%|█████▉    | 71/120 [15:59<11:02,  0.07it/s, v_num=6, train_loss_step=1.170, val_loss=0.902, val_mean_auc=0.652, val_mean_ap=0.353, val_accuracy=0.653, val_f1=0.467, train_loss_epoch=0.969]
Epoch 3:  59%|█████▉    | 71/120 [15:59<11:02,  0.07it/s, v_num=6, train_loss_step=0.981, val_loss=0.902, val_mean_auc=0.652, val_mean_ap=0.353, val_accuracy=0.653, val_f1=0.467, train_loss_epoch=0.969]
Epoch 3:  60%|██████    | 72/120 [15:59<10:39,  0.08it/s, v_num=6, train_loss_step=0.981, val_loss=0.902, val_mean_auc=0.652, val_mean_ap=0.353, val_accuracy=0.653, val_f1=0.467, train_loss_epoch=0.969]
Epoch 3:  60%|██████    | 72/120 [16:00<10:40,  0.07it/s, v_num=6, train_loss_step=0.756, val_loss=0.902, val_mean_auc=0.652, val_mean_ap=0.353, val_accuracy=0.653, val_f1=0.467, train_loss_epoch=0.969]
Epoch 3:  61%|██████    | 73/120 [16:28<10:36,  0.07it/s, v_num=6, train_loss_step=0.756, val_loss=0.902, val_mean_auc=0.652, val_mean_ap=0.353, val_accuracy=0.653, val_f1=0.467, train_loss_epoch=0.969]
Epoch 3:  61%|██████    | 73/120 [16:29<10:36,  0.07it/s, v_num=6, train_loss_step=1.590, val_loss=0.902, val_mean_auc=0.652, val_mean_ap=0.353, val_accuracy=0.653, val_f1=0.467, train_loss_epoch=0.969]
Epoch 3:  62%|██████▏   | 74/120 [16:29<10:14,  0.07it/s, v_num=6, train_loss_step=1.590, val_loss=0.902, val_mean_auc=0.652, val_mean_ap=0.353, val_accuracy=0.653, val_f1=0.467, train_loss_epoch=0.969]
Epoch 3:  62%|██████▏   | 74/120 [16:29<10:15,  0.07it/s, v_num=6, train_loss_step=0.956, val_loss=0.902, val_mean_auc=0.652, val_mean_ap=0.353, val_accuracy=0.653, val_f1=0.467, train_loss_epoch=0.969]
Epoch 3:  62%|██████▎   | 75/120 [16:57<10:10,  0.07it/s, v_num=6, train_loss_step=0.956, val_loss=0.902, val_mean_auc=0.652, val_mean_ap=0.353, val_accuracy=0.653, val_f1=0.467, train_loss_epoch=0.969]
Epoch 3:  62%|██████▎   | 75/120 [16:57<10:10,  0.07it/s, v_num=6, train_loss_step=1.050, val_loss=0.902, val_mean_auc=0.652, val_mean_ap=0.353, val_accuracy=0.653, val_f1=0.467, train_loss_epoch=0.969]
Epoch 3:  63%|██████▎   | 76/120 [16:57<09:49,  0.07it/s, v_num=6, train_loss_step=1.050, val_loss=0.902, val_mean_auc=0.652, val_mean_ap=0.353, val_accuracy=0.653, val_f1=0.467, train_loss_epoch=0.969]
Epoch 3:  63%|██████▎   | 76/120 [16:58<09:49,  0.07it/s, v_num=6, train_loss_step=0.756, val_loss=0.902, val_mean_auc=0.652, val_mean_ap=0.353, val_accuracy=0.653, val_f1=0.467, train_loss_epoch=0.969]
Epoch 3:  64%|██████▍   | 77/120 [17:16<09:38,  0.07it/s, v_num=6, train_loss_step=0.756, val_loss=0.902, val_mean_auc=0.652, val_mean_ap=0.353, val_accuracy=0.653, val_f1=0.467, train_loss_epoch=0.969]
Epoch 3:  64%|██████▍   | 77/120 [17:17<09:39,  0.07it/s, v_num=6, train_loss_step=1.110, val_loss=0.902, val_mean_auc=0.652, val_mean_ap=0.353, val_accuracy=0.653, val_f1=0.467, train_loss_epoch=0.969]
Epoch 3:  65%|██████▌   | 78/120 [17:17<09:18,  0.08it/s, v_num=6, train_loss_step=1.110, val_loss=0.902, val_mean_auc=0.652, val_mean_ap=0.353, val_accuracy=0.653, val_f1=0.467, train_loss_epoch=0.969]
Epoch 3:  65%|██████▌   | 78/120 [17:17<09:18,  0.08it/s, v_num=6, train_loss_step=0.603, val_loss=0.902, val_mean_auc=0.652, val_mean_ap=0.353, val_accuracy=0.653, val_f1=0.467, train_loss_epoch=0.969]
Epoch 3:  66%|██████▌   | 79/120 [17:39<09:09,  0.07it/s, v_num=6, train_loss_step=0.603, val_loss=0.902, val_mean_auc=0.652, val_mean_ap=0.353, val_accuracy=0.653, val_f1=0.467, train_loss_epoch=0.969]
Epoch 3:  66%|██████▌   | 79/120 [17:39<09:10,  0.07it/s, v_num=6, train_loss_step=0.760, val_loss=0.902, val_mean_auc=0.652, val_mean_ap=0.353, val_accuracy=0.653, val_f1=0.467, train_loss_epoch=0.969]
Epoch 3:  67%|██████▋   | 80/120 [17:39<08:49,  0.08it/s, v_num=6, train_loss_step=0.760, val_loss=0.902, val_mean_auc=0.652, val_mean_ap=0.353, val_accuracy=0.653, val_f1=0.467, train_loss_epoch=0.969]
Epoch 3:  67%|██████▋   | 80/120 [17:40<08:50,  0.08it/s, v_num=6, train_loss_step=0.828, val_loss=0.902, val_mean_auc=0.652, val_mean_ap=0.353, val_accuracy=0.653, val_f1=0.467, train_loss_epoch=0.969]
Epoch 3:  68%|██████▊   | 81/120 [18:02<08:41,  0.07it/s, v_num=6, train_loss_step=0.828, val_loss=0.902, val_mean_auc=0.652, val_mean_ap=0.353, val_accuracy=0.653, val_f1=0.467, train_loss_epoch=0.969]
Epoch 3:  68%|██████▊   | 81/120 [18:03<08:41,  0.07it/s, v_num=6, train_loss_step=0.663, val_loss=0.902, val_mean_auc=0.652, val_mean_ap=0.353, val_accuracy=0.653, val_f1=0.467, train_loss_epoch=0.969]
Epoch 3:  68%|██████▊   | 82/120 [18:03<08:21,  0.08it/s, v_num=6, train_loss_step=0.663, val_loss=0.902, val_mean_auc=0.652, val_mean_ap=0.353, val_accuracy=0.653, val_f1=0.467, train_loss_epoch=0.969]
Epoch 3:  68%|██████▊   | 82/120 [18:03<08:22,  0.08it/s, v_num=6, train_loss_step=0.798, val_loss=0.902, val_mean_auc=0.652, val_mean_ap=0.353, val_accuracy=0.653, val_f1=0.467, train_loss_epoch=0.969]
Epoch 3:  69%|██████▉   | 83/120 [18:26<08:13,  0.08it/s, v_num=6, train_loss_step=0.798, val_loss=0.902, val_mean_auc=0.652, val_mean_ap=0.353, val_accuracy=0.653, val_f1=0.467, train_loss_epoch=0.969]
Epoch 3:  69%|██████▉   | 83/120 [18:26<08:13,  0.07it/s, v_num=6, train_loss_step=1.030, val_loss=0.902, val_mean_auc=0.652, val_mean_ap=0.353, val_accuracy=0.653, val_f1=0.467, train_loss_epoch=0.969]
Epoch 3:  70%|███████   | 84/120 [18:26<07:54,  0.08it/s, v_num=6, train_loss_step=1.030, val_loss=0.902, val_mean_auc=0.652, val_mean_ap=0.353, val_accuracy=0.653, val_f1=0.467, train_loss_epoch=0.969]
Epoch 3:  70%|███████   | 84/120 [18:27<07:54,  0.08it/s, v_num=6, train_loss_step=0.727, val_loss=0.902, val_mean_auc=0.652, val_mean_ap=0.353, val_accuracy=0.653, val_f1=0.467, train_loss_epoch=0.969]
Epoch 3:  71%|███████   | 85/120 [18:54<07:47,  0.07it/s, v_num=6, train_loss_step=0.727, val_loss=0.902, val_mean_auc=0.652, val_mean_ap=0.353, val_accuracy=0.653, val_f1=0.467, train_loss_epoch=0.969]
Epoch 3:  71%|███████   | 85/120 [18:54<07:47,  0.07it/s, v_num=6, train_loss_step=0.794, val_loss=0.902, val_mean_auc=0.652, val_mean_ap=0.353, val_accuracy=0.653, val_f1=0.467, train_loss_epoch=0.969]
Epoch 3:  72%|███████▏  | 86/120 [18:54<07:28,  0.08it/s, v_num=6, train_loss_step=0.794, val_loss=0.902, val_mean_auc=0.652, val_mean_ap=0.353, val_accuracy=0.653, val_f1=0.467, train_loss_epoch=0.969]
Epoch 3:  72%|███████▏  | 86/120 [18:55<07:28,  0.08it/s, v_num=6, train_loss_step=0.655, val_loss=0.902, val_mean_auc=0.652, val_mean_ap=0.353, val_accuracy=0.653, val_f1=0.467, train_loss_epoch=0.969]
Epoch 3:  72%|███████▎  | 87/120 [19:27<07:22,  0.07it/s, v_num=6, train_loss_step=0.655, val_loss=0.902, val_mean_auc=0.652, val_mean_ap=0.353, val_accuracy=0.653, val_f1=0.467, train_loss_epoch=0.969]
Epoch 3:  72%|███████▎  | 87/120 [19:27<07:22,  0.07it/s, v_num=6, train_loss_step=1.100, val_loss=0.902, val_mean_auc=0.652, val_mean_ap=0.353, val_accuracy=0.653, val_f1=0.467, train_loss_epoch=0.969]
Epoch 3:  73%|███████▎  | 88/120 [19:27<07:04,  0.08it/s, v_num=6, train_loss_step=1.100, val_loss=0.902, val_mean_auc=0.652, val_mean_ap=0.353, val_accuracy=0.653, val_f1=0.467, train_loss_epoch=0.969]
Epoch 3:  73%|███████▎  | 88/120 [19:28<07:04,  0.08it/s, v_num=6, train_loss_step=0.717, val_loss=0.902, val_mean_auc=0.652, val_mean_ap=0.353, val_accuracy=0.653, val_f1=0.467, train_loss_epoch=0.969]
Epoch 3:  74%|███████▍  | 89/120 [19:47<06:53,  0.07it/s, v_num=6, train_loss_step=0.717, val_loss=0.902, val_mean_auc=0.652, val_mean_ap=0.353, val_accuracy=0.653, val_f1=0.467, train_loss_epoch=0.969]
Epoch 3:  74%|███████▍  | 89/120 [19:48<06:53,  0.07it/s, v_num=6, train_loss_step=0.978, val_loss=0.902, val_mean_auc=0.652, val_mean_ap=0.353, val_accuracy=0.653, val_f1=0.467, train_loss_epoch=0.969]
Epoch 3:  75%|███████▌  | 90/120 [19:48<06:36,  0.08it/s, v_num=6, train_loss_step=0.978, val_loss=0.902, val_mean_auc=0.652, val_mean_ap=0.353, val_accuracy=0.653, val_f1=0.467, train_loss_epoch=0.969]
Epoch 3:  75%|███████▌  | 90/120 [19:48<06:36,  0.08it/s, v_num=6, train_loss_step=0.653, val_loss=0.902, val_mean_auc=0.652, val_mean_ap=0.353, val_accuracy=0.653, val_f1=0.467, train_loss_epoch=0.969]
Epoch 3:  76%|███████▌  | 91/120 [20:18<06:28,  0.07it/s, v_num=6, train_loss_step=0.653, val_loss=0.902, val_mean_auc=0.652, val_mean_ap=0.353, val_accuracy=0.653, val_f1=0.467, train_loss_epoch=0.969]
Epoch 3:  76%|███████▌  | 91/120 [20:18<06:28,  0.07it/s, v_num=6, train_loss_step=1.020, val_loss=0.902, val_mean_auc=0.652, val_mean_ap=0.353, val_accuracy=0.653, val_f1=0.467, train_loss_epoch=0.969]
Epoch 3:  77%|███████▋  | 92/120 [20:18<06:10,  0.08it/s, v_num=6, train_loss_step=1.020, val_loss=0.902, val_mean_auc=0.652, val_mean_ap=0.353, val_accuracy=0.653, val_f1=0.467, train_loss_epoch=0.969]
Epoch 3:  77%|███████▋  | 92/120 [20:19<06:11,  0.08it/s, v_num=6, train_loss_step=1.040, val_loss=0.902, val_mean_auc=0.652, val_mean_ap=0.353, val_accuracy=0.653, val_f1=0.467, train_loss_epoch=0.969]
Epoch 3:  78%|███████▊  | 93/120 [20:44<06:01,  0.07it/s, v_num=6, train_loss_step=1.040, val_loss=0.902, val_mean_auc=0.652, val_mean_ap=0.353, val_accuracy=0.653, val_f1=0.467, train_loss_epoch=0.969]
Epoch 3:  78%|███████▊  | 93/120 [20:45<06:01,  0.07it/s, v_num=6, train_loss_step=0.968, val_loss=0.902, val_mean_auc=0.652, val_mean_ap=0.353, val_accuracy=0.653, val_f1=0.467, train_loss_epoch=0.969]
Epoch 3:  78%|███████▊  | 94/120 [20:45<05:44,  0.08it/s, v_num=6, train_loss_step=0.968, val_loss=0.902, val_mean_auc=0.652, val_mean_ap=0.353, val_accuracy=0.653, val_f1=0.467, train_loss_epoch=0.969]
Epoch 3:  78%|███████▊  | 94/120 [20:45<05:44,  0.08it/s, v_num=6, train_loss_step=0.915, val_loss=0.902, val_mean_auc=0.652, val_mean_ap=0.353, val_accuracy=0.653, val_f1=0.467, train_loss_epoch=0.969]
Epoch 3:  79%|███████▉  | 95/120 [21:12<05:34,  0.07it/s, v_num=6, train_loss_step=0.915, val_loss=0.902, val_mean_auc=0.652, val_mean_ap=0.353, val_accuracy=0.653, val_f1=0.467, train_loss_epoch=0.969]
Epoch 3:  79%|███████▉  | 95/120 [21:12<05:34,  0.07it/s, v_num=6, train_loss_step=0.830, val_loss=0.902, val_mean_auc=0.652, val_mean_ap=0.353, val_accuracy=0.653, val_f1=0.467, train_loss_epoch=0.969]
Epoch 3:  80%|████████  | 96/120 [21:12<05:18,  0.08it/s, v_num=6, train_loss_step=0.830, val_loss=0.902, val_mean_auc=0.652, val_mean_ap=0.353, val_accuracy=0.653, val_f1=0.467, train_loss_epoch=0.969]
Epoch 3:  80%|████████  | 96/120 [21:13<05:18,  0.08it/s, v_num=6, train_loss_step=0.939, val_loss=0.902, val_mean_auc=0.652, val_mean_ap=0.353, val_accuracy=0.653, val_f1=0.467, train_loss_epoch=0.969]
Epoch 3:  81%|████████  | 97/120 [21:46<05:09,  0.07it/s, v_num=6, train_loss_step=0.939, val_loss=0.902, val_mean_auc=0.652, val_mean_ap=0.353, val_accuracy=0.653, val_f1=0.467, train_loss_epoch=0.969]
Epoch 3:  81%|████████  | 97/120 [21:46<05:09,  0.07it/s, v_num=6, train_loss_step=0.818, val_loss=0.902, val_mean_auc=0.652, val_mean_ap=0.353, val_accuracy=0.653, val_f1=0.467, train_loss_epoch=0.969]
Epoch 3:  82%|████████▏ | 98/120 [21:46<04:53,  0.07it/s, v_num=6, train_loss_step=0.818, val_loss=0.902, val_mean_auc=0.652, val_mean_ap=0.353, val_accuracy=0.653, val_f1=0.467, train_loss_epoch=0.969]
Epoch 3:  82%|████████▏ | 98/120 [21:47<04:53,  0.07it/s, v_num=6, train_loss_step=0.952, val_loss=0.902, val_mean_auc=0.652, val_mean_ap=0.353, val_accuracy=0.653, val_f1=0.467, train_loss_epoch=0.969]
Epoch 3:  82%|████████▎ | 99/120 [22:15<04:43,  0.07it/s, v_num=6, train_loss_step=0.952, val_loss=0.902, val_mean_auc=0.652, val_mean_ap=0.353, val_accuracy=0.653, val_f1=0.467, train_loss_epoch=0.969]
Epoch 3:  82%|████████▎ | 99/120 [22:16<04:43,  0.07it/s, v_num=6, train_loss_step=0.958, val_loss=0.902, val_mean_auc=0.652, val_mean_ap=0.353, val_accuracy=0.653, val_f1=0.467, train_loss_epoch=0.969]
Epoch 3:  83%|████████▎ | 100/120 [22:16<04:27,  0.07it/s, v_num=6, train_loss_step=0.958, val_loss=0.902, val_mean_auc=0.652, val_mean_ap=0.353, val_accuracy=0.653, val_f1=0.467, train_loss_epoch=0.969]
Epoch 3:  83%|████████▎ | 100/120 [22:16<04:27,  0.07it/s, v_num=6, train_loss_step=0.648, val_loss=0.902, val_mean_auc=0.652, val_mean_ap=0.353, val_accuracy=0.653, val_f1=0.467, train_loss_epoch=0.969]
Epoch 3:  84%|████████▍ | 101/120 [22:45<04:16,  0.07it/s, v_num=6, train_loss_step=0.648, val_loss=0.902, val_mean_auc=0.652, val_mean_ap=0.353, val_accuracy=0.653, val_f1=0.467, train_loss_epoch=0.969]
Epoch 3:  84%|████████▍ | 101/120 [22:45<04:16,  0.07it/s, v_num=6, train_loss_step=1.020, val_loss=0.902, val_mean_auc=0.652, val_mean_ap=0.353, val_accuracy=0.653, val_f1=0.467, train_loss_epoch=0.969]
Epoch 3:  85%|████████▌ | 102/120 [22:45<04:01,  0.07it/s, v_num=6, train_loss_step=1.020, val_loss=0.902, val_mean_auc=0.652, val_mean_ap=0.353, val_accuracy=0.653, val_f1=0.467, train_loss_epoch=0.969]
Epoch 3:  85%|████████▌ | 102/120 [22:46<04:01,  0.07it/s, v_num=6, train_loss_step=0.919, val_loss=0.902, val_mean_auc=0.652, val_mean_ap=0.353, val_accuracy=0.653, val_f1=0.467, train_loss_epoch=0.969]
Epoch 3:  86%|████████▌ | 103/120 [23:10<03:49,  0.07it/s, v_num=6, train_loss_step=0.919, val_loss=0.902, val_mean_auc=0.652, val_mean_ap=0.353, val_accuracy=0.653, val_f1=0.467, train_loss_epoch=0.969]
Epoch 3:  86%|████████▌ | 103/120 [23:10<03:49,  0.07it/s, v_num=6, train_loss_step=0.764, val_loss=0.902, val_mean_auc=0.652, val_mean_ap=0.353, val_accuracy=0.653, val_f1=0.467, train_loss_epoch=0.969]
Epoch 3:  87%|████████▋ | 104/120 [23:10<03:33,  0.07it/s, v_num=6, train_loss_step=0.764, val_loss=0.902, val_mean_auc=0.652, val_mean_ap=0.353, val_accuracy=0.653, val_f1=0.467, train_loss_epoch=0.969]
Epoch 3:  87%|████████▋ | 104/120 [23:11<03:34,  0.07it/s, v_num=6, train_loss_step=0.988, val_loss=0.902, val_mean_auc=0.652, val_mean_ap=0.353, val_accuracy=0.653, val_f1=0.467, train_loss_epoch=0.969]
Epoch 3:  88%|████████▊ | 105/120 [23:40<03:22,  0.07it/s, v_num=6, train_loss_step=0.988, val_loss=0.902, val_mean_auc=0.652, val_mean_ap=0.353, val_accuracy=0.653, val_f1=0.467, train_loss_epoch=0.969]
Epoch 3:  88%|████████▊ | 105/120 [23:40<03:22,  0.07it/s, v_num=6, train_loss_step=0.539, val_loss=0.902, val_mean_auc=0.652, val_mean_ap=0.353, val_accuracy=0.653, val_f1=0.467, train_loss_epoch=0.969]
Epoch 3:  88%|████████▊ | 106/120 [23:40<03:07,  0.07it/s, v_num=6, train_loss_step=0.539, val_loss=0.902, val_mean_auc=0.652, val_mean_ap=0.353, val_accuracy=0.653, val_f1=0.467, train_loss_epoch=0.969]
Epoch 3:  88%|████████▊ | 106/120 [23:41<03:07,  0.07it/s, v_num=6, train_loss_step=0.833, val_loss=0.902, val_mean_auc=0.652, val_mean_ap=0.353, val_accuracy=0.653, val_f1=0.467, train_loss_epoch=0.969]
Epoch 3:  89%|████████▉ | 107/120 [24:13<02:56,  0.07it/s, v_num=6, train_loss_step=0.833, val_loss=0.902, val_mean_auc=0.652, val_mean_ap=0.353, val_accuracy=0.653, val_f1=0.467, train_loss_epoch=0.969]
Epoch 3:  89%|████████▉ | 107/120 [24:13<02:56,  0.07it/s, v_num=6, train_loss_step=0.829, val_loss=0.902, val_mean_auc=0.652, val_mean_ap=0.353, val_accuracy=0.653, val_f1=0.467, train_loss_epoch=0.969]
Epoch 3:  90%|█████████ | 108/120 [24:13<02:41,  0.07it/s, v_num=6, train_loss_step=0.829, val_loss=0.902, val_mean_auc=0.652, val_mean_ap=0.353, val_accuracy=0.653, val_f1=0.467, train_loss_epoch=0.969]
Epoch 3:  90%|█████████ | 108/120 [24:14<02:41,  0.07it/s, v_num=6, train_loss_step=0.738, val_loss=0.902, val_mean_auc=0.652, val_mean_ap=0.353, val_accuracy=0.653, val_f1=0.467, train_loss_epoch=0.969]
Epoch 3:  91%|█████████ | 109/120 [24:36<02:28,  0.07it/s, v_num=6, train_loss_step=0.738, val_loss=0.902, val_mean_auc=0.652, val_mean_ap=0.353, val_accuracy=0.653, val_f1=0.467, train_loss_epoch=0.969]
Epoch 3:  91%|█████████ | 109/120 [24:36<02:29,  0.07it/s, v_num=6, train_loss_step=0.708, val_loss=0.902, val_mean_auc=0.652, val_mean_ap=0.353, val_accuracy=0.653, val_f1=0.467, train_loss_epoch=0.969]
Epoch 3:  92%|█████████▏| 110/120 [24:36<02:14,  0.07it/s, v_num=6, train_loss_step=0.708, val_loss=0.902, val_mean_auc=0.652, val_mean_ap=0.353, val_accuracy=0.653, val_f1=0.467, train_loss_epoch=0.969]
Epoch 3:  92%|█████████▏| 110/120 [24:37<02:14,  0.07it/s, v_num=6, train_loss_step=0.749, val_loss=0.902, val_mean_auc=0.652, val_mean_ap=0.353, val_accuracy=0.653, val_f1=0.467, train_loss_epoch=0.969]
Epoch 3:  92%|█████████▎| 111/120 [24:59<02:01,  0.07it/s, v_num=6, train_loss_step=0.749, val_loss=0.902, val_mean_auc=0.652, val_mean_ap=0.353, val_accuracy=0.653, val_f1=0.467, train_loss_epoch=0.969]
Epoch 3:  92%|█████████▎| 111/120 [25:00<02:01,  0.07it/s, v_num=6, train_loss_step=0.845, val_loss=0.902, val_mean_auc=0.652, val_mean_ap=0.353, val_accuracy=0.653, val_f1=0.467, train_loss_epoch=0.969]
Epoch 3:  93%|█████████▎| 112/120 [25:00<01:47,  0.07it/s, v_num=6, train_loss_step=0.845, val_loss=0.902, val_mean_auc=0.652, val_mean_ap=0.353, val_accuracy=0.653, val_f1=0.467, train_loss_epoch=0.969]
Epoch 3:  93%|█████████▎| 112/120 [25:00<01:47,  0.07it/s, v_num=6, train_loss_step=0.727, val_loss=0.902, val_mean_auc=0.652, val_mean_ap=0.353, val_accuracy=0.653, val_f1=0.467, train_loss_epoch=0.969]
Epoch 3:  94%|█████████▍| 113/120 [25:33<01:34,  0.07it/s, v_num=6, train_loss_step=0.727, val_loss=0.902, val_mean_auc=0.652, val_mean_ap=0.353, val_accuracy=0.653, val_f1=0.467, train_loss_epoch=0.969]
Epoch 3:  94%|█████████▍| 113/120 [25:33<01:35,  0.07it/s, v_num=6, train_loss_step=0.657, val_loss=0.902, val_mean_auc=0.652, val_mean_ap=0.353, val_accuracy=0.653, val_f1=0.467, train_loss_epoch=0.969]
Epoch 3:  95%|█████████▌| 114/120 [25:33<01:20,  0.07it/s, v_num=6, train_loss_step=0.657, val_loss=0.902, val_mean_auc=0.652, val_mean_ap=0.353, val_accuracy=0.653, val_f1=0.467, train_loss_epoch=0.969]
Epoch 3:  95%|█████████▌| 114/120 [25:34<01:20,  0.07it/s, v_num=6, train_loss_step=1.470, val_loss=0.902, val_mean_auc=0.652, val_mean_ap=0.353, val_accuracy=0.653, val_f1=0.467, train_loss_epoch=0.969]
Epoch 3:  96%|█████████▌| 115/120 [26:03<01:07,  0.07it/s, v_num=6, train_loss_step=1.470, val_loss=0.902, val_mean_auc=0.652, val_mean_ap=0.353, val_accuracy=0.653, val_f1=0.467, train_loss_epoch=0.969]
Epoch 3:  96%|█████████▌| 115/120 [26:04<01:08,  0.07it/s, v_num=6, train_loss_step=0.945, val_loss=0.902, val_mean_auc=0.652, val_mean_ap=0.353, val_accuracy=0.653, val_f1=0.467, train_loss_epoch=0.969]
Epoch 3:  97%|█████████▋| 116/120 [26:04<00:53,  0.07it/s, v_num=6, train_loss_step=0.945, val_loss=0.902, val_mean_auc=0.652, val_mean_ap=0.353, val_accuracy=0.653, val_f1=0.467, train_loss_epoch=0.969]
Epoch 3:  97%|█████████▋| 116/120 [26:04<00:53,  0.07it/s, v_num=6, train_loss_step=0.873, val_loss=0.902, val_mean_auc=0.652, val_mean_ap=0.353, val_accuracy=0.653, val_f1=0.467, train_loss_epoch=0.969]
Epoch 3:  98%|█████████▊| 117/120 [26:27<00:40,  0.07it/s, v_num=6, train_loss_step=0.873, val_loss=0.902, val_mean_auc=0.652, val_mean_ap=0.353, val_accuracy=0.653, val_f1=0.467, train_loss_epoch=0.969]
Epoch 3:  98%|█████████▊| 117/120 [26:28<00:40,  0.07it/s, v_num=6, train_loss_step=1.110, val_loss=0.902, val_mean_auc=0.652, val_mean_ap=0.353, val_accuracy=0.653, val_f1=0.467, train_loss_epoch=0.969]
Epoch 3:  98%|█████████▊| 118/120 [26:28<00:26,  0.07it/s, v_num=6, train_loss_step=1.110, val_loss=0.902, val_mean_auc=0.652, val_mean_ap=0.353, val_accuracy=0.653, val_f1=0.467, train_loss_epoch=0.969]
Epoch 3:  98%|█████████▊| 118/120 [26:28<00:26,  0.07it/s, v_num=6, train_loss_step=0.851, val_loss=0.902, val_mean_auc=0.652, val_mean_ap=0.353, val_accuracy=0.653, val_f1=0.467, train_loss_epoch=0.969]
Epoch 3:  99%|█████████▉| 119/120 [26:56<00:13,  0.07it/s, v_num=6, train_loss_step=0.851, val_loss=0.902, val_mean_auc=0.652, val_mean_ap=0.353, val_accuracy=0.653, val_f1=0.467, train_loss_epoch=0.969]
Epoch 3:  99%|█████████▉| 119/120 [26:57<00:13,  0.07it/s, v_num=6, train_loss_step=0.933, val_loss=0.902, val_mean_auc=0.652, val_mean_ap=0.353, val_accuracy=0.653, val_f1=0.467, train_loss_epoch=0.969]
Epoch 3: 100%|██████████| 120/120 [26:57<00:00,  0.07it/s, v_num=6, train_loss_step=0.933, val_loss=0.902, val_mean_auc=0.652, val_mean_ap=0.353, val_accuracy=0.653, val_f1=0.467, train_loss_epoch=0.969]
Epoch 3: 100%|██████████| 120/120 [26:57<00:00,  0.07it/s, v_num=6, train_loss_step=0.701, val_loss=0.902, val_mean_auc=0.652, val_mean_ap=0.353, val_accuracy=0.653, val_f1=0.467, train_loss_epoch=0.969]

Validation: |          | 0/? [00:00<?, ?it/s][A

Validation: |          | 0/? [00:00<?, ?it/s][A

Validation DataLoader 0:   0%|          | 0/15 [00:00<?, ?it/s][A

Validation DataLoader 0:   7%|▋         | 1/15 [00:00<00:06,  2.06it/s][A

Validation DataLoader 0:  13%|█▎        | 2/15 [00:00<00:06,  2.09it/s][A

Validation DataLoader 0:  20%|██        | 3/15 [00:21<01:26,  0.14it/s][A

Validation DataLoader 0:  27%|██▋       | 4/15 [00:22<01:00,  0.18it/s][A

Validation DataLoader 0:  33%|███▎      | 5/15 [00:45<01:31,  0.11it/s][A

Validation DataLoader 0:  40%|████      | 6/15 [00:46<01:09,  0.13it/s][A

Validation DataLoader 0:  47%|████▋     | 7/15 [01:07<01:16,  0.10it/s][A

Validation DataLoader 0:  53%|█████▎    | 8/15 [01:07<00:59,  0.12it/s][A

Validation DataLoader 0:  60%|██████    | 9/15 [01:25<00:56,  0.11it/s][A

Validation DataLoader 0:  67%|██████▋   | 10/15 [01:32<00:46,  0.11it/s][A

Validation DataLoader 0:  73%|███████▎  | 11/15 [01:51<00:40,  0.10it/s][A

Validation DataLoader 0:  80%|████████  | 12/15 [01:52<00:28,  0.11it/s][A

Validation DataLoader 0:  87%|████████▋ | 13/15 [02:17<00:21,  0.09it/s][A

Validation DataLoader 0:  93%|█████████▎| 14/15 [02:18<00:09,  0.10it/s][A

Validation DataLoader 0: 100%|██████████| 15/15 [02:37<00:00,  0.10it/s][A

                                                                        [A
Epoch 3: 100%|██████████| 120/120 [30:02<00:00,  0.07it/s, v_num=6, train_loss_step=0.701, val_loss=0.888, val_mean_auc=0.664, val_mean_ap=0.358, val_accuracy=0.658, val_f1=0.471, train_loss_epoch=0.969]
Epoch 3: 100%|██████████| 120/120 [30:02<00:00,  0.07it/s, v_num=6, train_loss_step=0.701, val_loss=0.888, val_mean_auc=0.664, val_mean_ap=0.358, val_accuracy=0.658, val_f1=0.471, train_loss_epoch=0.933]
Epoch 3:   0%|          | 0/120 [00:00<?, ?it/s, v_num=6, train_loss_step=0.701, val_loss=0.888, val_mean_auc=0.664, val_mean_ap=0.358, val_accuracy=0.658, val_f1=0.471, train_loss_epoch=0.933]          
Epoch 4:   0%|          | 0/120 [00:00<?, ?it/s, v_num=6, train_loss_step=0.701, val_loss=0.888, val_mean_auc=0.664, val_mean_ap=0.358, val_accuracy=0.658, val_f1=0.471, train_loss_epoch=0.933]
Epoch 4:   1%|          | 1/120 [00:30<59:42,  0.03it/s, v_num=6, train_loss_step=0.701, val_loss=0.888, val_mean_auc=0.664, val_mean_ap=0.358, val_accuracy=0.658, val_f1=0.471, train_loss_epoch=0.933]
Epoch 4:   1%|          | 1/120 [00:30<1:00:34,  0.03it/s, v_num=6, train_loss_step=1.250, val_loss=0.888, val_mean_auc=0.664, val_mean_ap=0.358, val_accuracy=0.658, val_f1=0.471, train_loss_epoch=0.933]
Epoch 4:   2%|▏         | 2/120 [00:31<30:55,  0.06it/s, v_num=6, train_loss_step=1.250, val_loss=0.888, val_mean_auc=0.664, val_mean_ap=0.358, val_accuracy=0.658, val_f1=0.471, train_loss_epoch=0.933]  
Epoch 4:   2%|▏         | 2/120 [00:31<31:21,  0.06it/s, v_num=6, train_loss_step=1.100, val_loss=0.888, val_mean_auc=0.664, val_mean_ap=0.358, val_accuracy=0.658, val_f1=0.471, train_loss_epoch=0.933]
Epoch 4:   2%|▎         | 3/120 [00:57<37:36,  0.05it/s, v_num=6, train_loss_step=1.100, val_loss=0.888, val_mean_auc=0.664, val_mean_ap=0.358, val_accuracy=0.658, val_f1=0.471, train_loss_epoch=0.933]
Epoch 4:   2%|▎         | 3/120 [00:58<37:53,  0.05it/s, v_num=6, train_loss_step=1.270, val_loss=0.888, val_mean_auc=0.664, val_mean_ap=0.358, val_accuracy=0.658, val_f1=0.471, train_loss_epoch=0.933]
Epoch 4:   3%|▎         | 4/120 [01:00<29:24,  0.07it/s, v_num=6, train_loss_step=1.270, val_loss=0.888, val_mean_auc=0.664, val_mean_ap=0.358, val_accuracy=0.658, val_f1=0.471, train_loss_epoch=0.933]
Epoch 4:   3%|▎         | 4/120 [01:01<29:37,  0.07it/s, v_num=6, train_loss_step=0.609, val_loss=0.888, val_mean_auc=0.664, val_mean_ap=0.358, val_accuracy=0.658, val_f1=0.471, train_loss_epoch=0.933]
Epoch 4:   4%|▍         | 5/120 [01:17<29:38,  0.06it/s, v_num=6, train_loss_step=0.609, val_loss=0.888, val_mean_auc=0.664, val_mean_ap=0.358, val_accuracy=0.658, val_f1=0.471, train_loss_epoch=0.933]
Epoch 4:   4%|▍         | 5/120 [01:17<29:47,  0.06it/s, v_num=6, train_loss_step=0.768, val_loss=0.888, val_mean_auc=0.664, val_mean_ap=0.358, val_accuracy=0.658, val_f1=0.471, train_loss_epoch=0.933]
Epoch 4:   5%|▌         | 6/120 [01:27<27:39,  0.07it/s, v_num=6, train_loss_step=0.768, val_loss=0.888, val_mean_auc=0.664, val_mean_ap=0.358, val_accuracy=0.658, val_f1=0.471, train_loss_epoch=0.933]
Epoch 4:   5%|▌         | 6/120 [01:27<27:47,  0.07it/s, v_num=6, train_loss_step=0.533, val_loss=0.888, val_mean_auc=0.664, val_mean_ap=0.358, val_accuracy=0.658, val_f1=0.471, train_loss_epoch=0.933]
Epoch 4:   6%|▌         | 7/120 [01:45<28:24,  0.07it/s, v_num=6, train_loss_step=0.533, val_loss=0.888, val_mean_auc=0.664, val_mean_ap=0.358, val_accuracy=0.658, val_f1=0.471, train_loss_epoch=0.933]
Epoch 4:   6%|▌         | 7/120 [01:46<28:31,  0.07it/s, v_num=6, train_loss_step=1.200, val_loss=0.888, val_mean_auc=0.664, val_mean_ap=0.358, val_accuracy=0.658, val_f1=0.471, train_loss_epoch=0.933]
Epoch 4:   7%|▋         | 8/120 [01:49<25:38,  0.07it/s, v_num=6, train_loss_step=1.200, val_loss=0.888, val_mean_auc=0.664, val_mean_ap=0.358, val_accuracy=0.658, val_f1=0.471, train_loss_epoch=0.933]
Epoch 4:   7%|▋         | 8/120 [01:50<25:44,  0.07it/s, v_num=6, train_loss_step=1.300, val_loss=0.888, val_mean_auc=0.664, val_mean_ap=0.358, val_accuracy=0.658, val_f1=0.471, train_loss_epoch=0.933]
Epoch 4:   8%|▊         | 9/120 [02:10<26:50,  0.07it/s, v_num=6, train_loss_step=1.300, val_loss=0.888, val_mean_auc=0.664, val_mean_ap=0.358, val_accuracy=0.658, val_f1=0.471, train_loss_epoch=0.933]
Epoch 4:   8%|▊         | 9/120 [02:10<26:55,  0.07it/s, v_num=6, train_loss_step=0.862, val_loss=0.888, val_mean_auc=0.664, val_mean_ap=0.358, val_accuracy=0.658, val_f1=0.471, train_loss_epoch=0.933]
Epoch 4:   8%|▊         | 10/120 [02:15<24:47,  0.07it/s, v_num=6, train_loss_step=0.862, val_loss=0.888, val_mean_auc=0.664, val_mean_ap=0.358, val_accuracy=0.658, val_f1=0.471, train_loss_epoch=0.933]
Epoch 4:   8%|▊         | 10/120 [02:15<24:52,  0.07it/s, v_num=6, train_loss_step=1.850, val_loss=0.888, val_mean_auc=0.664, val_mean_ap=0.358, val_accuracy=0.658, val_f1=0.471, train_loss_epoch=0.933]
Epoch 4:   9%|▉         | 11/120 [02:30<24:51,  0.07it/s, v_num=6, train_loss_step=1.850, val_loss=0.888, val_mean_auc=0.664, val_mean_ap=0.358, val_accuracy=0.658, val_f1=0.471, train_loss_epoch=0.933]
Epoch 4:   9%|▉         | 11/120 [02:30<24:55,  0.07it/s, v_num=6, train_loss_step=0.937, val_loss=0.888, val_mean_auc=0.664, val_mean_ap=0.358, val_accuracy=0.658, val_f1=0.471, train_loss_epoch=0.933]
Epoch 4:  10%|█         | 12/120 [02:42<24:20,  0.07it/s, v_num=6, train_loss_step=0.937, val_loss=0.888, val_mean_auc=0.664, val_mean_ap=0.358, val_accuracy=0.658, val_f1=0.471, train_loss_epoch=0.933]
Epoch 4:  10%|█         | 12/120 [02:42<24:24,  0.07it/s, v_num=6, train_loss_step=0.728, val_loss=0.888, val_mean_auc=0.664, val_mean_ap=0.358, val_accuracy=0.658, val_f1=0.471, train_loss_epoch=0.933]
Epoch 4:  11%|█         | 13/120 [02:59<24:35,  0.07it/s, v_num=6, train_loss_step=0.728, val_loss=0.888, val_mean_auc=0.664, val_mean_ap=0.358, val_accuracy=0.658, val_f1=0.471, train_loss_epoch=0.933]
Epoch 4:  11%|█         | 13/120 [02:59<24:39,  0.07it/s, v_num=6, train_loss_step=0.755, val_loss=0.888, val_mean_auc=0.664, val_mean_ap=0.358, val_accuracy=0.658, val_f1=0.471, train_loss_epoch=0.933]
Epoch 4:  12%|█▏        | 14/120 [03:11<24:12,  0.07it/s, v_num=6, train_loss_step=0.755, val_loss=0.888, val_mean_auc=0.664, val_mean_ap=0.358, val_accuracy=0.658, val_f1=0.471, train_loss_epoch=0.933]
Epoch 4:  12%|█▏        | 14/120 [03:12<24:15,  0.07it/s, v_num=6, train_loss_step=0.932, val_loss=0.888, val_mean_auc=0.664, val_mean_ap=0.358, val_accuracy=0.658, val_f1=0.471, train_loss_epoch=0.933]
Epoch 4:  12%|█▎        | 15/120 [03:23<23:45,  0.07it/s, v_num=6, train_loss_step=0.932, val_loss=0.888, val_mean_auc=0.664, val_mean_ap=0.358, val_accuracy=0.658, val_f1=0.471, train_loss_epoch=0.933]
Epoch 4:  12%|█▎        | 15/120 [03:24<23:48,  0.07it/s, v_num=6, train_loss_step=0.951, val_loss=0.888, val_mean_auc=0.664, val_mean_ap=0.358, val_accuracy=0.658, val_f1=0.471, train_loss_epoch=0.933]
Epoch 4:  13%|█▎        | 16/120 [03:40<23:56,  0.07it/s, v_num=6, train_loss_step=0.951, val_loss=0.888, val_mean_auc=0.664, val_mean_ap=0.358, val_accuracy=0.658, val_f1=0.471, train_loss_epoch=0.933]
Epoch 4:  13%|█▎        | 16/120 [03:41<23:58,  0.07it/s, v_num=6, train_loss_step=0.755, val_loss=0.888, val_mean_auc=0.664, val_mean_ap=0.358, val_accuracy=0.658, val_f1=0.471, train_loss_epoch=0.933]
Epoch 4:  14%|█▍        | 17/120 [03:51<23:21,  0.07it/s, v_num=6, train_loss_step=0.755, val_loss=0.888, val_mean_auc=0.664, val_mean_ap=0.358, val_accuracy=0.658, val_f1=0.471, train_loss_epoch=0.933]
Epoch 4:  14%|█▍        | 17/120 [03:51<23:24,  0.07it/s, v_num=6, train_loss_step=0.565, val_loss=0.888, val_mean_auc=0.664, val_mean_ap=0.358, val_accuracy=0.658, val_f1=0.471, train_loss_epoch=0.933]
Epoch 4:  15%|█▌        | 18/120 [04:12<23:53,  0.07it/s, v_num=6, train_loss_step=0.565, val_loss=0.888, val_mean_auc=0.664, val_mean_ap=0.358, val_accuracy=0.658, val_f1=0.471, train_loss_epoch=0.933]
Epoch 4:  15%|█▌        | 18/120 [04:13<23:56,  0.07it/s, v_num=6, train_loss_step=0.480, val_loss=0.888, val_mean_auc=0.664, val_mean_ap=0.358, val_accuracy=0.658, val_f1=0.471, train_loss_epoch=0.933]
Epoch 4:  16%|█▌        | 19/120 [04:18<22:54,  0.07it/s, v_num=6, train_loss_step=0.480, val_loss=0.888, val_mean_auc=0.664, val_mean_ap=0.358, val_accuracy=0.658, val_f1=0.471, train_loss_epoch=0.933]
Epoch 4:  16%|█▌        | 19/120 [04:18<22:56,  0.07it/s, v_num=6, train_loss_step=1.050, val_loss=0.888, val_mean_auc=0.664, val_mean_ap=0.358, val_accuracy=0.658, val_f1=0.471, train_loss_epoch=0.933]
Epoch 4:  17%|█▋        | 20/120 [04:34<22:52,  0.07it/s, v_num=6, train_loss_step=1.050, val_loss=0.888, val_mean_auc=0.664, val_mean_ap=0.358, val_accuracy=0.658, val_f1=0.471, train_loss_epoch=0.933]
Epoch 4:  17%|█▋        | 20/120 [04:34<22:54,  0.07it/s, v_num=6, train_loss_step=1.210, val_loss=0.888, val_mean_auc=0.664, val_mean_ap=0.358, val_accuracy=0.658, val_f1=0.471, train_loss_epoch=0.933]
Epoch 4:  18%|█▊        | 21/120 [04:36<21:41,  0.08it/s, v_num=6, train_loss_step=1.210, val_loss=0.888, val_mean_auc=0.664, val_mean_ap=0.358, val_accuracy=0.658, val_f1=0.471, train_loss_epoch=0.933]
Epoch 4:  18%|█▊        | 21/120 [04:36<21:43,  0.08it/s, v_num=6, train_loss_step=0.918, val_loss=0.888, val_mean_auc=0.664, val_mean_ap=0.358, val_accuracy=0.658, val_f1=0.471, train_loss_epoch=0.933]
Epoch 4:  18%|█▊        | 22/120 [05:05<22:40,  0.07it/s, v_num=6, train_loss_step=0.918, val_loss=0.888, val_mean_auc=0.664, val_mean_ap=0.358, val_accuracy=0.658, val_f1=0.471, train_loss_epoch=0.933]
Epoch 4:  18%|█▊        | 22/120 [05:05<22:42,  0.07it/s, v_num=6, train_loss_step=1.020, val_loss=0.888, val_mean_auc=0.664, val_mean_ap=0.358, val_accuracy=0.658, val_f1=0.471, train_loss_epoch=0.933]
Epoch 4:  19%|█▉        | 23/120 [05:09<21:46,  0.07it/s, v_num=6, train_loss_step=1.020, val_loss=0.888, val_mean_auc=0.664, val_mean_ap=0.358, val_accuracy=0.658, val_f1=0.471, train_loss_epoch=0.933]
Epoch 4:  19%|█▉        | 23/120 [05:10<21:48,  0.07it/s, v_num=6, train_loss_step=0.847, val_loss=0.888, val_mean_auc=0.664, val_mean_ap=0.358, val_accuracy=0.658, val_f1=0.471, train_loss_epoch=0.933]
Epoch 4:  20%|██        | 24/120 [05:29<21:57,  0.07it/s, v_num=6, train_loss_step=0.847, val_loss=0.888, val_mean_auc=0.664, val_mean_ap=0.358, val_accuracy=0.658, val_f1=0.471, train_loss_epoch=0.933]
Epoch 4:  20%|██        | 24/120 [05:29<21:59,  0.07it/s, v_num=6, train_loss_step=1.390, val_loss=0.888, val_mean_auc=0.664, val_mean_ap=0.358, val_accuracy=0.658, val_f1=0.471, train_loss_epoch=0.933]
Epoch 4:  21%|██        | 25/120 [05:31<20:59,  0.08it/s, v_num=6, train_loss_step=1.390, val_loss=0.888, val_mean_auc=0.664, val_mean_ap=0.358, val_accuracy=0.658, val_f1=0.471, train_loss_epoch=0.933]
Epoch 4:  21%|██        | 25/120 [05:31<21:01,  0.08it/s, v_num=6, train_loss_step=1.300, val_loss=0.888, val_mean_auc=0.664, val_mean_ap=0.358, val_accuracy=0.658, val_f1=0.471, train_loss_epoch=0.933]
Epoch 4:  22%|██▏       | 26/120 [06:00<21:44,  0.07it/s, v_num=6, train_loss_step=1.300, val_loss=0.888, val_mean_auc=0.664, val_mean_ap=0.358, val_accuracy=0.658, val_f1=0.471, train_loss_epoch=0.933]
Epoch 4:  22%|██▏       | 26/120 [06:01<21:45,  0.07it/s, v_num=6, train_loss_step=0.699, val_loss=0.888, val_mean_auc=0.664, val_mean_ap=0.358, val_accuracy=0.658, val_f1=0.471, train_loss_epoch=0.933]
Epoch 4:  22%|██▎       | 27/120 [06:01<20:44,  0.07it/s, v_num=6, train_loss_step=0.699, val_loss=0.888, val_mean_auc=0.664, val_mean_ap=0.358, val_accuracy=0.658, val_f1=0.471, train_loss_epoch=0.933]
Epoch 4:  22%|██▎       | 27/120 [06:01<20:45,  0.07it/s, v_num=6, train_loss_step=0.798, val_loss=0.888, val_mean_auc=0.664, val_mean_ap=0.358, val_accuracy=0.658, val_f1=0.471, train_loss_epoch=0.933]
Epoch 4:  23%|██▎       | 28/120 [06:29<21:20,  0.07it/s, v_num=6, train_loss_step=0.798, val_loss=0.888, val_mean_auc=0.664, val_mean_ap=0.358, val_accuracy=0.658, val_f1=0.471, train_loss_epoch=0.933]
Epoch 4:  23%|██▎       | 28/120 [06:30<21:21,  0.07it/s, v_num=6, train_loss_step=0.766, val_loss=0.888, val_mean_auc=0.664, val_mean_ap=0.358, val_accuracy=0.658, val_f1=0.471, train_loss_epoch=0.933]
Epoch 4:  24%|██▍       | 29/120 [06:30<20:24,  0.07it/s, v_num=6, train_loss_step=0.766, val_loss=0.888, val_mean_auc=0.664, val_mean_ap=0.358, val_accuracy=0.658, val_f1=0.471, train_loss_epoch=0.933]
Epoch 4:  24%|██▍       | 29/120 [06:30<20:25,  0.07it/s, v_num=6, train_loss_step=1.060, val_loss=0.888, val_mean_auc=0.664, val_mean_ap=0.358, val_accuracy=0.658, val_f1=0.471, train_loss_epoch=0.933]
Epoch 4:  25%|██▌       | 30/120 [06:57<20:52,  0.07it/s, v_num=6, train_loss_step=1.060, val_loss=0.888, val_mean_auc=0.664, val_mean_ap=0.358, val_accuracy=0.658, val_f1=0.471, train_loss_epoch=0.933]
Epoch 4:  25%|██▌       | 30/120 [06:58<20:54,  0.07it/s, v_num=6, train_loss_step=1.230, val_loss=0.888, val_mean_auc=0.664, val_mean_ap=0.358, val_accuracy=0.658, val_f1=0.471, train_loss_epoch=0.933]
Epoch 4:  26%|██▌       | 31/120 [06:58<20:00,  0.07it/s, v_num=6, train_loss_step=1.230, val_loss=0.888, val_mean_auc=0.664, val_mean_ap=0.358, val_accuracy=0.658, val_f1=0.471, train_loss_epoch=0.933]
Epoch 4:  26%|██▌       | 31/120 [06:58<20:01,  0.07it/s, v_num=6, train_loss_step=0.733, val_loss=0.888, val_mean_auc=0.664, val_mean_ap=0.358, val_accuracy=0.658, val_f1=0.471, train_loss_epoch=0.933]
Epoch 4:  27%|██▋       | 32/120 [07:21<20:14,  0.07it/s, v_num=6, train_loss_step=0.733, val_loss=0.888, val_mean_auc=0.664, val_mean_ap=0.358, val_accuracy=0.658, val_f1=0.471, train_loss_epoch=0.933]
Epoch 4:  27%|██▋       | 32/120 [07:22<20:16,  0.07it/s, v_num=6, train_loss_step=0.979, val_loss=0.888, val_mean_auc=0.664, val_mean_ap=0.358, val_accuracy=0.658, val_f1=0.471, train_loss_epoch=0.933]
Epoch 4:  28%|██▊       | 33/120 [07:22<19:26,  0.07it/s, v_num=6, train_loss_step=0.979, val_loss=0.888, val_mean_auc=0.664, val_mean_ap=0.358, val_accuracy=0.658, val_f1=0.471, train_loss_epoch=0.933]
Epoch 4:  28%|██▊       | 33/120 [07:22<19:27,  0.07it/s, v_num=6, train_loss_step=0.581, val_loss=0.888, val_mean_auc=0.664, val_mean_ap=0.358, val_accuracy=0.658, val_f1=0.471, train_loss_epoch=0.933]
Epoch 4:  28%|██▊       | 34/120 [07:44<19:36,  0.07it/s, v_num=6, train_loss_step=0.581, val_loss=0.888, val_mean_auc=0.664, val_mean_ap=0.358, val_accuracy=0.658, val_f1=0.471, train_loss_epoch=0.933]
Epoch 4:  28%|██▊       | 34/120 [07:45<19:37,  0.07it/s, v_num=6, train_loss_step=0.905, val_loss=0.888, val_mean_auc=0.664, val_mean_ap=0.358, val_accuracy=0.658, val_f1=0.471, train_loss_epoch=0.933]
Epoch 4:  29%|██▉       | 35/120 [07:45<18:50,  0.08it/s, v_num=6, train_loss_step=0.905, val_loss=0.888, val_mean_auc=0.664, val_mean_ap=0.358, val_accuracy=0.658, val_f1=0.471, train_loss_epoch=0.933]
Epoch 4:  29%|██▉       | 35/120 [07:45<18:51,  0.08it/s, v_num=6, train_loss_step=0.734, val_loss=0.888, val_mean_auc=0.664, val_mean_ap=0.358, val_accuracy=0.658, val_f1=0.471, train_loss_epoch=0.933]
Epoch 4:  30%|███       | 36/120 [08:05<18:52,  0.07it/s, v_num=6, train_loss_step=0.734, val_loss=0.888, val_mean_auc=0.664, val_mean_ap=0.358, val_accuracy=0.658, val_f1=0.471, train_loss_epoch=0.933]
Epoch 4:  30%|███       | 36/120 [08:05<18:53,  0.07it/s, v_num=6, train_loss_step=1.100, val_loss=0.888, val_mean_auc=0.664, val_mean_ap=0.358, val_accuracy=0.658, val_f1=0.471, train_loss_epoch=0.933]
Epoch 4:  31%|███       | 37/120 [08:05<18:10,  0.08it/s, v_num=6, train_loss_step=1.100, val_loss=0.888, val_mean_auc=0.664, val_mean_ap=0.358, val_accuracy=0.658, val_f1=0.471, train_loss_epoch=0.933]
Epoch 4:  31%|███       | 37/120 [08:06<18:11,  0.08it/s, v_num=6, train_loss_step=0.744, val_loss=0.888, val_mean_auc=0.664, val_mean_ap=0.358, val_accuracy=0.658, val_f1=0.471, train_loss_epoch=0.933]
Epoch 4:  32%|███▏      | 38/120 [08:37<18:37,  0.07it/s, v_num=6, train_loss_step=0.744, val_loss=0.888, val_mean_auc=0.664, val_mean_ap=0.358, val_accuracy=0.658, val_f1=0.471, train_loss_epoch=0.933]
Epoch 4:  32%|███▏      | 38/120 [08:38<18:38,  0.07it/s, v_num=6, train_loss_step=0.861, val_loss=0.888, val_mean_auc=0.664, val_mean_ap=0.358, val_accuracy=0.658, val_f1=0.471, train_loss_epoch=0.933]
Epoch 4:  32%|███▎      | 39/120 [08:38<17:56,  0.08it/s, v_num=6, train_loss_step=0.861, val_loss=0.888, val_mean_auc=0.664, val_mean_ap=0.358, val_accuracy=0.658, val_f1=0.471, train_loss_epoch=0.933]
Epoch 4:  32%|███▎      | 39/120 [08:38<17:57,  0.08it/s, v_num=6, train_loss_step=0.981, val_loss=0.888, val_mean_auc=0.664, val_mean_ap=0.358, val_accuracy=0.658, val_f1=0.471, train_loss_epoch=0.933]
Epoch 4:  33%|███▎      | 40/120 [09:10<18:20,  0.07it/s, v_num=6, train_loss_step=0.981, val_loss=0.888, val_mean_auc=0.664, val_mean_ap=0.358, val_accuracy=0.658, val_f1=0.471, train_loss_epoch=0.933]
Epoch 4:  33%|███▎      | 40/120 [09:10<18:21,  0.07it/s, v_num=6, train_loss_step=1.020, val_loss=0.888, val_mean_auc=0.664, val_mean_ap=0.358, val_accuracy=0.658, val_f1=0.471, train_loss_epoch=0.933]
Epoch 4:  34%|███▍      | 41/120 [09:10<17:41,  0.07it/s, v_num=6, train_loss_step=1.020, val_loss=0.888, val_mean_auc=0.664, val_mean_ap=0.358, val_accuracy=0.658, val_f1=0.471, train_loss_epoch=0.933]
Epoch 4:  34%|███▍      | 41/120 [09:11<17:41,  0.07it/s, v_num=6, train_loss_step=0.722, val_loss=0.888, val_mean_auc=0.664, val_mean_ap=0.358, val_accuracy=0.658, val_f1=0.471, train_loss_epoch=0.933]
Epoch 4:  35%|███▌      | 42/120 [09:39<17:56,  0.07it/s, v_num=6, train_loss_step=0.722, val_loss=0.888, val_mean_auc=0.664, val_mean_ap=0.358, val_accuracy=0.658, val_f1=0.471, train_loss_epoch=0.933]
Epoch 4:  35%|███▌      | 42/120 [09:40<17:57,  0.07it/s, v_num=6, train_loss_step=1.010, val_loss=0.888, val_mean_auc=0.664, val_mean_ap=0.358, val_accuracy=0.658, val_f1=0.471, train_loss_epoch=0.933]
Epoch 4:  36%|███▌      | 43/120 [09:40<17:18,  0.07it/s, v_num=6, train_loss_step=1.010, val_loss=0.888, val_mean_auc=0.664, val_mean_ap=0.358, val_accuracy=0.658, val_f1=0.471, train_loss_epoch=0.933]
Epoch 4:  36%|███▌      | 43/120 [09:40<17:19,  0.07it/s, v_num=6, train_loss_step=1.320, val_loss=0.888, val_mean_auc=0.664, val_mean_ap=0.358, val_accuracy=0.658, val_f1=0.471, train_loss_epoch=0.933]
Epoch 4:  37%|███▋      | 44/120 [10:06<17:27,  0.07it/s, v_num=6, train_loss_step=1.320, val_loss=0.888, val_mean_auc=0.664, val_mean_ap=0.358, val_accuracy=0.658, val_f1=0.471, train_loss_epoch=0.933]
Epoch 4:  37%|███▋      | 44/120 [10:06<17:28,  0.07it/s, v_num=6, train_loss_step=0.857, val_loss=0.888, val_mean_auc=0.664, val_mean_ap=0.358, val_accuracy=0.658, val_f1=0.471, train_loss_epoch=0.933]
Epoch 4:  38%|███▊      | 45/120 [10:06<16:51,  0.07it/s, v_num=6, train_loss_step=0.857, val_loss=0.888, val_mean_auc=0.664, val_mean_ap=0.358, val_accuracy=0.658, val_f1=0.471, train_loss_epoch=0.933]
Epoch 4:  38%|███▊      | 45/120 [10:07<16:52,  0.07it/s, v_num=6, train_loss_step=0.730, val_loss=0.888, val_mean_auc=0.664, val_mean_ap=0.358, val_accuracy=0.658, val_f1=0.471, train_loss_epoch=0.933]
Epoch 4:  38%|███▊      | 46/120 [10:35<17:01,  0.07it/s, v_num=6, train_loss_step=0.730, val_loss=0.888, val_mean_auc=0.664, val_mean_ap=0.358, val_accuracy=0.658, val_f1=0.471, train_loss_epoch=0.933]
Epoch 4:  38%|███▊      | 46/120 [10:35<17:02,  0.07it/s, v_num=6, train_loss_step=1.510, val_loss=0.888, val_mean_auc=0.664, val_mean_ap=0.358, val_accuracy=0.658, val_f1=0.471, train_loss_epoch=0.933]
Epoch 4:  39%|███▉      | 47/120 [10:35<16:27,  0.07it/s, v_num=6, train_loss_step=1.510, val_loss=0.888, val_mean_auc=0.664, val_mean_ap=0.358, val_accuracy=0.658, val_f1=0.471, train_loss_epoch=0.933]
Epoch 4:  39%|███▉      | 47/120 [10:36<16:27,  0.07it/s, v_num=6, train_loss_step=1.190, val_loss=0.888, val_mean_auc=0.664, val_mean_ap=0.358, val_accuracy=0.658, val_f1=0.471, train_loss_epoch=0.933]
Epoch 4:  40%|████      | 48/120 [11:05<16:38,  0.07it/s, v_num=6, train_loss_step=1.190, val_loss=0.888, val_mean_auc=0.664, val_mean_ap=0.358, val_accuracy=0.658, val_f1=0.471, train_loss_epoch=0.933]
Epoch 4:  40%|████      | 48/120 [11:06<16:39,  0.07it/s, v_num=6, train_loss_step=0.921, val_loss=0.888, val_mean_auc=0.664, val_mean_ap=0.358, val_accuracy=0.658, val_f1=0.471, train_loss_epoch=0.933]
Epoch 4:  41%|████      | 49/120 [11:06<16:05,  0.07it/s, v_num=6, train_loss_step=0.921, val_loss=0.888, val_mean_auc=0.664, val_mean_ap=0.358, val_accuracy=0.658, val_f1=0.471, train_loss_epoch=0.933]
Epoch 4:  41%|████      | 49/120 [11:06<16:05,  0.07it/s, v_num=6, train_loss_step=0.806, val_loss=0.888, val_mean_auc=0.664, val_mean_ap=0.358, val_accuracy=0.658, val_f1=0.471, train_loss_epoch=0.933]
Epoch 4:  42%|████▏     | 50/120 [11:34<16:12,  0.07it/s, v_num=6, train_loss_step=0.806, val_loss=0.888, val_mean_auc=0.664, val_mean_ap=0.358, val_accuracy=0.658, val_f1=0.471, train_loss_epoch=0.933]
Epoch 4:  42%|████▏     | 50/120 [11:34<16:12,  0.07it/s, v_num=6, train_loss_step=1.110, val_loss=0.888, val_mean_auc=0.664, val_mean_ap=0.358, val_accuracy=0.658, val_f1=0.471, train_loss_epoch=0.933]
Epoch 4:  42%|████▎     | 51/120 [11:34<15:40,  0.07it/s, v_num=6, train_loss_step=1.110, val_loss=0.888, val_mean_auc=0.664, val_mean_ap=0.358, val_accuracy=0.658, val_f1=0.471, train_loss_epoch=0.933]
Epoch 4:  42%|████▎     | 51/120 [11:35<15:40,  0.07it/s, v_num=6, train_loss_step=0.996, val_loss=0.888, val_mean_auc=0.664, val_mean_ap=0.358, val_accuracy=0.658, val_f1=0.471, train_loss_epoch=0.933]
Epoch 4:  43%|████▎     | 52/120 [12:06<15:50,  0.07it/s, v_num=6, train_loss_step=0.996, val_loss=0.888, val_mean_auc=0.664, val_mean_ap=0.358, val_accuracy=0.658, val_f1=0.471, train_loss_epoch=0.933]
Epoch 4:  43%|████▎     | 52/120 [12:07<15:51,  0.07it/s, v_num=6, train_loss_step=1.530, val_loss=0.888, val_mean_auc=0.664, val_mean_ap=0.358, val_accuracy=0.658, val_f1=0.471, train_loss_epoch=0.933]
Epoch 4:  44%|████▍     | 53/120 [12:07<15:19,  0.07it/s, v_num=6, train_loss_step=1.530, val_loss=0.888, val_mean_auc=0.664, val_mean_ap=0.358, val_accuracy=0.658, val_f1=0.471, train_loss_epoch=0.933]
Epoch 4:  44%|████▍     | 53/120 [12:07<15:19,  0.07it/s, v_num=6, train_loss_step=0.835, val_loss=0.888, val_mean_auc=0.664, val_mean_ap=0.358, val_accuracy=0.658, val_f1=0.471, train_loss_epoch=0.933]
Epoch 4:  45%|████▌     | 54/120 [12:38<15:27,  0.07it/s, v_num=6, train_loss_step=0.835, val_loss=0.888, val_mean_auc=0.664, val_mean_ap=0.358, val_accuracy=0.658, val_f1=0.471, train_loss_epoch=0.933]
Epoch 4:  45%|████▌     | 54/120 [12:39<15:27,  0.07it/s, v_num=6, train_loss_step=1.150, val_loss=0.888, val_mean_auc=0.664, val_mean_ap=0.358, val_accuracy=0.658, val_f1=0.471, train_loss_epoch=0.933]
Epoch 4:  46%|████▌     | 55/120 [12:39<14:57,  0.07it/s, v_num=6, train_loss_step=1.150, val_loss=0.888, val_mean_auc=0.664, val_mean_ap=0.358, val_accuracy=0.658, val_f1=0.471, train_loss_epoch=0.933]
Epoch 4:  46%|████▌     | 55/120 [12:39<14:57,  0.07it/s, v_num=6, train_loss_step=0.807, val_loss=0.888, val_mean_auc=0.664, val_mean_ap=0.358, val_accuracy=0.658, val_f1=0.471, train_loss_epoch=0.933]
Epoch 4:  47%|████▋     | 56/120 [13:06<14:59,  0.07it/s, v_num=6, train_loss_step=0.807, val_loss=0.888, val_mean_auc=0.664, val_mean_ap=0.358, val_accuracy=0.658, val_f1=0.471, train_loss_epoch=0.933]
Epoch 4:  47%|████▋     | 56/120 [13:07<14:59,  0.07it/s, v_num=6, train_loss_step=1.180, val_loss=0.888, val_mean_auc=0.664, val_mean_ap=0.358, val_accuracy=0.658, val_f1=0.471, train_loss_epoch=0.933]
Epoch 4:  48%|████▊     | 57/120 [13:07<14:30,  0.07it/s, v_num=6, train_loss_step=1.180, val_loss=0.888, val_mean_auc=0.664, val_mean_ap=0.358, val_accuracy=0.658, val_f1=0.471, train_loss_epoch=0.933]
Epoch 4:  48%|████▊     | 57/120 [13:07<14:30,  0.07it/s, v_num=6, train_loss_step=0.871, val_loss=0.888, val_mean_auc=0.664, val_mean_ap=0.358, val_accuracy=0.658, val_f1=0.471, train_loss_epoch=0.933]
Epoch 4:  48%|████▊     | 58/120 [13:32<14:28,  0.07it/s, v_num=6, train_loss_step=0.871, val_loss=0.888, val_mean_auc=0.664, val_mean_ap=0.358, val_accuracy=0.658, val_f1=0.471, train_loss_epoch=0.933]
Epoch 4:  48%|████▊     | 58/120 [13:32<14:28,  0.07it/s, v_num=6, train_loss_step=1.010, val_loss=0.888, val_mean_auc=0.664, val_mean_ap=0.358, val_accuracy=0.658, val_f1=0.471, train_loss_epoch=0.933]
Epoch 4:  49%|████▉     | 59/120 [13:32<14:00,  0.07it/s, v_num=6, train_loss_step=1.010, val_loss=0.888, val_mean_auc=0.664, val_mean_ap=0.358, val_accuracy=0.658, val_f1=0.471, train_loss_epoch=0.933]
Epoch 4:  49%|████▉     | 59/120 [13:33<14:00,  0.07it/s, v_num=6, train_loss_step=0.997, val_loss=0.888, val_mean_auc=0.664, val_mean_ap=0.358, val_accuracy=0.658, val_f1=0.471, train_loss_epoch=0.933]
Epoch 4:  50%|█████     | 60/120 [13:58<13:58,  0.07it/s, v_num=6, train_loss_step=0.997, val_loss=0.888, val_mean_auc=0.664, val_mean_ap=0.358, val_accuracy=0.658, val_f1=0.471, train_loss_epoch=0.933]
Epoch 4:  50%|█████     | 60/120 [13:58<13:58,  0.07it/s, v_num=6, train_loss_step=1.220, val_loss=0.888, val_mean_auc=0.664, val_mean_ap=0.358, val_accuracy=0.658, val_f1=0.471, train_loss_epoch=0.933]
Epoch 4:  51%|█████     | 61/120 [13:58<13:31,  0.07it/s, v_num=6, train_loss_step=1.220, val_loss=0.888, val_mean_auc=0.664, val_mean_ap=0.358, val_accuracy=0.658, val_f1=0.471, train_loss_epoch=0.933]
Epoch 4:  51%|█████     | 61/120 [13:59<13:31,  0.07it/s, v_num=6, train_loss_step=1.050, val_loss=0.888, val_mean_auc=0.664, val_mean_ap=0.358, val_accuracy=0.658, val_f1=0.471, train_loss_epoch=0.933]
Epoch 4:  52%|█████▏    | 62/120 [14:17<13:21,  0.07it/s, v_num=6, train_loss_step=1.050, val_loss=0.888, val_mean_auc=0.664, val_mean_ap=0.358, val_accuracy=0.658, val_f1=0.471, train_loss_epoch=0.933]
Epoch 4:  52%|█████▏    | 62/120 [14:17<13:22,  0.07it/s, v_num=6, train_loss_step=0.775, val_loss=0.888, val_mean_auc=0.664, val_mean_ap=0.358, val_accuracy=0.658, val_f1=0.471, train_loss_epoch=0.933]
Epoch 4:  52%|█████▎    | 63/120 [14:17<12:55,  0.07it/s, v_num=6, train_loss_step=0.775, val_loss=0.888, val_mean_auc=0.664, val_mean_ap=0.358, val_accuracy=0.658, val_f1=0.471, train_loss_epoch=0.933]
Epoch 4:  52%|█████▎    | 63/120 [14:17<12:56,  0.07it/s, v_num=6, train_loss_step=0.740, val_loss=0.888, val_mean_auc=0.664, val_mean_ap=0.358, val_accuracy=0.658, val_f1=0.471, train_loss_epoch=0.933]
Epoch 4:  53%|█████▎    | 64/120 [14:48<12:57,  0.07it/s, v_num=6, train_loss_step=0.740, val_loss=0.888, val_mean_auc=0.664, val_mean_ap=0.358, val_accuracy=0.658, val_f1=0.471, train_loss_epoch=0.933]
Epoch 4:  53%|█████▎    | 64/120 [14:48<12:57,  0.07it/s, v_num=6, train_loss_step=0.695, val_loss=0.888, val_mean_auc=0.664, val_mean_ap=0.358, val_accuracy=0.658, val_f1=0.471, train_loss_epoch=0.933]
Epoch 4:  54%|█████▍    | 65/120 [14:48<12:32,  0.07it/s, v_num=6, train_loss_step=0.695, val_loss=0.888, val_mean_auc=0.664, val_mean_ap=0.358, val_accuracy=0.658, val_f1=0.471, train_loss_epoch=0.933]
Epoch 4:  54%|█████▍    | 65/120 [14:49<12:32,  0.07it/s, v_num=6, train_loss_step=0.989, val_loss=0.888, val_mean_auc=0.664, val_mean_ap=0.358, val_accuracy=0.658, val_f1=0.471, train_loss_epoch=0.933]
Epoch 4:  55%|█████▌    | 66/120 [15:20<12:33,  0.07it/s, v_num=6, train_loss_step=0.989, val_loss=0.888, val_mean_auc=0.664, val_mean_ap=0.358, val_accuracy=0.658, val_f1=0.471, train_loss_epoch=0.933]
Epoch 4:  55%|█████▌    | 66/120 [15:21<12:33,  0.07it/s, v_num=6, train_loss_step=1.200, val_loss=0.888, val_mean_auc=0.664, val_mean_ap=0.358, val_accuracy=0.658, val_f1=0.471, train_loss_epoch=0.933]
Epoch 4:  56%|█████▌    | 67/120 [15:21<12:08,  0.07it/s, v_num=6, train_loss_step=1.200, val_loss=0.888, val_mean_auc=0.664, val_mean_ap=0.358, val_accuracy=0.658, val_f1=0.471, train_loss_epoch=0.933]
Epoch 4:  56%|█████▌    | 67/120 [15:21<12:09,  0.07it/s, v_num=6, train_loss_step=1.200, val_loss=0.888, val_mean_auc=0.664, val_mean_ap=0.358, val_accuracy=0.658, val_f1=0.471, train_loss_epoch=0.933]
Epoch 4:  57%|█████▋    | 68/120 [15:42<12:00,  0.07it/s, v_num=6, train_loss_step=1.200, val_loss=0.888, val_mean_auc=0.664, val_mean_ap=0.358, val_accuracy=0.658, val_f1=0.471, train_loss_epoch=0.933]
Epoch 4:  57%|█████▋    | 68/120 [15:43<12:01,  0.07it/s, v_num=6, train_loss_step=0.782, val_loss=0.888, val_mean_auc=0.664, val_mean_ap=0.358, val_accuracy=0.658, val_f1=0.471, train_loss_epoch=0.933]
Epoch 4:  57%|█████▊    | 69/120 [15:43<11:37,  0.07it/s, v_num=6, train_loss_step=0.782, val_loss=0.888, val_mean_auc=0.664, val_mean_ap=0.358, val_accuracy=0.658, val_f1=0.471, train_loss_epoch=0.933]
Epoch 4:  57%|█████▊    | 69/120 [15:43<11:37,  0.07it/s, v_num=6, train_loss_step=1.060, val_loss=0.888, val_mean_auc=0.664, val_mean_ap=0.358, val_accuracy=0.658, val_f1=0.471, train_loss_epoch=0.933]
Epoch 4:  58%|█████▊    | 70/120 [16:11<11:34,  0.07it/s, v_num=6, train_loss_step=1.060, val_loss=0.888, val_mean_auc=0.664, val_mean_ap=0.358, val_accuracy=0.658, val_f1=0.471, train_loss_epoch=0.933]
Epoch 4:  58%|█████▊    | 70/120 [16:12<11:34,  0.07it/s, v_num=6, train_loss_step=0.606, val_loss=0.888, val_mean_auc=0.664, val_mean_ap=0.358, val_accuracy=0.658, val_f1=0.471, train_loss_epoch=0.933]
Epoch 4:  59%|█████▉    | 71/120 [16:12<11:11,  0.07it/s, v_num=6, train_loss_step=0.606, val_loss=0.888, val_mean_auc=0.664, val_mean_ap=0.358, val_accuracy=0.658, val_f1=0.471, train_loss_epoch=0.933]
Epoch 4:  59%|█████▉    | 71/120 [16:12<11:11,  0.07it/s, v_num=6, train_loss_step=0.699, val_loss=0.888, val_mean_auc=0.664, val_mean_ap=0.358, val_accuracy=0.658, val_f1=0.471, train_loss_epoch=0.933]
Epoch 4:  60%|██████    | 72/120 [16:41<11:07,  0.07it/s, v_num=6, train_loss_step=0.699, val_loss=0.888, val_mean_auc=0.664, val_mean_ap=0.358, val_accuracy=0.658, val_f1=0.471, train_loss_epoch=0.933]
Epoch 4:  60%|██████    | 72/120 [16:41<11:07,  0.07it/s, v_num=6, train_loss_step=0.836, val_loss=0.888, val_mean_auc=0.664, val_mean_ap=0.358, val_accuracy=0.658, val_f1=0.471, train_loss_epoch=0.933]
Epoch 4:  61%|██████    | 73/120 [16:41<10:45,  0.07it/s, v_num=6, train_loss_step=0.836, val_loss=0.888, val_mean_auc=0.664, val_mean_ap=0.358, val_accuracy=0.658, val_f1=0.471, train_loss_epoch=0.933]
Epoch 4:  61%|██████    | 73/120 [16:42<10:45,  0.07it/s, v_num=6, train_loss_step=0.964, val_loss=0.888, val_mean_auc=0.664, val_mean_ap=0.358, val_accuracy=0.658, val_f1=0.471, train_loss_epoch=0.933]
Epoch 4:  62%|██████▏   | 74/120 [17:04<10:37,  0.07it/s, v_num=6, train_loss_step=0.964, val_loss=0.888, val_mean_auc=0.664, val_mean_ap=0.358, val_accuracy=0.658, val_f1=0.471, train_loss_epoch=0.933]
Epoch 4:  62%|██████▏   | 74/120 [17:05<10:37,  0.07it/s, v_num=6, train_loss_step=1.130, val_loss=0.888, val_mean_auc=0.664, val_mean_ap=0.358, val_accuracy=0.658, val_f1=0.471, train_loss_epoch=0.933]
Epoch 4:  62%|██████▎   | 75/120 [17:05<10:15,  0.07it/s, v_num=6, train_loss_step=1.130, val_loss=0.888, val_mean_auc=0.664, val_mean_ap=0.358, val_accuracy=0.658, val_f1=0.471, train_loss_epoch=0.933]
Epoch 4:  62%|██████▎   | 75/120 [17:05<10:15,  0.07it/s, v_num=6, train_loss_step=0.892, val_loss=0.888, val_mean_auc=0.664, val_mean_ap=0.358, val_accuracy=0.658, val_f1=0.471, train_loss_epoch=0.933]
Epoch 4:  63%|██████▎   | 76/120 [17:32<10:09,  0.07it/s, v_num=6, train_loss_step=0.892, val_loss=0.888, val_mean_auc=0.664, val_mean_ap=0.358, val_accuracy=0.658, val_f1=0.471, train_loss_epoch=0.933]
Epoch 4:  63%|██████▎   | 76/120 [17:32<10:09,  0.07it/s, v_num=6, train_loss_step=0.761, val_loss=0.888, val_mean_auc=0.664, val_mean_ap=0.358, val_accuracy=0.658, val_f1=0.471, train_loss_epoch=0.933]
Epoch 4:  64%|██████▍   | 77/120 [17:32<09:47,  0.07it/s, v_num=6, train_loss_step=0.761, val_loss=0.888, val_mean_auc=0.664, val_mean_ap=0.358, val_accuracy=0.658, val_f1=0.471, train_loss_epoch=0.933]
Epoch 4:  64%|██████▍   | 77/120 [17:33<09:48,  0.07it/s, v_num=6, train_loss_step=1.270, val_loss=0.888, val_mean_auc=0.664, val_mean_ap=0.358, val_accuracy=0.658, val_f1=0.471, train_loss_epoch=0.933]
Epoch 4:  65%|██████▌   | 78/120 [17:53<09:37,  0.07it/s, v_num=6, train_loss_step=1.270, val_loss=0.888, val_mean_auc=0.664, val_mean_ap=0.358, val_accuracy=0.658, val_f1=0.471, train_loss_epoch=0.933]
Epoch 4:  65%|██████▌   | 78/120 [17:53<09:38,  0.07it/s, v_num=6, train_loss_step=0.966, val_loss=0.888, val_mean_auc=0.664, val_mean_ap=0.358, val_accuracy=0.658, val_f1=0.471, train_loss_epoch=0.933]
Epoch 4:  66%|██████▌   | 79/120 [17:53<09:17,  0.07it/s, v_num=6, train_loss_step=0.966, val_loss=0.888, val_mean_auc=0.664, val_mean_ap=0.358, val_accuracy=0.658, val_f1=0.471, train_loss_epoch=0.933]
Epoch 4:  66%|██████▌   | 79/120 [17:54<09:17,  0.07it/s, v_num=6, train_loss_step=0.745, val_loss=0.888, val_mean_auc=0.664, val_mean_ap=0.358, val_accuracy=0.658, val_f1=0.471, train_loss_epoch=0.933]
Epoch 4:  67%|██████▋   | 80/120 [18:24<09:12,  0.07it/s, v_num=6, train_loss_step=0.745, val_loss=0.888, val_mean_auc=0.664, val_mean_ap=0.358, val_accuracy=0.658, val_f1=0.471, train_loss_epoch=0.933]
Epoch 4:  67%|██████▋   | 80/120 [18:24<09:12,  0.07it/s, v_num=6, train_loss_step=0.635, val_loss=0.888, val_mean_auc=0.664, val_mean_ap=0.358, val_accuracy=0.658, val_f1=0.471, train_loss_epoch=0.933]
Epoch 4:  68%|██████▊   | 81/120 [18:24<08:51,  0.07it/s, v_num=6, train_loss_step=0.635, val_loss=0.888, val_mean_auc=0.664, val_mean_ap=0.358, val_accuracy=0.658, val_f1=0.471, train_loss_epoch=0.933]
Epoch 4:  68%|██████▊   | 81/120 [18:25<08:52,  0.07it/s, v_num=6, train_loss_step=0.897, val_loss=0.888, val_mean_auc=0.664, val_mean_ap=0.358, val_accuracy=0.658, val_f1=0.471, train_loss_epoch=0.933]
Epoch 4:  68%|██████▊   | 82/120 [18:49<08:43,  0.07it/s, v_num=6, train_loss_step=0.897, val_loss=0.888, val_mean_auc=0.664, val_mean_ap=0.358, val_accuracy=0.658, val_f1=0.471, train_loss_epoch=0.933]
Epoch 4:  68%|██████▊   | 82/120 [18:49<08:43,  0.07it/s, v_num=6, train_loss_step=0.642, val_loss=0.888, val_mean_auc=0.664, val_mean_ap=0.358, val_accuracy=0.658, val_f1=0.471, train_loss_epoch=0.933]
Epoch 4:  69%|██████▉   | 83/120 [18:49<08:23,  0.07it/s, v_num=6, train_loss_step=0.642, val_loss=0.888, val_mean_auc=0.664, val_mean_ap=0.358, val_accuracy=0.658, val_f1=0.471, train_loss_epoch=0.933]
Epoch 4:  69%|██████▉   | 83/120 [18:50<08:23,  0.07it/s, v_num=6, train_loss_step=1.420, val_loss=0.888, val_mean_auc=0.664, val_mean_ap=0.358, val_accuracy=0.658, val_f1=0.471, train_loss_epoch=0.933]
Epoch 4:  70%|███████   | 84/120 [19:15<08:15,  0.07it/s, v_num=6, train_loss_step=1.420, val_loss=0.888, val_mean_auc=0.664, val_mean_ap=0.358, val_accuracy=0.658, val_f1=0.471, train_loss_epoch=0.933]
Epoch 4:  70%|███████   | 84/120 [19:15<08:15,  0.07it/s, v_num=6, train_loss_step=0.875, val_loss=0.888, val_mean_auc=0.664, val_mean_ap=0.358, val_accuracy=0.658, val_f1=0.471, train_loss_epoch=0.933]
Epoch 4:  71%|███████   | 85/120 [19:15<07:55,  0.07it/s, v_num=6, train_loss_step=0.875, val_loss=0.888, val_mean_auc=0.664, val_mean_ap=0.358, val_accuracy=0.658, val_f1=0.471, train_loss_epoch=0.933]
Epoch 4:  71%|███████   | 85/120 [19:16<07:56,  0.07it/s, v_num=6, train_loss_step=0.569, val_loss=0.888, val_mean_auc=0.664, val_mean_ap=0.358, val_accuracy=0.658, val_f1=0.471, train_loss_epoch=0.933]
Epoch 4:  72%|███████▏  | 86/120 [19:42<07:47,  0.07it/s, v_num=6, train_loss_step=0.569, val_loss=0.888, val_mean_auc=0.664, val_mean_ap=0.358, val_accuracy=0.658, val_f1=0.471, train_loss_epoch=0.933]
Epoch 4:  72%|███████▏  | 86/120 [19:42<07:47,  0.07it/s, v_num=6, train_loss_step=0.503, val_loss=0.888, val_mean_auc=0.664, val_mean_ap=0.358, val_accuracy=0.658, val_f1=0.471, train_loss_epoch=0.933]
Epoch 4:  72%|███████▎  | 87/120 [19:42<07:28,  0.07it/s, v_num=6, train_loss_step=0.503, val_loss=0.888, val_mean_auc=0.664, val_mean_ap=0.358, val_accuracy=0.658, val_f1=0.471, train_loss_epoch=0.933]
Epoch 4:  72%|███████▎  | 87/120 [19:43<07:28,  0.07it/s, v_num=6, train_loss_step=0.687, val_loss=0.888, val_mean_auc=0.664, val_mean_ap=0.358, val_accuracy=0.658, val_f1=0.471, train_loss_epoch=0.933]
Epoch 4:  73%|███████▎  | 88/120 [20:08<07:19,  0.07it/s, v_num=6, train_loss_step=0.687, val_loss=0.888, val_mean_auc=0.664, val_mean_ap=0.358, val_accuracy=0.658, val_f1=0.471, train_loss_epoch=0.933]
Epoch 4:  73%|███████▎  | 88/120 [20:08<07:19,  0.07it/s, v_num=6, train_loss_step=0.791, val_loss=0.888, val_mean_auc=0.664, val_mean_ap=0.358, val_accuracy=0.658, val_f1=0.471, train_loss_epoch=0.933]
Epoch 4:  74%|███████▍  | 89/120 [20:08<07:01,  0.07it/s, v_num=6, train_loss_step=0.791, val_loss=0.888, val_mean_auc=0.664, val_mean_ap=0.358, val_accuracy=0.658, val_f1=0.471, train_loss_epoch=0.933]
Epoch 4:  74%|███████▍  | 89/120 [20:09<07:01,  0.07it/s, v_num=6, train_loss_step=0.689, val_loss=0.888, val_mean_auc=0.664, val_mean_ap=0.358, val_accuracy=0.658, val_f1=0.471, train_loss_epoch=0.933]
Epoch 4:  75%|███████▌  | 90/120 [20:37<06:52,  0.07it/s, v_num=6, train_loss_step=0.689, val_loss=0.888, val_mean_auc=0.664, val_mean_ap=0.358, val_accuracy=0.658, val_f1=0.471, train_loss_epoch=0.933]
Epoch 4:  75%|███████▌  | 90/120 [20:38<06:52,  0.07it/s, v_num=6, train_loss_step=0.530, val_loss=0.888, val_mean_auc=0.664, val_mean_ap=0.358, val_accuracy=0.658, val_f1=0.471, train_loss_epoch=0.933]
Epoch 4:  76%|███████▌  | 91/120 [20:38<06:34,  0.07it/s, v_num=6, train_loss_step=0.530, val_loss=0.888, val_mean_auc=0.664, val_mean_ap=0.358, val_accuracy=0.658, val_f1=0.471, train_loss_epoch=0.933]
Epoch 4:  76%|███████▌  | 91/120 [20:38<06:34,  0.07it/s, v_num=6, train_loss_step=0.942, val_loss=0.888, val_mean_auc=0.664, val_mean_ap=0.358, val_accuracy=0.658, val_f1=0.471, train_loss_epoch=0.933]
Epoch 4:  77%|███████▋  | 92/120 [21:09<06:26,  0.07it/s, v_num=6, train_loss_step=0.942, val_loss=0.888, val_mean_auc=0.664, val_mean_ap=0.358, val_accuracy=0.658, val_f1=0.471, train_loss_epoch=0.933]
Epoch 4:  77%|███████▋  | 92/120 [21:09<06:26,  0.07it/s, v_num=6, train_loss_step=1.190, val_loss=0.888, val_mean_auc=0.664, val_mean_ap=0.358, val_accuracy=0.658, val_f1=0.471, train_loss_epoch=0.933]
Epoch 4:  78%|███████▊  | 93/120 [21:09<06:08,  0.07it/s, v_num=6, train_loss_step=1.190, val_loss=0.888, val_mean_auc=0.664, val_mean_ap=0.358, val_accuracy=0.658, val_f1=0.471, train_loss_epoch=0.933]
Epoch 4:  78%|███████▊  | 93/120 [21:10<06:08,  0.07it/s, v_num=6, train_loss_step=0.727, val_loss=0.888, val_mean_auc=0.664, val_mean_ap=0.358, val_accuracy=0.658, val_f1=0.471, train_loss_epoch=0.933]
Epoch 4:  78%|███████▊  | 94/120 [21:40<05:59,  0.07it/s, v_num=6, train_loss_step=0.727, val_loss=0.888, val_mean_auc=0.664, val_mean_ap=0.358, val_accuracy=0.658, val_f1=0.471, train_loss_epoch=0.933]
Epoch 4:  78%|███████▊  | 94/120 [21:40<05:59,  0.07it/s, v_num=6, train_loss_step=0.558, val_loss=0.888, val_mean_auc=0.664, val_mean_ap=0.358, val_accuracy=0.658, val_f1=0.471, train_loss_epoch=0.933]
Epoch 4:  79%|███████▉  | 95/120 [21:40<05:42,  0.07it/s, v_num=6, train_loss_step=0.558, val_loss=0.888, val_mean_auc=0.664, val_mean_ap=0.358, val_accuracy=0.658, val_f1=0.471, train_loss_epoch=0.933]
Epoch 4:  79%|███████▉  | 95/120 [21:41<05:42,  0.07it/s, v_num=6, train_loss_step=0.920, val_loss=0.888, val_mean_auc=0.664, val_mean_ap=0.358, val_accuracy=0.658, val_f1=0.471, train_loss_epoch=0.933]
Epoch 4:  80%|████████  | 96/120 [22:08<05:32,  0.07it/s, v_num=6, train_loss_step=0.920, val_loss=0.888, val_mean_auc=0.664, val_mean_ap=0.358, val_accuracy=0.658, val_f1=0.471, train_loss_epoch=0.933]
Epoch 4:  80%|████████  | 96/120 [22:09<05:32,  0.07it/s, v_num=6, train_loss_step=1.160, val_loss=0.888, val_mean_auc=0.664, val_mean_ap=0.358, val_accuracy=0.658, val_f1=0.471, train_loss_epoch=0.933]
Epoch 4:  81%|████████  | 97/120 [22:09<05:15,  0.07it/s, v_num=6, train_loss_step=1.160, val_loss=0.888, val_mean_auc=0.664, val_mean_ap=0.358, val_accuracy=0.658, val_f1=0.471, train_loss_epoch=0.933]
Epoch 4:  81%|████████  | 97/120 [22:09<05:15,  0.07it/s, v_num=6, train_loss_step=0.771, val_loss=0.888, val_mean_auc=0.664, val_mean_ap=0.358, val_accuracy=0.658, val_f1=0.471, train_loss_epoch=0.933]
Epoch 4:  82%|████████▏ | 98/120 [22:36<05:04,  0.07it/s, v_num=6, train_loss_step=0.771, val_loss=0.888, val_mean_auc=0.664, val_mean_ap=0.358, val_accuracy=0.658, val_f1=0.471, train_loss_epoch=0.933]
Epoch 4:  82%|████████▏ | 98/120 [22:37<05:04,  0.07it/s, v_num=6, train_loss_step=0.840, val_loss=0.888, val_mean_auc=0.664, val_mean_ap=0.358, val_accuracy=0.658, val_f1=0.471, train_loss_epoch=0.933]
Epoch 4:  82%|████████▎ | 99/120 [22:37<04:47,  0.07it/s, v_num=6, train_loss_step=0.840, val_loss=0.888, val_mean_auc=0.664, val_mean_ap=0.358, val_accuracy=0.658, val_f1=0.471, train_loss_epoch=0.933]
Epoch 4:  82%|████████▎ | 99/120 [22:37<04:48,  0.07it/s, v_num=6, train_loss_step=1.060, val_loss=0.888, val_mean_auc=0.664, val_mean_ap=0.358, val_accuracy=0.658, val_f1=0.471, train_loss_epoch=0.933]
Epoch 4:  83%|████████▎ | 100/120 [23:01<04:36,  0.07it/s, v_num=6, train_loss_step=1.060, val_loss=0.888, val_mean_auc=0.664, val_mean_ap=0.358, val_accuracy=0.658, val_f1=0.471, train_loss_epoch=0.933]
Epoch 4:  83%|████████▎ | 100/120 [23:01<04:36,  0.07it/s, v_num=6, train_loss_step=1.280, val_loss=0.888, val_mean_auc=0.664, val_mean_ap=0.358, val_accuracy=0.658, val_f1=0.471, train_loss_epoch=0.933]
Epoch 4:  84%|████████▍ | 101/120 [23:01<04:19,  0.07it/s, v_num=6, train_loss_step=1.280, val_loss=0.888, val_mean_auc=0.664, val_mean_ap=0.358, val_accuracy=0.658, val_f1=0.471, train_loss_epoch=0.933]
Epoch 4:  84%|████████▍ | 101/120 [23:02<04:20,  0.07it/s, v_num=6, train_loss_step=0.708, val_loss=0.888, val_mean_auc=0.664, val_mean_ap=0.358, val_accuracy=0.658, val_f1=0.471, train_loss_epoch=0.933]
Epoch 4:  85%|████████▌ | 102/120 [23:29<04:08,  0.07it/s, v_num=6, train_loss_step=0.708, val_loss=0.888, val_mean_auc=0.664, val_mean_ap=0.358, val_accuracy=0.658, val_f1=0.471, train_loss_epoch=0.933]
Epoch 4:  85%|████████▌ | 102/120 [23:30<04:08,  0.07it/s, v_num=6, train_loss_step=0.553, val_loss=0.888, val_mean_auc=0.664, val_mean_ap=0.358, val_accuracy=0.658, val_f1=0.471, train_loss_epoch=0.933]
Epoch 4:  86%|████████▌ | 103/120 [23:30<03:52,  0.07it/s, v_num=6, train_loss_step=0.553, val_loss=0.888, val_mean_auc=0.664, val_mean_ap=0.358, val_accuracy=0.658, val_f1=0.471, train_loss_epoch=0.933]
Epoch 4:  86%|████████▌ | 103/120 [23:30<03:52,  0.07it/s, v_num=6, train_loss_step=0.911, val_loss=0.888, val_mean_auc=0.664, val_mean_ap=0.358, val_accuracy=0.658, val_f1=0.471, train_loss_epoch=0.933]
Epoch 4:  87%|████████▋ | 104/120 [23:57<03:41,  0.07it/s, v_num=6, train_loss_step=0.911, val_loss=0.888, val_mean_auc=0.664, val_mean_ap=0.358, val_accuracy=0.658, val_f1=0.471, train_loss_epoch=0.933]
Epoch 4:  87%|████████▋ | 104/120 [23:58<03:41,  0.07it/s, v_num=6, train_loss_step=0.805, val_loss=0.888, val_mean_auc=0.664, val_mean_ap=0.358, val_accuracy=0.658, val_f1=0.471, train_loss_epoch=0.933]
Epoch 4:  88%|████████▊ | 105/120 [23:58<03:25,  0.07it/s, v_num=6, train_loss_step=0.805, val_loss=0.888, val_mean_auc=0.664, val_mean_ap=0.358, val_accuracy=0.658, val_f1=0.471, train_loss_epoch=0.933]
Epoch 4:  88%|████████▊ | 105/120 [23:58<03:25,  0.07it/s, v_num=6, train_loss_step=0.520, val_loss=0.888, val_mean_auc=0.664, val_mean_ap=0.358, val_accuracy=0.658, val_f1=0.471, train_loss_epoch=0.933]
Epoch 4:  88%|████████▊ | 106/120 [24:19<03:12,  0.07it/s, v_num=6, train_loss_step=0.520, val_loss=0.888, val_mean_auc=0.664, val_mean_ap=0.358, val_accuracy=0.658, val_f1=0.471, train_loss_epoch=0.933]
Epoch 4:  88%|████████▊ | 106/120 [24:19<03:12,  0.07it/s, v_num=6, train_loss_step=1.010, val_loss=0.888, val_mean_auc=0.664, val_mean_ap=0.358, val_accuracy=0.658, val_f1=0.471, train_loss_epoch=0.933]
Epoch 4:  89%|████████▉ | 107/120 [24:19<02:57,  0.07it/s, v_num=6, train_loss_step=1.010, val_loss=0.888, val_mean_auc=0.664, val_mean_ap=0.358, val_accuracy=0.658, val_f1=0.471, train_loss_epoch=0.933]
Epoch 4:  89%|████████▉ | 107/120 [24:20<02:57,  0.07it/s, v_num=6, train_loss_step=1.020, val_loss=0.888, val_mean_auc=0.664, val_mean_ap=0.358, val_accuracy=0.658, val_f1=0.471, train_loss_epoch=0.933]
Epoch 4:  90%|█████████ | 108/120 [24:46<02:45,  0.07it/s, v_num=6, train_loss_step=1.020, val_loss=0.888, val_mean_auc=0.664, val_mean_ap=0.358, val_accuracy=0.658, val_f1=0.471, train_loss_epoch=0.933]
Epoch 4:  90%|█████████ | 108/120 [24:46<02:45,  0.07it/s, v_num=6, train_loss_step=0.676, val_loss=0.888, val_mean_auc=0.664, val_mean_ap=0.358, val_accuracy=0.658, val_f1=0.471, train_loss_epoch=0.933]
Epoch 4:  91%|█████████ | 109/120 [24:46<02:30,  0.07it/s, v_num=6, train_loss_step=0.676, val_loss=0.888, val_mean_auc=0.664, val_mean_ap=0.358, val_accuracy=0.658, val_f1=0.471, train_loss_epoch=0.933]
Epoch 4:  91%|█████████ | 109/120 [24:47<02:30,  0.07it/s, v_num=6, train_loss_step=0.896, val_loss=0.888, val_mean_auc=0.664, val_mean_ap=0.358, val_accuracy=0.658, val_f1=0.471, train_loss_epoch=0.933]
Epoch 4:  92%|█████████▏| 110/120 [25:12<02:17,  0.07it/s, v_num=6, train_loss_step=0.896, val_loss=0.888, val_mean_auc=0.664, val_mean_ap=0.358, val_accuracy=0.658, val_f1=0.471, train_loss_epoch=0.933]
Epoch 4:  92%|█████████▏| 110/120 [25:12<02:17,  0.07it/s, v_num=6, train_loss_step=0.818, val_loss=0.888, val_mean_auc=0.664, val_mean_ap=0.358, val_accuracy=0.658, val_f1=0.471, train_loss_epoch=0.933]
Epoch 4:  92%|█████████▎| 111/120 [25:12<02:02,  0.07it/s, v_num=6, train_loss_step=0.818, val_loss=0.888, val_mean_auc=0.664, val_mean_ap=0.358, val_accuracy=0.658, val_f1=0.471, train_loss_epoch=0.933]
Epoch 4:  92%|█████████▎| 111/120 [25:13<02:02,  0.07it/s, v_num=6, train_loss_step=0.900, val_loss=0.888, val_mean_auc=0.664, val_mean_ap=0.358, val_accuracy=0.658, val_f1=0.471, train_loss_epoch=0.933]
Epoch 4:  93%|█████████▎| 112/120 [25:33<01:49,  0.07it/s, v_num=6, train_loss_step=0.900, val_loss=0.888, val_mean_auc=0.664, val_mean_ap=0.358, val_accuracy=0.658, val_f1=0.471, train_loss_epoch=0.933]
Epoch 4:  93%|█████████▎| 112/120 [25:33<01:49,  0.07it/s, v_num=6, train_loss_step=0.996, val_loss=0.888, val_mean_auc=0.664, val_mean_ap=0.358, val_accuracy=0.658, val_f1=0.471, train_loss_epoch=0.933]
Epoch 4:  94%|█████████▍| 113/120 [25:34<01:35,  0.07it/s, v_num=6, train_loss_step=0.996, val_loss=0.888, val_mean_auc=0.664, val_mean_ap=0.358, val_accuracy=0.658, val_f1=0.471, train_loss_epoch=0.933]
Epoch 4:  94%|█████████▍| 113/120 [25:34<01:35,  0.07it/s, v_num=6, train_loss_step=1.160, val_loss=0.888, val_mean_auc=0.664, val_mean_ap=0.358, val_accuracy=0.658, val_f1=0.471, train_loss_epoch=0.933]
Epoch 4:  95%|█████████▌| 114/120 [26:01<01:22,  0.07it/s, v_num=6, train_loss_step=1.160, val_loss=0.888, val_mean_auc=0.664, val_mean_ap=0.358, val_accuracy=0.658, val_f1=0.471, train_loss_epoch=0.933]
Epoch 4:  95%|█████████▌| 114/120 [26:01<01:22,  0.07it/s, v_num=6, train_loss_step=0.734, val_loss=0.888, val_mean_auc=0.664, val_mean_ap=0.358, val_accuracy=0.658, val_f1=0.471, train_loss_epoch=0.933]
Epoch 4:  96%|█████████▌| 115/120 [26:01<01:07,  0.07it/s, v_num=6, train_loss_step=0.734, val_loss=0.888, val_mean_auc=0.664, val_mean_ap=0.358, val_accuracy=0.658, val_f1=0.471, train_loss_epoch=0.933]
Epoch 4:  96%|█████████▌| 115/120 [26:02<01:07,  0.07it/s, v_num=6, train_loss_step=1.290, val_loss=0.888, val_mean_auc=0.664, val_mean_ap=0.358, val_accuracy=0.658, val_f1=0.471, train_loss_epoch=0.933]
Epoch 4:  97%|█████████▋| 116/120 [26:25<00:54,  0.07it/s, v_num=6, train_loss_step=1.290, val_loss=0.888, val_mean_auc=0.664, val_mean_ap=0.358, val_accuracy=0.658, val_f1=0.471, train_loss_epoch=0.933]
Epoch 4:  97%|█████████▋| 116/120 [26:25<00:54,  0.07it/s, v_num=6, train_loss_step=0.946, val_loss=0.888, val_mean_auc=0.664, val_mean_ap=0.358, val_accuracy=0.658, val_f1=0.471, train_loss_epoch=0.933]
Epoch 4:  98%|█████████▊| 117/120 [26:25<00:40,  0.07it/s, v_num=6, train_loss_step=0.946, val_loss=0.888, val_mean_auc=0.664, val_mean_ap=0.358, val_accuracy=0.658, val_f1=0.471, train_loss_epoch=0.933]
Epoch 4:  98%|█████████▊| 117/120 [26:26<00:40,  0.07it/s, v_num=6, train_loss_step=1.010, val_loss=0.888, val_mean_auc=0.664, val_mean_ap=0.358, val_accuracy=0.658, val_f1=0.471, train_loss_epoch=0.933]
Epoch 4:  98%|█████████▊| 118/120 [26:49<00:27,  0.07it/s, v_num=6, train_loss_step=1.010, val_loss=0.888, val_mean_auc=0.664, val_mean_ap=0.358, val_accuracy=0.658, val_f1=0.471, train_loss_epoch=0.933]
Epoch 4:  98%|█████████▊| 118/120 [26:49<00:27,  0.07it/s, v_num=6, train_loss_step=1.020, val_loss=0.888, val_mean_auc=0.664, val_mean_ap=0.358, val_accuracy=0.658, val_f1=0.471, train_loss_epoch=0.933]
Epoch 4:  99%|█████████▉| 119/120 [26:49<00:13,  0.07it/s, v_num=6, train_loss_step=1.020, val_loss=0.888, val_mean_auc=0.664, val_mean_ap=0.358, val_accuracy=0.658, val_f1=0.471, train_loss_epoch=0.933]
Epoch 4:  99%|█████████▉| 119/120 [26:50<00:13,  0.07it/s, v_num=6, train_loss_step=1.370, val_loss=0.888, val_mean_auc=0.664, val_mean_ap=0.358, val_accuracy=0.658, val_f1=0.471, train_loss_epoch=0.933]
Epoch 4: 100%|██████████| 120/120 [27:11<00:00,  0.07it/s, v_num=6, train_loss_step=1.370, val_loss=0.888, val_mean_auc=0.664, val_mean_ap=0.358, val_accuracy=0.658, val_f1=0.471, train_loss_epoch=0.933]
Epoch 4: 100%|██████████| 120/120 [27:11<00:00,  0.07it/s, v_num=6, train_loss_step=1.040, val_loss=0.888, val_mean_auc=0.664, val_mean_ap=0.358, val_accuracy=0.658, val_f1=0.471, train_loss_epoch=0.933]

Validation: |          | 0/? [00:00<?, ?it/s][A

Validation: |          | 0/? [00:00<?, ?it/s][A

Validation DataLoader 0:   0%|          | 0/15 [00:00<?, ?it/s][A

Validation DataLoader 0:   7%|▋         | 1/15 [00:00<00:06,  2.12it/s][A

Validation DataLoader 0:  13%|█▎        | 2/15 [00:00<00:06,  2.11it/s][A

Validation DataLoader 0:  20%|██        | 3/15 [00:22<01:29,  0.13it/s][A

Validation DataLoader 0:  27%|██▋       | 4/15 [00:22<01:02,  0.18it/s][A

Validation DataLoader 0:  33%|███▎      | 5/15 [00:46<01:33,  0.11it/s][A

Validation DataLoader 0:  40%|████      | 6/15 [00:47<01:10,  0.13it/s][A

Validation DataLoader 0:  47%|████▋     | 7/15 [01:08<01:18,  0.10it/s][A

Validation DataLoader 0:  53%|█████▎    | 8/15 [01:09<01:00,  0.12it/s][A

Validation DataLoader 0:  60%|██████    | 9/15 [01:26<00:57,  0.10it/s][A

Validation DataLoader 0:  67%|██████▋   | 10/15 [01:34<00:47,  0.11it/s][A

Validation DataLoader 0:  73%|███████▎  | 11/15 [01:51<00:40,  0.10it/s][A

Validation DataLoader 0:  80%|████████  | 12/15 [01:55<00:28,  0.10it/s][A

Validation DataLoader 0:  87%|████████▋ | 13/15 [02:15<00:20,  0.10it/s][A

Validation DataLoader 0:  93%|█████████▎| 14/15 [02:21<00:10,  0.10it/s][A

Validation DataLoader 0: 100%|██████████| 15/15 [02:34<00:00,  0.10it/s][A

                                                                        [A
Epoch 4: 100%|██████████| 120/120 [30:12<00:00,  0.07it/s, v_num=6, train_loss_step=1.040, val_loss=0.877, val_mean_auc=0.669, val_mean_ap=0.359, val_accuracy=0.672, val_f1=0.472, train_loss_epoch=0.933]
Epoch 4: 100%|██████████| 120/120 [30:12<00:00,  0.07it/s, v_num=6, train_loss_step=1.040, val_loss=0.877, val_mean_auc=0.669, val_mean_ap=0.359, val_accuracy=0.672, val_f1=0.472, train_loss_epoch=0.933]
Epoch 4:   0%|          | 0/120 [00:00<?, ?it/s, v_num=6, train_loss_step=1.040, val_loss=0.877, val_mean_auc=0.669, val_mean_ap=0.359, val_accuracy=0.672, val_f1=0.472, train_loss_epoch=0.933]          
Epoch 5:   0%|          | 0/120 [00:00<?, ?it/s, v_num=6, train_loss_step=1.040, val_loss=0.877, val_mean_auc=0.669, val_mean_ap=0.359, val_accuracy=0.672, val_f1=0.472, train_loss_epoch=0.933]
Epoch 5:   1%|          | 1/120 [00:22<45:25,  0.04it/s, v_num=6, train_loss_step=1.040, val_loss=0.877, val_mean_auc=0.669, val_mean_ap=0.359, val_accuracy=0.672, val_f1=0.472, train_loss_epoch=0.933]
Epoch 5:   1%|          | 1/120 [00:23<46:15,  0.04it/s, v_num=6, train_loss_step=0.927, val_loss=0.877, val_mean_auc=0.669, val_mean_ap=0.359, val_accuracy=0.672, val_f1=0.472, train_loss_epoch=0.933]
Epoch 5:   2%|▏         | 2/120 [00:30<30:22,  0.06it/s, v_num=6, train_loss_step=0.927, val_loss=0.877, val_mean_auc=0.669, val_mean_ap=0.359, val_accuracy=0.672, val_f1=0.472, train_loss_epoch=0.933]
Epoch 5:   2%|▏         | 2/120 [00:31<30:47,  0.06it/s, v_num=6, train_loss_step=0.879, val_loss=0.877, val_mean_auc=0.669, val_mean_ap=0.359, val_accuracy=0.672, val_f1=0.472, train_loss_epoch=0.933]
Epoch 5:   2%|▎         | 3/120 [00:45<29:53,  0.07it/s, v_num=6, train_loss_step=0.879, val_loss=0.877, val_mean_auc=0.669, val_mean_ap=0.359, val_accuracy=0.672, val_f1=0.472, train_loss_epoch=0.933]
Epoch 5:   2%|▎         | 3/120 [00:46<30:11,  0.06it/s, v_num=6, train_loss_step=0.992, val_loss=0.877, val_mean_auc=0.669, val_mean_ap=0.359, val_accuracy=0.672, val_f1=0.472, train_loss_epoch=0.933]
Epoch 5:   3%|▎         | 4/120 [01:00<29:27,  0.07it/s, v_num=6, train_loss_step=0.992, val_loss=0.877, val_mean_auc=0.669, val_mean_ap=0.359, val_accuracy=0.672, val_f1=0.472, train_loss_epoch=0.933]
Epoch 5:   3%|▎         | 4/120 [01:01<29:40,  0.07it/s, v_num=6, train_loss_step=0.966, val_loss=0.877, val_mean_auc=0.669, val_mean_ap=0.359, val_accuracy=0.672, val_f1=0.472, train_loss_epoch=0.933]
Epoch 5:   4%|▍         | 5/120 [01:08<26:16,  0.07it/s, v_num=6, train_loss_step=0.966, val_loss=0.877, val_mean_auc=0.669, val_mean_ap=0.359, val_accuracy=0.672, val_f1=0.472, train_loss_epoch=0.933]
Epoch 5:   4%|▍         | 5/120 [01:08<26:26,  0.07it/s, v_num=6, train_loss_step=0.773, val_loss=0.877, val_mean_auc=0.669, val_mean_ap=0.359, val_accuracy=0.672, val_f1=0.472, train_loss_epoch=0.933]
Epoch 5:   5%|▌         | 6/120 [01:27<27:49,  0.07it/s, v_num=6, train_loss_step=0.773, val_loss=0.877, val_mean_auc=0.669, val_mean_ap=0.359, val_accuracy=0.672, val_f1=0.472, train_loss_epoch=0.933]
Epoch 5:   5%|▌         | 6/120 [01:28<27:57,  0.07it/s, v_num=6, train_loss_step=0.903, val_loss=0.877, val_mean_auc=0.669, val_mean_ap=0.359, val_accuracy=0.672, val_f1=0.472, train_loss_epoch=0.933]
Epoch 5:   6%|▌         | 7/120 [01:30<24:28,  0.08it/s, v_num=6, train_loss_step=0.903, val_loss=0.877, val_mean_auc=0.669, val_mean_ap=0.359, val_accuracy=0.672, val_f1=0.472, train_loss_epoch=0.933]
Epoch 5:   6%|▌         | 7/120 [01:31<24:35,  0.08it/s, v_num=6, train_loss_step=0.909, val_loss=0.877, val_mean_auc=0.669, val_mean_ap=0.359, val_accuracy=0.672, val_f1=0.472, train_loss_epoch=0.933]
Epoch 5:   7%|▋         | 8/120 [01:55<26:54,  0.07it/s, v_num=6, train_loss_step=0.909, val_loss=0.877, val_mean_auc=0.669, val_mean_ap=0.359, val_accuracy=0.672, val_f1=0.472, train_loss_epoch=0.933]
Epoch 5:   7%|▋         | 8/120 [01:55<27:00,  0.07it/s, v_num=6, train_loss_step=1.120, val_loss=0.877, val_mean_auc=0.669, val_mean_ap=0.359, val_accuracy=0.672, val_f1=0.472, train_loss_epoch=0.933]
Epoch 5:   8%|▊         | 9/120 [02:01<25:00,  0.07it/s, v_num=6, train_loss_step=1.120, val_loss=0.877, val_mean_auc=0.669, val_mean_ap=0.359, val_accuracy=0.672, val_f1=0.472, train_loss_epoch=0.933]
Epoch 5:   8%|▊         | 9/120 [02:02<25:05,  0.07it/s, v_num=6, train_loss_step=0.928, val_loss=0.877, val_mean_auc=0.669, val_mean_ap=0.359, val_accuracy=0.672, val_f1=0.472, train_loss_epoch=0.933]
Epoch 5:   8%|▊         | 10/120 [02:16<25:01,  0.07it/s, v_num=6, train_loss_step=0.928, val_loss=0.877, val_mean_auc=0.669, val_mean_ap=0.359, val_accuracy=0.672, val_f1=0.472, train_loss_epoch=0.933]
Epoch 5:   8%|▊         | 10/120 [02:16<25:06,  0.07it/s, v_num=6, train_loss_step=0.781, val_loss=0.877, val_mean_auc=0.669, val_mean_ap=0.359, val_accuracy=0.672, val_f1=0.472, train_loss_epoch=0.933]
Epoch 5:   9%|▉         | 11/120 [02:29<24:43,  0.07it/s, v_num=6, train_loss_step=0.781, val_loss=0.877, val_mean_auc=0.669, val_mean_ap=0.359, val_accuracy=0.672, val_f1=0.472, train_loss_epoch=0.933]
Epoch 5:   9%|▉         | 11/120 [02:30<24:47,  0.07it/s, v_num=6, train_loss_step=1.030, val_loss=0.877, val_mean_auc=0.669, val_mean_ap=0.359, val_accuracy=0.672, val_f1=0.472, train_loss_epoch=0.933]
Epoch 5:  10%|█         | 12/120 [02:43<24:33,  0.07it/s, v_num=6, train_loss_step=1.030, val_loss=0.877, val_mean_auc=0.669, val_mean_ap=0.359, val_accuracy=0.672, val_f1=0.472, train_loss_epoch=0.933]
Epoch 5:  10%|█         | 12/120 [02:44<24:36,  0.07it/s, v_num=6, train_loss_step=0.555, val_loss=0.877, val_mean_auc=0.669, val_mean_ap=0.359, val_accuracy=0.672, val_f1=0.472, train_loss_epoch=0.933]
Epoch 5:  11%|█         | 13/120 [02:57<24:23,  0.07it/s, v_num=6, train_loss_step=0.555, val_loss=0.877, val_mean_auc=0.669, val_mean_ap=0.359, val_accuracy=0.672, val_f1=0.472, train_loss_epoch=0.933]
Epoch 5:  11%|█         | 13/120 [02:58<24:27,  0.07it/s, v_num=6, train_loss_step=0.823, val_loss=0.877, val_mean_auc=0.669, val_mean_ap=0.359, val_accuracy=0.672, val_f1=0.472, train_loss_epoch=0.933]
Epoch 5:  12%|█▏        | 14/120 [03:06<23:34,  0.07it/s, v_num=6, train_loss_step=0.823, val_loss=0.877, val_mean_auc=0.669, val_mean_ap=0.359, val_accuracy=0.672, val_f1=0.472, train_loss_epoch=0.933]
Epoch 5:  12%|█▏        | 14/120 [03:07<23:38,  0.07it/s, v_num=6, train_loss_step=1.020, val_loss=0.877, val_mean_auc=0.669, val_mean_ap=0.359, val_accuracy=0.672, val_f1=0.472, train_loss_epoch=0.933]
Epoch 5:  12%|█▎        | 15/120 [03:18<23:09,  0.08it/s, v_num=6, train_loss_step=1.020, val_loss=0.877, val_mean_auc=0.669, val_mean_ap=0.359, val_accuracy=0.672, val_f1=0.472, train_loss_epoch=0.933]
Epoch 5:  12%|█▎        | 15/120 [03:18<23:12,  0.08it/s, v_num=6, train_loss_step=0.976, val_loss=0.877, val_mean_auc=0.669, val_mean_ap=0.359, val_accuracy=0.672, val_f1=0.472, train_loss_epoch=0.933]
Epoch 5:  13%|█▎        | 16/120 [03:30<22:47,  0.08it/s, v_num=6, train_loss_step=0.976, val_loss=0.877, val_mean_auc=0.669, val_mean_ap=0.359, val_accuracy=0.672, val_f1=0.472, train_loss_epoch=0.933]
Epoch 5:  13%|█▎        | 16/120 [03:30<22:50,  0.08it/s, v_num=6, train_loss_step=0.812, val_loss=0.877, val_mean_auc=0.669, val_mean_ap=0.359, val_accuracy=0.672, val_f1=0.472, train_loss_epoch=0.933]
Epoch 5:  14%|█▍        | 17/120 [03:44<22:42,  0.08it/s, v_num=6, train_loss_step=0.812, val_loss=0.877, val_mean_auc=0.669, val_mean_ap=0.359, val_accuracy=0.672, val_f1=0.472, train_loss_epoch=0.933]
Epoch 5:  14%|█▍        | 17/120 [03:45<22:45,  0.08it/s, v_num=6, train_loss_step=1.460, val_loss=0.877, val_mean_auc=0.669, val_mean_ap=0.359, val_accuracy=0.672, val_f1=0.472, train_loss_epoch=0.933]
Epoch 5:  15%|█▌        | 18/120 [03:58<22:29,  0.08it/s, v_num=6, train_loss_step=1.460, val_loss=0.877, val_mean_auc=0.669, val_mean_ap=0.359, val_accuracy=0.672, val_f1=0.472, train_loss_epoch=0.933]
Epoch 5:  15%|█▌        | 18/120 [03:58<22:32,  0.08it/s, v_num=6, train_loss_step=0.662, val_loss=0.877, val_mean_auc=0.669, val_mean_ap=0.359, val_accuracy=0.672, val_f1=0.472, train_loss_epoch=0.933]
Epoch 5:  16%|█▌        | 19/120 [04:10<22:09,  0.08it/s, v_num=6, train_loss_step=0.662, val_loss=0.877, val_mean_auc=0.669, val_mean_ap=0.359, val_accuracy=0.672, val_f1=0.472, train_loss_epoch=0.933]
Epoch 5:  16%|█▌        | 19/120 [04:10<22:11,  0.08it/s, v_num=6, train_loss_step=0.812, val_loss=0.877, val_mean_auc=0.669, val_mean_ap=0.359, val_accuracy=0.672, val_f1=0.472, train_loss_epoch=0.933]
Epoch 5:  17%|█▋        | 20/120 [04:26<22:12,  0.08it/s, v_num=6, train_loss_step=0.812, val_loss=0.877, val_mean_auc=0.669, val_mean_ap=0.359, val_accuracy=0.672, val_f1=0.472, train_loss_epoch=0.933]
Epoch 5:  17%|█▋        | 20/120 [04:27<22:15,  0.07it/s, v_num=6, train_loss_step=0.655, val_loss=0.877, val_mean_auc=0.669, val_mean_ap=0.359, val_accuracy=0.672, val_f1=0.472, train_loss_epoch=0.933]
Epoch 5:  18%|█▊        | 21/120 [04:35<21:36,  0.08it/s, v_num=6, train_loss_step=0.655, val_loss=0.877, val_mean_auc=0.669, val_mean_ap=0.359, val_accuracy=0.672, val_f1=0.472, train_loss_epoch=0.933]
Epoch 5:  18%|█▊        | 21/120 [04:35<21:38,  0.08it/s, v_num=6, train_loss_step=1.050, val_loss=0.877, val_mean_auc=0.669, val_mean_ap=0.359, val_accuracy=0.672, val_f1=0.472, train_loss_epoch=0.933]
Epoch 5:  18%|█▊        | 22/120 [04:51<21:39,  0.08it/s, v_num=6, train_loss_step=1.050, val_loss=0.877, val_mean_auc=0.669, val_mean_ap=0.359, val_accuracy=0.672, val_f1=0.472, train_loss_epoch=0.933]
Epoch 5:  18%|█▊        | 22/120 [04:52<21:41,  0.08it/s, v_num=6, train_loss_step=0.962, val_loss=0.877, val_mean_auc=0.669, val_mean_ap=0.359, val_accuracy=0.672, val_f1=0.472, train_loss_epoch=0.933]
Epoch 5:  19%|█▉        | 23/120 [05:07<21:36,  0.07it/s, v_num=6, train_loss_step=0.962, val_loss=0.877, val_mean_auc=0.669, val_mean_ap=0.359, val_accuracy=0.672, val_f1=0.472, train_loss_epoch=0.933]
Epoch 5:  19%|█▉        | 23/120 [05:07<21:38,  0.07it/s, v_num=6, train_loss_step=0.658, val_loss=0.877, val_mean_auc=0.669, val_mean_ap=0.359, val_accuracy=0.672, val_f1=0.472, train_loss_epoch=0.933]
Epoch 5:  20%|██        | 24/120 [05:26<21:46,  0.07it/s, v_num=6, train_loss_step=0.658, val_loss=0.877, val_mean_auc=0.669, val_mean_ap=0.359, val_accuracy=0.672, val_f1=0.472, train_loss_epoch=0.933]
Epoch 5:  20%|██        | 24/120 [05:26<21:47,  0.07it/s, v_num=6, train_loss_step=0.918, val_loss=0.877, val_mean_auc=0.669, val_mean_ap=0.359, val_accuracy=0.672, val_f1=0.472, train_loss_epoch=0.933]
Epoch 5:  21%|██        | 25/120 [05:36<21:19,  0.07it/s, v_num=6, train_loss_step=0.918, val_loss=0.877, val_mean_auc=0.669, val_mean_ap=0.359, val_accuracy=0.672, val_f1=0.472, train_loss_epoch=0.933]
Epoch 5:  21%|██        | 25/120 [05:37<21:21,  0.07it/s, v_num=6, train_loss_step=0.569, val_loss=0.877, val_mean_auc=0.669, val_mean_ap=0.359, val_accuracy=0.672, val_f1=0.472, train_loss_epoch=0.933]
Epoch 5:  22%|██▏       | 26/120 [05:52<21:13,  0.07it/s, v_num=6, train_loss_step=0.569, val_loss=0.877, val_mean_auc=0.669, val_mean_ap=0.359, val_accuracy=0.672, val_f1=0.472, train_loss_epoch=0.933]
Epoch 5:  22%|██▏       | 26/120 [05:52<21:15,  0.07it/s, v_num=6, train_loss_step=0.685, val_loss=0.877, val_mean_auc=0.669, val_mean_ap=0.359, val_accuracy=0.672, val_f1=0.472, train_loss_epoch=0.933]
Epoch 5:  22%|██▎       | 27/120 [06:02<20:47,  0.07it/s, v_num=6, train_loss_step=0.685, val_loss=0.877, val_mean_auc=0.669, val_mean_ap=0.359, val_accuracy=0.672, val_f1=0.472, train_loss_epoch=0.933]
Epoch 5:  22%|██▎       | 27/120 [06:02<20:49,  0.07it/s, v_num=6, train_loss_step=0.786, val_loss=0.877, val_mean_auc=0.669, val_mean_ap=0.359, val_accuracy=0.672, val_f1=0.472, train_loss_epoch=0.933]
Epoch 5:  23%|██▎       | 28/120 [06:18<20:44,  0.07it/s, v_num=6, train_loss_step=0.786, val_loss=0.877, val_mean_auc=0.669, val_mean_ap=0.359, val_accuracy=0.672, val_f1=0.472, train_loss_epoch=0.933]
Epoch 5:  23%|██▎       | 28/120 [06:19<20:45,  0.07it/s, v_num=6, train_loss_step=0.714, val_loss=0.877, val_mean_auc=0.669, val_mean_ap=0.359, val_accuracy=0.672, val_f1=0.472, train_loss_epoch=0.933]
Epoch 5:  24%|██▍       | 29/120 [06:27<20:16,  0.07it/s, v_num=6, train_loss_step=0.714, val_loss=0.877, val_mean_auc=0.669, val_mean_ap=0.359, val_accuracy=0.672, val_f1=0.472, train_loss_epoch=0.933]
Epoch 5:  24%|██▍       | 29/120 [06:28<20:17,  0.07it/s, v_num=6, train_loss_step=0.681, val_loss=0.877, val_mean_auc=0.669, val_mean_ap=0.359, val_accuracy=0.672, val_f1=0.472, train_loss_epoch=0.933]
Epoch 5:  25%|██▌       | 30/120 [06:44<20:12,  0.07it/s, v_num=6, train_loss_step=0.681, val_loss=0.877, val_mean_auc=0.669, val_mean_ap=0.359, val_accuracy=0.672, val_f1=0.472, train_loss_epoch=0.933]
Epoch 5:  25%|██▌       | 30/120 [06:44<20:13,  0.07it/s, v_num=6, train_loss_step=1.310, val_loss=0.877, val_mean_auc=0.669, val_mean_ap=0.359, val_accuracy=0.672, val_f1=0.472, train_loss_epoch=0.933]
Epoch 5:  26%|██▌       | 31/120 [06:51<19:41,  0.08it/s, v_num=6, train_loss_step=1.310, val_loss=0.877, val_mean_auc=0.669, val_mean_ap=0.359, val_accuracy=0.672, val_f1=0.472, train_loss_epoch=0.933]
Epoch 5:  26%|██▌       | 31/120 [06:51<19:42,  0.08it/s, v_num=6, train_loss_step=0.791, val_loss=0.877, val_mean_auc=0.669, val_mean_ap=0.359, val_accuracy=0.672, val_f1=0.472, train_loss_epoch=0.933]
Epoch 5:  27%|██▋       | 32/120 [07:20<20:11,  0.07it/s, v_num=6, train_loss_step=0.791, val_loss=0.877, val_mean_auc=0.669, val_mean_ap=0.359, val_accuracy=0.672, val_f1=0.472, train_loss_epoch=0.933]
Epoch 5:  27%|██▋       | 32/120 [07:20<20:12,  0.07it/s, v_num=6, train_loss_step=1.750, val_loss=0.877, val_mean_auc=0.669, val_mean_ap=0.359, val_accuracy=0.672, val_f1=0.472, train_loss_epoch=0.933]
Epoch 5:  28%|██▊       | 33/120 [07:21<19:22,  0.07it/s, v_num=6, train_loss_step=1.750, val_loss=0.877, val_mean_auc=0.669, val_mean_ap=0.359, val_accuracy=0.672, val_f1=0.472, train_loss_epoch=0.933]
Epoch 5:  28%|██▊       | 33/120 [07:21<19:23,  0.07it/s, v_num=6, train_loss_step=0.650, val_loss=0.877, val_mean_auc=0.669, val_mean_ap=0.359, val_accuracy=0.672, val_f1=0.472, train_loss_epoch=0.933]
Epoch 5:  28%|██▊       | 34/120 [07:42<19:30,  0.07it/s, v_num=6, train_loss_step=0.650, val_loss=0.877, val_mean_auc=0.669, val_mean_ap=0.359, val_accuracy=0.672, val_f1=0.472, train_loss_epoch=0.933]
Epoch 5:  28%|██▊       | 34/120 [07:43<19:32,  0.07it/s, v_num=6, train_loss_step=0.973, val_loss=0.877, val_mean_auc=0.669, val_mean_ap=0.359, val_accuracy=0.672, val_f1=0.472, train_loss_epoch=0.933]
Epoch 5:  29%|██▉       | 35/120 [07:43<18:45,  0.08it/s, v_num=6, train_loss_step=0.973, val_loss=0.877, val_mean_auc=0.669, val_mean_ap=0.359, val_accuracy=0.672, val_f1=0.472, train_loss_epoch=0.933]
Epoch 5:  29%|██▉       | 35/120 [07:43<18:46,  0.08it/s, v_num=6, train_loss_step=0.776, val_loss=0.877, val_mean_auc=0.669, val_mean_ap=0.359, val_accuracy=0.672, val_f1=0.472, train_loss_epoch=0.933]
Epoch 5:  30%|███       | 36/120 [08:11<19:06,  0.07it/s, v_num=6, train_loss_step=0.776, val_loss=0.877, val_mean_auc=0.669, val_mean_ap=0.359, val_accuracy=0.672, val_f1=0.472, train_loss_epoch=0.933]
Epoch 5:  30%|███       | 36/120 [08:11<19:07,  0.07it/s, v_num=6, train_loss_step=1.010, val_loss=0.877, val_mean_auc=0.669, val_mean_ap=0.359, val_accuracy=0.672, val_f1=0.472, train_loss_epoch=0.933]
Epoch 5:  31%|███       | 37/120 [08:11<18:22,  0.08it/s, v_num=6, train_loss_step=1.010, val_loss=0.877, val_mean_auc=0.669, val_mean_ap=0.359, val_accuracy=0.672, val_f1=0.472, train_loss_epoch=0.933]
Epoch 5:  31%|███       | 37/120 [08:12<18:23,  0.08it/s, v_num=6, train_loss_step=0.759, val_loss=0.877, val_mean_auc=0.669, val_mean_ap=0.359, val_accuracy=0.672, val_f1=0.472, train_loss_epoch=0.933]
Epoch 5:  32%|███▏      | 38/120 [08:41<18:44,  0.07it/s, v_num=6, train_loss_step=0.759, val_loss=0.877, val_mean_auc=0.669, val_mean_ap=0.359, val_accuracy=0.672, val_f1=0.472, train_loss_epoch=0.933]
Epoch 5:  32%|███▏      | 38/120 [08:41<18:45,  0.07it/s, v_num=6, train_loss_step=1.030, val_loss=0.877, val_mean_auc=0.669, val_mean_ap=0.359, val_accuracy=0.672, val_f1=0.472, train_loss_epoch=0.933]
Epoch 5:  32%|███▎      | 39/120 [08:41<18:03,  0.07it/s, v_num=6, train_loss_step=1.030, val_loss=0.877, val_mean_auc=0.669, val_mean_ap=0.359, val_accuracy=0.672, val_f1=0.472, train_loss_epoch=0.933]
Epoch 5:  32%|███▎      | 39/120 [08:41<18:04,  0.07it/s, v_num=6, train_loss_step=0.740, val_loss=0.877, val_mean_auc=0.669, val_mean_ap=0.359, val_accuracy=0.672, val_f1=0.472, train_loss_epoch=0.933]
Epoch 5:  33%|███▎      | 40/120 [09:03<18:07,  0.07it/s, v_num=6, train_loss_step=0.740, val_loss=0.877, val_mean_auc=0.669, val_mean_ap=0.359, val_accuracy=0.672, val_f1=0.472, train_loss_epoch=0.933]
Epoch 5:  33%|███▎      | 40/120 [09:04<18:08,  0.07it/s, v_num=6, train_loss_step=1.120, val_loss=0.877, val_mean_auc=0.669, val_mean_ap=0.359, val_accuracy=0.672, val_f1=0.472, train_loss_epoch=0.933]
Epoch 5:  34%|███▍      | 41/120 [09:04<17:28,  0.08it/s, v_num=6, train_loss_step=1.120, val_loss=0.877, val_mean_auc=0.669, val_mean_ap=0.359, val_accuracy=0.672, val_f1=0.472, train_loss_epoch=0.933]
Epoch 5:  34%|███▍      | 41/120 [09:04<17:29,  0.08it/s, v_num=6, train_loss_step=0.748, val_loss=0.877, val_mean_auc=0.669, val_mean_ap=0.359, val_accuracy=0.672, val_f1=0.472, train_loss_epoch=0.933]
Epoch 5:  35%|███▌      | 42/120 [09:34<17:47,  0.07it/s, v_num=6, train_loss_step=0.748, val_loss=0.877, val_mean_auc=0.669, val_mean_ap=0.359, val_accuracy=0.672, val_f1=0.472, train_loss_epoch=0.933]
Epoch 5:  35%|███▌      | 42/120 [09:35<17:48,  0.07it/s, v_num=6, train_loss_step=0.678, val_loss=0.877, val_mean_auc=0.669, val_mean_ap=0.359, val_accuracy=0.672, val_f1=0.472, train_loss_epoch=0.933]
Epoch 5:  36%|███▌      | 43/120 [09:35<17:10,  0.07it/s, v_num=6, train_loss_step=0.678, val_loss=0.877, val_mean_auc=0.669, val_mean_ap=0.359, val_accuracy=0.672, val_f1=0.472, train_loss_epoch=0.933]
Epoch 5:  36%|███▌      | 43/120 [09:35<17:11,  0.07it/s, v_num=6, train_loss_step=0.840, val_loss=0.877, val_mean_auc=0.669, val_mean_ap=0.359, val_accuracy=0.672, val_f1=0.472, train_loss_epoch=0.933]
Epoch 5:  37%|███▋      | 44/120 [09:57<17:11,  0.07it/s, v_num=6, train_loss_step=0.840, val_loss=0.877, val_mean_auc=0.669, val_mean_ap=0.359, val_accuracy=0.672, val_f1=0.472, train_loss_epoch=0.933]
Epoch 5:  37%|███▋      | 44/120 [09:57<17:12,  0.07it/s, v_num=6, train_loss_step=0.898, val_loss=0.877, val_mean_auc=0.669, val_mean_ap=0.359, val_accuracy=0.672, val_f1=0.472, train_loss_epoch=0.933]
Epoch 5:  38%|███▊      | 45/120 [09:57<16:35,  0.08it/s, v_num=6, train_loss_step=0.898, val_loss=0.877, val_mean_auc=0.669, val_mean_ap=0.359, val_accuracy=0.672, val_f1=0.472, train_loss_epoch=0.933]
Epoch 5:  38%|███▊      | 45/120 [09:57<16:36,  0.08it/s, v_num=6, train_loss_step=1.240, val_loss=0.877, val_mean_auc=0.669, val_mean_ap=0.359, val_accuracy=0.672, val_f1=0.472, train_loss_epoch=0.933]
Epoch 5:  38%|███▊      | 46/120 [10:22<16:41,  0.07it/s, v_num=6, train_loss_step=1.240, val_loss=0.877, val_mean_auc=0.669, val_mean_ap=0.359, val_accuracy=0.672, val_f1=0.472, train_loss_epoch=0.933]
Epoch 5:  38%|███▊      | 46/120 [10:23<16:42,  0.07it/s, v_num=6, train_loss_step=0.759, val_loss=0.877, val_mean_auc=0.669, val_mean_ap=0.359, val_accuracy=0.672, val_f1=0.472, train_loss_epoch=0.933]
Epoch 5:  39%|███▉      | 47/120 [10:23<16:08,  0.08it/s, v_num=6, train_loss_step=0.759, val_loss=0.877, val_mean_auc=0.669, val_mean_ap=0.359, val_accuracy=0.672, val_f1=0.472, train_loss_epoch=0.933]
Epoch 5:  39%|███▉      | 47/120 [10:23<16:08,  0.08it/s, v_num=6, train_loss_step=1.120, val_loss=0.877, val_mean_auc=0.669, val_mean_ap=0.359, val_accuracy=0.672, val_f1=0.472, train_loss_epoch=0.933]
Epoch 5:  40%|████      | 48/120 [10:45<16:08,  0.07it/s, v_num=6, train_loss_step=1.120, val_loss=0.877, val_mean_auc=0.669, val_mean_ap=0.359, val_accuracy=0.672, val_f1=0.472, train_loss_epoch=0.933]
Epoch 5:  40%|████      | 48/120 [10:45<16:08,  0.07it/s, v_num=6, train_loss_step=1.140, val_loss=0.877, val_mean_auc=0.669, val_mean_ap=0.359, val_accuracy=0.672, val_f1=0.472, train_loss_epoch=0.933]
Epoch 5:  41%|████      | 49/120 [10:45<15:35,  0.08it/s, v_num=6, train_loss_step=1.140, val_loss=0.877, val_mean_auc=0.669, val_mean_ap=0.359, val_accuracy=0.672, val_f1=0.472, train_loss_epoch=0.933]
Epoch 5:  41%|████      | 49/120 [10:46<15:36,  0.08it/s, v_num=6, train_loss_step=1.660, val_loss=0.877, val_mean_auc=0.669, val_mean_ap=0.359, val_accuracy=0.672, val_f1=0.472, train_loss_epoch=0.933]
Epoch 5:  42%|████▏     | 50/120 [11:12<15:41,  0.07it/s, v_num=6, train_loss_step=1.660, val_loss=0.877, val_mean_auc=0.669, val_mean_ap=0.359, val_accuracy=0.672, val_f1=0.472, train_loss_epoch=0.933]
Epoch 5:  42%|████▏     | 50/120 [11:12<15:41,  0.07it/s, v_num=6, train_loss_step=0.635, val_loss=0.877, val_mean_auc=0.669, val_mean_ap=0.359, val_accuracy=0.672, val_f1=0.472, train_loss_epoch=0.933]
Epoch 5:  42%|████▎     | 51/120 [11:12<15:10,  0.08it/s, v_num=6, train_loss_step=0.635, val_loss=0.877, val_mean_auc=0.669, val_mean_ap=0.359, val_accuracy=0.672, val_f1=0.472, train_loss_epoch=0.933]
Epoch 5:  42%|████▎     | 51/120 [11:13<15:10,  0.08it/s, v_num=6, train_loss_step=0.710, val_loss=0.877, val_mean_auc=0.669, val_mean_ap=0.359, val_accuracy=0.672, val_f1=0.472, train_loss_epoch=0.933]
Epoch 5:  43%|████▎     | 52/120 [11:43<15:19,  0.07it/s, v_num=6, train_loss_step=0.710, val_loss=0.877, val_mean_auc=0.669, val_mean_ap=0.359, val_accuracy=0.672, val_f1=0.472, train_loss_epoch=0.933]
Epoch 5:  43%|████▎     | 52/120 [11:43<15:20,  0.07it/s, v_num=6, train_loss_step=0.701, val_loss=0.877, val_mean_auc=0.669, val_mean_ap=0.359, val_accuracy=0.672, val_f1=0.472, train_loss_epoch=0.933]
Epoch 5:  44%|████▍     | 53/120 [11:43<14:49,  0.08it/s, v_num=6, train_loss_step=0.701, val_loss=0.877, val_mean_auc=0.669, val_mean_ap=0.359, val_accuracy=0.672, val_f1=0.472, train_loss_epoch=0.933]
Epoch 5:  44%|████▍     | 53/120 [11:44<14:50,  0.08it/s, v_num=6, train_loss_step=0.763, val_loss=0.877, val_mean_auc=0.669, val_mean_ap=0.359, val_accuracy=0.672, val_f1=0.472, train_loss_epoch=0.933]
Epoch 5:  45%|████▌     | 54/120 [12:13<14:56,  0.07it/s, v_num=6, train_loss_step=0.763, val_loss=0.877, val_mean_auc=0.669, val_mean_ap=0.359, val_accuracy=0.672, val_f1=0.472, train_loss_epoch=0.933]
Epoch 5:  45%|████▌     | 54/120 [12:13<14:56,  0.07it/s, v_num=6, train_loss_step=1.090, val_loss=0.877, val_mean_auc=0.669, val_mean_ap=0.359, val_accuracy=0.672, val_f1=0.472, train_loss_epoch=0.933]
Epoch 5:  46%|████▌     | 55/120 [12:13<14:27,  0.07it/s, v_num=6, train_loss_step=1.090, val_loss=0.877, val_mean_auc=0.669, val_mean_ap=0.359, val_accuracy=0.672, val_f1=0.472, train_loss_epoch=0.933]
Epoch 5:  46%|████▌     | 55/120 [12:14<14:27,  0.07it/s, v_num=6, train_loss_step=0.879, val_loss=0.877, val_mean_auc=0.669, val_mean_ap=0.359, val_accuracy=0.672, val_f1=0.472, train_loss_epoch=0.933]
Epoch 5:  47%|████▋     | 56/120 [12:39<14:27,  0.07it/s, v_num=6, train_loss_step=0.879, val_loss=0.877, val_mean_auc=0.669, val_mean_ap=0.359, val_accuracy=0.672, val_f1=0.472, train_loss_epoch=0.933]
Epoch 5:  47%|████▋     | 56/120 [12:39<14:28,  0.07it/s, v_num=6, train_loss_step=0.940, val_loss=0.877, val_mean_auc=0.669, val_mean_ap=0.359, val_accuracy=0.672, val_f1=0.472, train_loss_epoch=0.933]
Epoch 5:  48%|████▊     | 57/120 [12:39<13:59,  0.08it/s, v_num=6, train_loss_step=0.940, val_loss=0.877, val_mean_auc=0.669, val_mean_ap=0.359, val_accuracy=0.672, val_f1=0.472, train_loss_epoch=0.933]
Epoch 5:  48%|████▊     | 57/120 [12:39<13:59,  0.08it/s, v_num=6, train_loss_step=0.628, val_loss=0.877, val_mean_auc=0.669, val_mean_ap=0.359, val_accuracy=0.672, val_f1=0.472, train_loss_epoch=0.933]
Epoch 5:  48%|████▊     | 58/120 [13:07<14:01,  0.07it/s, v_num=6, train_loss_step=0.628, val_loss=0.877, val_mean_auc=0.669, val_mean_ap=0.359, val_accuracy=0.672, val_f1=0.472, train_loss_epoch=0.933]
Epoch 5:  48%|████▊     | 58/120 [13:07<14:02,  0.07it/s, v_num=6, train_loss_step=0.589, val_loss=0.877, val_mean_auc=0.669, val_mean_ap=0.359, val_accuracy=0.672, val_f1=0.472, train_loss_epoch=0.933]
Epoch 5:  49%|████▉     | 59/120 [13:07<13:34,  0.07it/s, v_num=6, train_loss_step=0.589, val_loss=0.877, val_mean_auc=0.669, val_mean_ap=0.359, val_accuracy=0.672, val_f1=0.472, train_loss_epoch=0.933]
Epoch 5:  49%|████▉     | 59/120 [13:08<13:34,  0.07it/s, v_num=6, train_loss_step=0.704, val_loss=0.877, val_mean_auc=0.669, val_mean_ap=0.359, val_accuracy=0.672, val_f1=0.472, train_loss_epoch=0.933]
Epoch 5:  50%|█████     | 60/120 [13:33<13:33,  0.07it/s, v_num=6, train_loss_step=0.704, val_loss=0.877, val_mean_auc=0.669, val_mean_ap=0.359, val_accuracy=0.672, val_f1=0.472, train_loss_epoch=0.933]
Epoch 5:  50%|█████     | 60/120 [13:34<13:34,  0.07it/s, v_num=6, train_loss_step=1.050, val_loss=0.877, val_mean_auc=0.669, val_mean_ap=0.359, val_accuracy=0.672, val_f1=0.472, train_loss_epoch=0.933]
Epoch 5:  51%|█████     | 61/120 [13:34<13:07,  0.07it/s, v_num=6, train_loss_step=1.050, val_loss=0.877, val_mean_auc=0.669, val_mean_ap=0.359, val_accuracy=0.672, val_f1=0.472, train_loss_epoch=0.933]
Epoch 5:  51%|█████     | 61/120 [13:34<13:08,  0.07it/s, v_num=6, train_loss_step=0.793, val_loss=0.877, val_mean_auc=0.669, val_mean_ap=0.359, val_accuracy=0.672, val_f1=0.472, train_loss_epoch=0.933]
Epoch 5:  52%|█████▏    | 62/120 [14:02<13:08,  0.07it/s, v_num=6, train_loss_step=0.793, val_loss=0.877, val_mean_auc=0.669, val_mean_ap=0.359, val_accuracy=0.672, val_f1=0.472, train_loss_epoch=0.933]
Epoch 5:  52%|█████▏    | 62/120 [14:03<13:08,  0.07it/s, v_num=6, train_loss_step=0.982, val_loss=0.877, val_mean_auc=0.669, val_mean_ap=0.359, val_accuracy=0.672, val_f1=0.472, train_loss_epoch=0.933]
Epoch 5:  52%|█████▎    | 63/120 [14:03<12:42,  0.07it/s, v_num=6, train_loss_step=0.982, val_loss=0.877, val_mean_auc=0.669, val_mean_ap=0.359, val_accuracy=0.672, val_f1=0.472, train_loss_epoch=0.933]
Epoch 5:  52%|█████▎    | 63/120 [14:03<12:43,  0.07it/s, v_num=6, train_loss_step=0.629, val_loss=0.877, val_mean_auc=0.669, val_mean_ap=0.359, val_accuracy=0.672, val_f1=0.472, train_loss_epoch=0.933]
Epoch 5:  53%|█████▎    | 64/120 [14:30<12:41,  0.07it/s, v_num=6, train_loss_step=0.629, val_loss=0.877, val_mean_auc=0.669, val_mean_ap=0.359, val_accuracy=0.672, val_f1=0.472, train_loss_epoch=0.933]
Epoch 5:  53%|█████▎    | 64/120 [14:30<12:41,  0.07it/s, v_num=6, train_loss_step=0.599, val_loss=0.877, val_mean_auc=0.669, val_mean_ap=0.359, val_accuracy=0.672, val_f1=0.472, train_loss_epoch=0.933]
Epoch 5:  54%|█████▍    | 65/120 [14:30<12:16,  0.07it/s, v_num=6, train_loss_step=0.599, val_loss=0.877, val_mean_auc=0.669, val_mean_ap=0.359, val_accuracy=0.672, val_f1=0.472, train_loss_epoch=0.933]
Epoch 5:  54%|█████▍    | 65/120 [14:31<12:17,  0.07it/s, v_num=6, train_loss_step=0.766, val_loss=0.877, val_mean_auc=0.669, val_mean_ap=0.359, val_accuracy=0.672, val_f1=0.472, train_loss_epoch=0.933]
Epoch 5:  55%|█████▌    | 66/120 [14:57<12:14,  0.07it/s, v_num=6, train_loss_step=0.766, val_loss=0.877, val_mean_auc=0.669, val_mean_ap=0.359, val_accuracy=0.672, val_f1=0.472, train_loss_epoch=0.933]
Epoch 5:  55%|█████▌    | 66/120 [14:57<12:14,  0.07it/s, v_num=6, train_loss_step=0.928, val_loss=0.877, val_mean_auc=0.669, val_mean_ap=0.359, val_accuracy=0.672, val_f1=0.472, train_loss_epoch=0.933]
Epoch 5:  56%|█████▌    | 67/120 [14:57<11:50,  0.07it/s, v_num=6, train_loss_step=0.928, val_loss=0.877, val_mean_auc=0.669, val_mean_ap=0.359, val_accuracy=0.672, val_f1=0.472, train_loss_epoch=0.933]
Epoch 5:  56%|█████▌    | 67/120 [14:58<11:50,  0.07it/s, v_num=6, train_loss_step=0.819, val_loss=0.877, val_mean_auc=0.669, val_mean_ap=0.359, val_accuracy=0.672, val_f1=0.472, train_loss_epoch=0.933]
Epoch 5:  57%|█████▋    | 68/120 [15:17<11:41,  0.07it/s, v_num=6, train_loss_step=0.819, val_loss=0.877, val_mean_auc=0.669, val_mean_ap=0.359, val_accuracy=0.672, val_f1=0.472, train_loss_epoch=0.933]
Epoch 5:  57%|█████▋    | 68/120 [15:17<11:41,  0.07it/s, v_num=6, train_loss_step=1.050, val_loss=0.877, val_mean_auc=0.669, val_mean_ap=0.359, val_accuracy=0.672, val_f1=0.472, train_loss_epoch=0.933]
Epoch 5:  57%|█████▊    | 69/120 [15:17<11:18,  0.08it/s, v_num=6, train_loss_step=1.050, val_loss=0.877, val_mean_auc=0.669, val_mean_ap=0.359, val_accuracy=0.672, val_f1=0.472, train_loss_epoch=0.933]
Epoch 5:  57%|█████▊    | 69/120 [15:18<11:18,  0.08it/s, v_num=6, train_loss_step=0.813, val_loss=0.877, val_mean_auc=0.669, val_mean_ap=0.359, val_accuracy=0.672, val_f1=0.472, train_loss_epoch=0.933]
Epoch 5:  58%|█████▊    | 70/120 [15:41<11:12,  0.07it/s, v_num=6, train_loss_step=0.813, val_loss=0.877, val_mean_auc=0.669, val_mean_ap=0.359, val_accuracy=0.672, val_f1=0.472, train_loss_epoch=0.933]
Epoch 5:  58%|█████▊    | 70/120 [15:42<11:13,  0.07it/s, v_num=6, train_loss_step=0.523, val_loss=0.877, val_mean_auc=0.669, val_mean_ap=0.359, val_accuracy=0.672, val_f1=0.472, train_loss_epoch=0.933]
Epoch 5:  59%|█████▉    | 71/120 [15:42<10:50,  0.08it/s, v_num=6, train_loss_step=0.523, val_loss=0.877, val_mean_auc=0.669, val_mean_ap=0.359, val_accuracy=0.672, val_f1=0.472, train_loss_epoch=0.933]
Epoch 5:  59%|█████▉    | 71/120 [15:42<10:50,  0.08it/s, v_num=6, train_loss_step=0.926, val_loss=0.877, val_mean_auc=0.669, val_mean_ap=0.359, val_accuracy=0.672, val_f1=0.472, train_loss_epoch=0.933]
Epoch 5:  60%|██████    | 72/120 [16:07<10:44,  0.07it/s, v_num=6, train_loss_step=0.926, val_loss=0.877, val_mean_auc=0.669, val_mean_ap=0.359, val_accuracy=0.672, val_f1=0.472, train_loss_epoch=0.933]
Epoch 5:  60%|██████    | 72/120 [16:07<10:44,  0.07it/s, v_num=6, train_loss_step=1.020, val_loss=0.877, val_mean_auc=0.669, val_mean_ap=0.359, val_accuracy=0.672, val_f1=0.472, train_loss_epoch=0.933]
Epoch 5:  61%|██████    | 73/120 [16:07<10:22,  0.08it/s, v_num=6, train_loss_step=1.020, val_loss=0.877, val_mean_auc=0.669, val_mean_ap=0.359, val_accuracy=0.672, val_f1=0.472, train_loss_epoch=0.933]
Epoch 5:  61%|██████    | 73/120 [16:07<10:23,  0.08it/s, v_num=6, train_loss_step=0.720, val_loss=0.877, val_mean_auc=0.669, val_mean_ap=0.359, val_accuracy=0.672, val_f1=0.472, train_loss_epoch=0.933]
Epoch 5:  62%|██████▏   | 74/120 [16:35<10:18,  0.07it/s, v_num=6, train_loss_step=0.720, val_loss=0.877, val_mean_auc=0.669, val_mean_ap=0.359, val_accuracy=0.672, val_f1=0.472, train_loss_epoch=0.933]
Epoch 5:  62%|██████▏   | 74/120 [16:35<10:18,  0.07it/s, v_num=6, train_loss_step=0.946, val_loss=0.877, val_mean_auc=0.669, val_mean_ap=0.359, val_accuracy=0.672, val_f1=0.472, train_loss_epoch=0.933]
Epoch 5:  62%|██████▎   | 75/120 [16:35<09:57,  0.08it/s, v_num=6, train_loss_step=0.946, val_loss=0.877, val_mean_auc=0.669, val_mean_ap=0.359, val_accuracy=0.672, val_f1=0.472, train_loss_epoch=0.933]
Epoch 5:  62%|██████▎   | 75/120 [16:36<09:57,  0.08it/s, v_num=6, train_loss_step=1.250, val_loss=0.877, val_mean_auc=0.669, val_mean_ap=0.359, val_accuracy=0.672, val_f1=0.472, train_loss_epoch=0.933]
Epoch 5:  63%|██████▎   | 76/120 [17:02<09:52,  0.07it/s, v_num=6, train_loss_step=1.250, val_loss=0.877, val_mean_auc=0.669, val_mean_ap=0.359, val_accuracy=0.672, val_f1=0.472, train_loss_epoch=0.933]
Epoch 5:  63%|██████▎   | 76/120 [17:03<09:52,  0.07it/s, v_num=6, train_loss_step=0.679, val_loss=0.877, val_mean_auc=0.669, val_mean_ap=0.359, val_accuracy=0.672, val_f1=0.472, train_loss_epoch=0.933]
Epoch 5:  64%|██████▍   | 77/120 [17:03<09:31,  0.08it/s, v_num=6, train_loss_step=0.679, val_loss=0.877, val_mean_auc=0.669, val_mean_ap=0.359, val_accuracy=0.672, val_f1=0.472, train_loss_epoch=0.933]
Epoch 5:  64%|██████▍   | 77/120 [17:03<09:31,  0.08it/s, v_num=6, train_loss_step=0.910, val_loss=0.877, val_mean_auc=0.669, val_mean_ap=0.359, val_accuracy=0.672, val_f1=0.472, train_loss_epoch=0.933]
Epoch 5:  65%|██████▌   | 78/120 [17:23<09:21,  0.07it/s, v_num=6, train_loss_step=0.910, val_loss=0.877, val_mean_auc=0.669, val_mean_ap=0.359, val_accuracy=0.672, val_f1=0.472, train_loss_epoch=0.933]
Epoch 5:  65%|██████▌   | 78/120 [17:23<09:22,  0.07it/s, v_num=6, train_loss_step=1.260, val_loss=0.877, val_mean_auc=0.669, val_mean_ap=0.359, val_accuracy=0.672, val_f1=0.472, train_loss_epoch=0.933]
Epoch 5:  66%|██████▌   | 79/120 [17:23<09:01,  0.08it/s, v_num=6, train_loss_step=1.260, val_loss=0.877, val_mean_auc=0.669, val_mean_ap=0.359, val_accuracy=0.672, val_f1=0.472, train_loss_epoch=0.933]
Epoch 5:  66%|██████▌   | 79/120 [17:24<09:02,  0.08it/s, v_num=6, train_loss_step=1.010, val_loss=0.877, val_mean_auc=0.669, val_mean_ap=0.359, val_accuracy=0.672, val_f1=0.472, train_loss_epoch=0.933]
Epoch 5:  67%|██████▋   | 80/120 [17:49<08:54,  0.07it/s, v_num=6, train_loss_step=1.010, val_loss=0.877, val_mean_auc=0.669, val_mean_ap=0.359, val_accuracy=0.672, val_f1=0.472, train_loss_epoch=0.933]
Epoch 5:  67%|██████▋   | 80/120 [17:49<08:54,  0.07it/s, v_num=6, train_loss_step=1.460, val_loss=0.877, val_mean_auc=0.669, val_mean_ap=0.359, val_accuracy=0.672, val_f1=0.472, train_loss_epoch=0.933]
Epoch 5:  68%|██████▊   | 81/120 [17:49<08:35,  0.08it/s, v_num=6, train_loss_step=1.460, val_loss=0.877, val_mean_auc=0.669, val_mean_ap=0.359, val_accuracy=0.672, val_f1=0.472, train_loss_epoch=0.933]
Epoch 5:  68%|██████▊   | 81/120 [17:50<08:35,  0.08it/s, v_num=6, train_loss_step=0.914, val_loss=0.877, val_mean_auc=0.669, val_mean_ap=0.359, val_accuracy=0.672, val_f1=0.472, train_loss_epoch=0.933]
Epoch 5:  68%|██████▊   | 82/120 [18:16<08:28,  0.07it/s, v_num=6, train_loss_step=0.914, val_loss=0.877, val_mean_auc=0.669, val_mean_ap=0.359, val_accuracy=0.672, val_f1=0.472, train_loss_epoch=0.933]
Epoch 5:  68%|██████▊   | 82/120 [18:16<08:28,  0.07it/s, v_num=6, train_loss_step=0.638, val_loss=0.877, val_mean_auc=0.669, val_mean_ap=0.359, val_accuracy=0.672, val_f1=0.472, train_loss_epoch=0.933]
Epoch 5:  69%|██████▉   | 83/120 [18:16<08:08,  0.08it/s, v_num=6, train_loss_step=0.638, val_loss=0.877, val_mean_auc=0.669, val_mean_ap=0.359, val_accuracy=0.672, val_f1=0.472, train_loss_epoch=0.933]
Epoch 5:  69%|██████▉   | 83/120 [18:17<08:09,  0.08it/s, v_num=6, train_loss_step=0.797, val_loss=0.877, val_mean_auc=0.669, val_mean_ap=0.359, val_accuracy=0.672, val_f1=0.472, train_loss_epoch=0.933]
Epoch 5:  70%|███████   | 84/120 [18:37<07:58,  0.08it/s, v_num=6, train_loss_step=0.797, val_loss=0.877, val_mean_auc=0.669, val_mean_ap=0.359, val_accuracy=0.672, val_f1=0.472, train_loss_epoch=0.933]
Epoch 5:  70%|███████   | 84/120 [18:37<07:59,  0.08it/s, v_num=6, train_loss_step=0.976, val_loss=0.877, val_mean_auc=0.669, val_mean_ap=0.359, val_accuracy=0.672, val_f1=0.472, train_loss_epoch=0.933]
Epoch 5:  71%|███████   | 85/120 [18:37<07:40,  0.08it/s, v_num=6, train_loss_step=0.976, val_loss=0.877, val_mean_auc=0.669, val_mean_ap=0.359, val_accuracy=0.672, val_f1=0.472, train_loss_epoch=0.933]
Epoch 5:  71%|███████   | 85/120 [18:38<07:40,  0.08it/s, v_num=6, train_loss_step=0.830, val_loss=0.877, val_mean_auc=0.669, val_mean_ap=0.359, val_accuracy=0.672, val_f1=0.472, train_loss_epoch=0.933]
Epoch 5:  72%|███████▏  | 86/120 [19:04<07:32,  0.08it/s, v_num=6, train_loss_step=0.830, val_loss=0.877, val_mean_auc=0.669, val_mean_ap=0.359, val_accuracy=0.672, val_f1=0.472, train_loss_epoch=0.933]
Epoch 5:  72%|███████▏  | 86/120 [19:05<07:32,  0.08it/s, v_num=6, train_loss_step=1.000, val_loss=0.877, val_mean_auc=0.669, val_mean_ap=0.359, val_accuracy=0.672, val_f1=0.472, train_loss_epoch=0.933]
Epoch 5:  72%|███████▎  | 87/120 [19:05<07:14,  0.08it/s, v_num=6, train_loss_step=1.000, val_loss=0.877, val_mean_auc=0.669, val_mean_ap=0.359, val_accuracy=0.672, val_f1=0.472, train_loss_epoch=0.933]
Epoch 5:  72%|███████▎  | 87/120 [19:05<07:14,  0.08it/s, v_num=6, train_loss_step=1.200, val_loss=0.877, val_mean_auc=0.669, val_mean_ap=0.359, val_accuracy=0.672, val_f1=0.472, train_loss_epoch=0.933]
Epoch 5:  73%|███████▎  | 88/120 [19:31<07:05,  0.08it/s, v_num=6, train_loss_step=1.200, val_loss=0.877, val_mean_auc=0.669, val_mean_ap=0.359, val_accuracy=0.672, val_f1=0.472, train_loss_epoch=0.933]
Epoch 5:  73%|███████▎  | 88/120 [19:31<07:05,  0.08it/s, v_num=6, train_loss_step=0.961, val_loss=0.877, val_mean_auc=0.669, val_mean_ap=0.359, val_accuracy=0.672, val_f1=0.472, train_loss_epoch=0.933]
Epoch 5:  74%|███████▍  | 89/120 [19:31<06:48,  0.08it/s, v_num=6, train_loss_step=0.961, val_loss=0.877, val_mean_auc=0.669, val_mean_ap=0.359, val_accuracy=0.672, val_f1=0.472, train_loss_epoch=0.933]
Epoch 5:  74%|███████▍  | 89/120 [19:31<06:48,  0.08it/s, v_num=6, train_loss_step=0.732, val_loss=0.877, val_mean_auc=0.669, val_mean_ap=0.359, val_accuracy=0.672, val_f1=0.472, train_loss_epoch=0.933]
Epoch 5:  75%|███████▌  | 90/120 [19:59<06:39,  0.08it/s, v_num=6, train_loss_step=0.732, val_loss=0.877, val_mean_auc=0.669, val_mean_ap=0.359, val_accuracy=0.672, val_f1=0.472, train_loss_epoch=0.933]
Epoch 5:  75%|███████▌  | 90/120 [19:59<06:39,  0.08it/s, v_num=6, train_loss_step=0.606, val_loss=0.877, val_mean_auc=0.669, val_mean_ap=0.359, val_accuracy=0.672, val_f1=0.472, train_loss_epoch=0.933]
Epoch 5:  76%|███████▌  | 91/120 [19:59<06:22,  0.08it/s, v_num=6, train_loss_step=0.606, val_loss=0.877, val_mean_auc=0.669, val_mean_ap=0.359, val_accuracy=0.672, val_f1=0.472, train_loss_epoch=0.933]
Epoch 5:  76%|███████▌  | 91/120 [19:59<06:22,  0.08it/s, v_num=6, train_loss_step=1.050, val_loss=0.877, val_mean_auc=0.669, val_mean_ap=0.359, val_accuracy=0.672, val_f1=0.472, train_loss_epoch=0.933]
Epoch 5:  77%|███████▋  | 92/120 [20:27<06:13,  0.07it/s, v_num=6, train_loss_step=1.050, val_loss=0.877, val_mean_auc=0.669, val_mean_ap=0.359, val_accuracy=0.672, val_f1=0.472, train_loss_epoch=0.933]
Epoch 5:  77%|███████▋  | 92/120 [20:28<06:13,  0.07it/s, v_num=6, train_loss_step=0.799, val_loss=0.877, val_mean_auc=0.669, val_mean_ap=0.359, val_accuracy=0.672, val_f1=0.472, train_loss_epoch=0.933]
Epoch 5:  78%|███████▊  | 93/120 [20:28<05:56,  0.08it/s, v_num=6, train_loss_step=0.799, val_loss=0.877, val_mean_auc=0.669, val_mean_ap=0.359, val_accuracy=0.672, val_f1=0.472, train_loss_epoch=0.933]
Epoch 5:  78%|███████▊  | 93/120 [20:28<05:56,  0.08it/s, v_num=6, train_loss_step=0.921, val_loss=0.877, val_mean_auc=0.669, val_mean_ap=0.359, val_accuracy=0.672, val_f1=0.472, train_loss_epoch=0.933]
Epoch 5:  78%|███████▊  | 94/120 [20:56<05:47,  0.07it/s, v_num=6, train_loss_step=0.921, val_loss=0.877, val_mean_auc=0.669, val_mean_ap=0.359, val_accuracy=0.672, val_f1=0.472, train_loss_epoch=0.933]
Epoch 5:  78%|███████▊  | 94/120 [20:57<05:47,  0.07it/s, v_num=6, train_loss_step=0.601, val_loss=0.877, val_mean_auc=0.669, val_mean_ap=0.359, val_accuracy=0.672, val_f1=0.472, train_loss_epoch=0.933]
Epoch 5:  79%|███████▉  | 95/120 [20:57<05:30,  0.08it/s, v_num=6, train_loss_step=0.601, val_loss=0.877, val_mean_auc=0.669, val_mean_ap=0.359, val_accuracy=0.672, val_f1=0.472, train_loss_epoch=0.933]
Epoch 5:  79%|███████▉  | 95/120 [20:57<05:30,  0.08it/s, v_num=6, train_loss_step=0.591, val_loss=0.877, val_mean_auc=0.669, val_mean_ap=0.359, val_accuracy=0.672, val_f1=0.472, train_loss_epoch=0.933]
Epoch 5:  80%|████████  | 96/120 [21:21<05:20,  0.07it/s, v_num=6, train_loss_step=0.591, val_loss=0.877, val_mean_auc=0.669, val_mean_ap=0.359, val_accuracy=0.672, val_f1=0.472, train_loss_epoch=0.933]
Epoch 5:  80%|████████  | 96/120 [21:22<05:20,  0.07it/s, v_num=6, train_loss_step=0.628, val_loss=0.877, val_mean_auc=0.669, val_mean_ap=0.359, val_accuracy=0.672, val_f1=0.472, train_loss_epoch=0.933]
Epoch 5:  81%|████████  | 97/120 [21:22<05:04,  0.08it/s, v_num=6, train_loss_step=0.628, val_loss=0.877, val_mean_auc=0.669, val_mean_ap=0.359, val_accuracy=0.672, val_f1=0.472, train_loss_epoch=0.933]
Epoch 5:  81%|████████  | 97/120 [21:22<05:04,  0.08it/s, v_num=6, train_loss_step=0.840, val_loss=0.877, val_mean_auc=0.669, val_mean_ap=0.359, val_accuracy=0.672, val_f1=0.472, train_loss_epoch=0.933]
Epoch 5:  82%|████████▏ | 98/120 [21:59<04:56,  0.07it/s, v_num=6, train_loss_step=0.840, val_loss=0.877, val_mean_auc=0.669, val_mean_ap=0.359, val_accuracy=0.672, val_f1=0.472, train_loss_epoch=0.933]
Epoch 5:  82%|████████▏ | 98/120 [21:59<04:56,  0.07it/s, v_num=6, train_loss_step=1.250, val_loss=0.877, val_mean_auc=0.669, val_mean_ap=0.359, val_accuracy=0.672, val_f1=0.472, train_loss_epoch=0.933]
Epoch 5:  82%|████████▎ | 99/120 [21:59<04:39,  0.08it/s, v_num=6, train_loss_step=1.250, val_loss=0.877, val_mean_auc=0.669, val_mean_ap=0.359, val_accuracy=0.672, val_f1=0.472, train_loss_epoch=0.933]
Epoch 5:  82%|████████▎ | 99/120 [22:00<04:40,  0.07it/s, v_num=6, train_loss_step=0.924, val_loss=0.877, val_mean_auc=0.669, val_mean_ap=0.359, val_accuracy=0.672, val_f1=0.472, train_loss_epoch=0.933]
Epoch 5:  83%|████████▎ | 100/120 [22:27<04:29,  0.07it/s, v_num=6, train_loss_step=0.924, val_loss=0.877, val_mean_auc=0.669, val_mean_ap=0.359, val_accuracy=0.672, val_f1=0.472, train_loss_epoch=0.933]
Epoch 5:  83%|████████▎ | 100/120 [22:27<04:29,  0.07it/s, v_num=6, train_loss_step=1.340, val_loss=0.877, val_mean_auc=0.669, val_mean_ap=0.359, val_accuracy=0.672, val_f1=0.472, train_loss_epoch=0.933]
Epoch 5:  84%|████████▍ | 101/120 [22:27<04:13,  0.07it/s, v_num=6, train_loss_step=1.340, val_loss=0.877, val_mean_auc=0.669, val_mean_ap=0.359, val_accuracy=0.672, val_f1=0.472, train_loss_epoch=0.933]
Epoch 5:  84%|████████▍ | 101/120 [22:28<04:13,  0.07it/s, v_num=6, train_loss_step=0.927, val_loss=0.877, val_mean_auc=0.669, val_mean_ap=0.359, val_accuracy=0.672, val_f1=0.472, train_loss_epoch=0.933]
Epoch 5:  85%|████████▌ | 102/120 [22:54<04:02,  0.07it/s, v_num=6, train_loss_step=0.927, val_loss=0.877, val_mean_auc=0.669, val_mean_ap=0.359, val_accuracy=0.672, val_f1=0.472, train_loss_epoch=0.933]
Epoch 5:  85%|████████▌ | 102/120 [22:54<04:02,  0.07it/s, v_num=6, train_loss_step=1.040, val_loss=0.877, val_mean_auc=0.669, val_mean_ap=0.359, val_accuracy=0.672, val_f1=0.472, train_loss_epoch=0.933]
Epoch 5:  86%|████████▌ | 103/120 [22:54<03:46,  0.07it/s, v_num=6, train_loss_step=1.040, val_loss=0.877, val_mean_auc=0.669, val_mean_ap=0.359, val_accuracy=0.672, val_f1=0.472, train_loss_epoch=0.933]
Epoch 5:  86%|████████▌ | 103/120 [22:55<03:46,  0.07it/s, v_num=6, train_loss_step=0.854, val_loss=0.877, val_mean_auc=0.669, val_mean_ap=0.359, val_accuracy=0.672, val_f1=0.472, train_loss_epoch=0.933]
Epoch 5:  87%|████████▋ | 104/120 [23:23<03:35,  0.07it/s, v_num=6, train_loss_step=0.854, val_loss=0.877, val_mean_auc=0.669, val_mean_ap=0.359, val_accuracy=0.672, val_f1=0.472, train_loss_epoch=0.933]
Epoch 5:  87%|████████▋ | 104/120 [23:23<03:35,  0.07it/s, v_num=6, train_loss_step=0.964, val_loss=0.877, val_mean_auc=0.669, val_mean_ap=0.359, val_accuracy=0.672, val_f1=0.472, train_loss_epoch=0.933]
Epoch 5:  88%|████████▊ | 105/120 [23:23<03:20,  0.07it/s, v_num=6, train_loss_step=0.964, val_loss=0.877, val_mean_auc=0.669, val_mean_ap=0.359, val_accuracy=0.672, val_f1=0.472, train_loss_epoch=0.933]
Epoch 5:  88%|████████▊ | 105/120 [23:24<03:20,  0.07it/s, v_num=6, train_loss_step=1.050, val_loss=0.877, val_mean_auc=0.669, val_mean_ap=0.359, val_accuracy=0.672, val_f1=0.472, train_loss_epoch=0.933]
Epoch 5:  88%|████████▊ | 106/120 [23:47<03:08,  0.07it/s, v_num=6, train_loss_step=1.050, val_loss=0.877, val_mean_auc=0.669, val_mean_ap=0.359, val_accuracy=0.672, val_f1=0.472, train_loss_epoch=0.933]
Epoch 5:  88%|████████▊ | 106/120 [23:47<03:08,  0.07it/s, v_num=6, train_loss_step=0.913, val_loss=0.877, val_mean_auc=0.669, val_mean_ap=0.359, val_accuracy=0.672, val_f1=0.472, train_loss_epoch=0.933]
Epoch 5:  89%|████████▉ | 107/120 [23:48<02:53,  0.07it/s, v_num=6, train_loss_step=0.913, val_loss=0.877, val_mean_auc=0.669, val_mean_ap=0.359, val_accuracy=0.672, val_f1=0.472, train_loss_epoch=0.933]
Epoch 5:  89%|████████▉ | 107/120 [23:48<02:53,  0.07it/s, v_num=6, train_loss_step=1.180, val_loss=0.877, val_mean_auc=0.669, val_mean_ap=0.359, val_accuracy=0.672, val_f1=0.472, train_loss_epoch=0.933]
Epoch 5:  90%|█████████ | 108/120 [24:19<02:42,  0.07it/s, v_num=6, train_loss_step=1.180, val_loss=0.877, val_mean_auc=0.669, val_mean_ap=0.359, val_accuracy=0.672, val_f1=0.472, train_loss_epoch=0.933]
Epoch 5:  90%|█████████ | 108/120 [24:19<02:42,  0.07it/s, v_num=6, train_loss_step=0.721, val_loss=0.877, val_mean_auc=0.669, val_mean_ap=0.359, val_accuracy=0.672, val_f1=0.472, train_loss_epoch=0.933]
Epoch 5:  91%|█████████ | 109/120 [24:19<02:27,  0.07it/s, v_num=6, train_loss_step=0.721, val_loss=0.877, val_mean_auc=0.669, val_mean_ap=0.359, val_accuracy=0.672, val_f1=0.472, train_loss_epoch=0.933]
Epoch 5:  91%|█████████ | 109/120 [24:20<02:27,  0.07it/s, v_num=6, train_loss_step=0.975, val_loss=0.877, val_mean_auc=0.669, val_mean_ap=0.359, val_accuracy=0.672, val_f1=0.472, train_loss_epoch=0.933]
Epoch 5:  92%|█████████▏| 110/120 [24:47<02:15,  0.07it/s, v_num=6, train_loss_step=0.975, val_loss=0.877, val_mean_auc=0.669, val_mean_ap=0.359, val_accuracy=0.672, val_f1=0.472, train_loss_epoch=0.933]
Epoch 5:  92%|█████████▏| 110/120 [24:47<02:15,  0.07it/s, v_num=6, train_loss_step=1.110, val_loss=0.877, val_mean_auc=0.669, val_mean_ap=0.359, val_accuracy=0.672, val_f1=0.472, train_loss_epoch=0.933]
Epoch 5:  92%|█████████▎| 111/120 [24:47<02:00,  0.07it/s, v_num=6, train_loss_step=1.110, val_loss=0.877, val_mean_auc=0.669, val_mean_ap=0.359, val_accuracy=0.672, val_f1=0.472, train_loss_epoch=0.933]
Epoch 5:  92%|█████████▎| 111/120 [24:47<02:00,  0.07it/s, v_num=6, train_loss_step=0.821, val_loss=0.877, val_mean_auc=0.669, val_mean_ap=0.359, val_accuracy=0.672, val_f1=0.472, train_loss_epoch=0.933]
Epoch 5:  93%|█████████▎| 112/120 [25:12<01:48,  0.07it/s, v_num=6, train_loss_step=0.821, val_loss=0.877, val_mean_auc=0.669, val_mean_ap=0.359, val_accuracy=0.672, val_f1=0.472, train_loss_epoch=0.933]
Epoch 5:  93%|█████████▎| 112/120 [25:12<01:48,  0.07it/s, v_num=6, train_loss_step=0.860, val_loss=0.877, val_mean_auc=0.669, val_mean_ap=0.359, val_accuracy=0.672, val_f1=0.472, train_loss_epoch=0.933]
Epoch 5:  94%|█████████▍| 113/120 [25:12<01:33,  0.07it/s, v_num=6, train_loss_step=0.860, val_loss=0.877, val_mean_auc=0.669, val_mean_ap=0.359, val_accuracy=0.672, val_f1=0.472, train_loss_epoch=0.933]
Epoch 5:  94%|█████████▍| 113/120 [25:13<01:33,  0.07it/s, v_num=6, train_loss_step=1.360, val_loss=0.877, val_mean_auc=0.669, val_mean_ap=0.359, val_accuracy=0.672, val_f1=0.472, train_loss_epoch=0.933]
Epoch 5:  95%|█████████▌| 114/120 [25:36<01:20,  0.07it/s, v_num=6, train_loss_step=1.360, val_loss=0.877, val_mean_auc=0.669, val_mean_ap=0.359, val_accuracy=0.672, val_f1=0.472, train_loss_epoch=0.933]
Epoch 5:  95%|█████████▌| 114/120 [25:37<01:20,  0.07it/s, v_num=6, train_loss_step=0.583, val_loss=0.877, val_mean_auc=0.669, val_mean_ap=0.359, val_accuracy=0.672, val_f1=0.472, train_loss_epoch=0.933]
Epoch 5:  96%|█████████▌| 115/120 [25:37<01:06,  0.07it/s, v_num=6, train_loss_step=0.583, val_loss=0.877, val_mean_auc=0.669, val_mean_ap=0.359, val_accuracy=0.672, val_f1=0.472, train_loss_epoch=0.933]
Epoch 5:  96%|█████████▌| 115/120 [25:37<01:06,  0.07it/s, v_num=6, train_loss_step=1.040, val_loss=0.877, val_mean_auc=0.669, val_mean_ap=0.359, val_accuracy=0.672, val_f1=0.472, train_loss_epoch=0.933]
Epoch 5:  97%|█████████▋| 116/120 [25:59<00:53,  0.07it/s, v_num=6, train_loss_step=1.040, val_loss=0.877, val_mean_auc=0.669, val_mean_ap=0.359, val_accuracy=0.672, val_f1=0.472, train_loss_epoch=0.933]
Epoch 5:  97%|█████████▋| 116/120 [25:59<00:53,  0.07it/s, v_num=6, train_loss_step=0.640, val_loss=0.877, val_mean_auc=0.669, val_mean_ap=0.359, val_accuracy=0.672, val_f1=0.472, train_loss_epoch=0.933]
Epoch 5:  98%|█████████▊| 117/120 [25:59<00:39,  0.08it/s, v_num=6, train_loss_step=0.640, val_loss=0.877, val_mean_auc=0.669, val_mean_ap=0.359, val_accuracy=0.672, val_f1=0.472, train_loss_epoch=0.933]
Epoch 5:  98%|█████████▊| 117/120 [26:00<00:40,  0.07it/s, v_num=6, train_loss_step=0.908, val_loss=0.877, val_mean_auc=0.669, val_mean_ap=0.359, val_accuracy=0.672, val_f1=0.472, train_loss_epoch=0.933]
Epoch 5:  98%|█████████▊| 118/120 [26:26<00:26,  0.07it/s, v_num=6, train_loss_step=0.908, val_loss=0.877, val_mean_auc=0.669, val_mean_ap=0.359, val_accuracy=0.672, val_f1=0.472, train_loss_epoch=0.933]
Epoch 5:  98%|█████████▊| 118/120 [26:26<00:26,  0.07it/s, v_num=6, train_loss_step=0.788, val_loss=0.877, val_mean_auc=0.669, val_mean_ap=0.359, val_accuracy=0.672, val_f1=0.472, train_loss_epoch=0.933]
Epoch 5:  99%|█████████▉| 119/120 [26:26<00:13,  0.08it/s, v_num=6, train_loss_step=0.788, val_loss=0.877, val_mean_auc=0.669, val_mean_ap=0.359, val_accuracy=0.672, val_f1=0.472, train_loss_epoch=0.933]
Epoch 5:  99%|█████████▉| 119/120 [26:27<00:13,  0.07it/s, v_num=6, train_loss_step=0.630, val_loss=0.877, val_mean_auc=0.669, val_mean_ap=0.359, val_accuracy=0.672, val_f1=0.472, train_loss_epoch=0.933]
Epoch 5: 100%|██████████| 120/120 [26:46<00:00,  0.07it/s, v_num=6, train_loss_step=0.630, val_loss=0.877, val_mean_auc=0.669, val_mean_ap=0.359, val_accuracy=0.672, val_f1=0.472, train_loss_epoch=0.933]
Epoch 5: 100%|██████████| 120/120 [26:47<00:00,  0.07it/s, v_num=6, train_loss_step=0.953, val_loss=0.877, val_mean_auc=0.669, val_mean_ap=0.359, val_accuracy=0.672, val_f1=0.472, train_loss_epoch=0.933]

Validation: |          | 0/? [00:00<?, ?it/s][A

Validation: |          | 0/? [00:00<?, ?it/s][A

Validation DataLoader 0:   0%|          | 0/15 [00:00<?, ?it/s][A

Validation DataLoader 0:   7%|▋         | 1/15 [00:00<00:06,  2.12it/s][A

Validation DataLoader 0:  13%|█▎        | 2/15 [00:00<00:06,  2.12it/s][A

Validation DataLoader 0:  20%|██        | 3/15 [00:21<01:27,  0.14it/s][A

Validation DataLoader 0:  27%|██▋       | 4/15 [00:22<01:01,  0.18it/s][A

Validation DataLoader 0:  33%|███▎      | 5/15 [00:46<01:32,  0.11it/s][A

Validation DataLoader 0:  40%|████      | 6/15 [00:46<01:09,  0.13it/s][A

Validation DataLoader 0:  47%|████▋     | 7/15 [01:07<01:17,  0.10it/s][A

Validation DataLoader 0:  53%|█████▎    | 8/15 [01:10<01:01,  0.11it/s][A

Validation DataLoader 0:  60%|██████    | 9/15 [01:25<00:56,  0.11it/s][A

Validation DataLoader 0:  67%|██████▋   | 10/15 [01:34<00:47,  0.11it/s][A

Validation DataLoader 0:  73%|███████▎  | 11/15 [01:51<00:40,  0.10it/s][A

Validation DataLoader 0:  80%|████████  | 12/15 [01:55<00:28,  0.10it/s][A

Validation DataLoader 0:  87%|████████▋ | 13/15 [02:14<00:20,  0.10it/s][A

Validation DataLoader 0:  93%|█████████▎| 14/15 [02:20<00:10,  0.10it/s][A

Validation DataLoader 0: 100%|██████████| 15/15 [02:33<00:00,  0.10it/s][A

                                                                        [A
Epoch 5: 100%|██████████| 120/120 [29:47<00:00,  0.07it/s, v_num=6, train_loss_step=0.953, val_loss=0.887, val_mean_auc=0.663, val_mean_ap=0.361, val_accuracy=0.649, val_f1=0.459, train_loss_epoch=0.933]
Epoch 5: 100%|██████████| 120/120 [29:47<00:00,  0.07it/s, v_num=6, train_loss_step=0.953, val_loss=0.887, val_mean_auc=0.663, val_mean_ap=0.361, val_accuracy=0.649, val_f1=0.459, train_loss_epoch=0.897]
Epoch 5:   0%|          | 0/120 [00:00<?, ?it/s, v_num=6, train_loss_step=0.953, val_loss=0.887, val_mean_auc=0.663, val_mean_ap=0.361, val_accuracy=0.649, val_f1=0.459, train_loss_epoch=0.897]          
Epoch 6:   0%|          | 0/120 [00:00<?, ?it/s, v_num=6, train_loss_step=0.953, val_loss=0.887, val_mean_auc=0.663, val_mean_ap=0.361, val_accuracy=0.649, val_f1=0.459, train_loss_epoch=0.897]
Epoch 6:   1%|          | 1/120 [00:29<58:54,  0.03it/s, v_num=6, train_loss_step=0.953, val_loss=0.887, val_mean_auc=0.663, val_mean_ap=0.361, val_accuracy=0.649, val_f1=0.459, train_loss_epoch=0.897]
Epoch 6:   1%|          | 1/120 [00:30<59:44,  0.03it/s, v_num=6, train_loss_step=0.870, val_loss=0.887, val_mean_auc=0.663, val_mean_ap=0.361, val_accuracy=0.649, val_f1=0.459, train_loss_epoch=0.897]
Epoch 6:   2%|▏         | 2/120 [00:30<29:39,  0.07it/s, v_num=6, train_loss_step=0.870, val_loss=0.887, val_mean_auc=0.663, val_mean_ap=0.361, val_accuracy=0.649, val_f1=0.459, train_loss_epoch=0.897]
Epoch 6:   2%|▏         | 2/120 [00:30<30:05,  0.07it/s, v_num=6, train_loss_step=0.931, val_loss=0.887, val_mean_auc=0.663, val_mean_ap=0.361, val_accuracy=0.649, val_f1=0.459, train_loss_epoch=0.897]
Epoch 6:   2%|▎         | 3/120 [00:52<34:18,  0.06it/s, v_num=6, train_loss_step=0.931, val_loss=0.887, val_mean_auc=0.663, val_mean_ap=0.361, val_accuracy=0.649, val_f1=0.459, train_loss_epoch=0.897]
Epoch 6:   2%|▎         | 3/120 [00:53<34:36,  0.06it/s, v_num=6, train_loss_step=0.675, val_loss=0.887, val_mean_auc=0.663, val_mean_ap=0.361, val_accuracy=0.649, val_f1=0.459, train_loss_epoch=0.897]
Epoch 6:   3%|▎         | 4/120 [00:54<26:16,  0.07it/s, v_num=6, train_loss_step=0.675, val_loss=0.887, val_mean_auc=0.663, val_mean_ap=0.361, val_accuracy=0.649, val_f1=0.459, train_loss_epoch=0.897]
Epoch 6:   3%|▎         | 4/120 [00:54<26:28,  0.07it/s, v_num=6, train_loss_step=0.644, val_loss=0.887, val_mean_auc=0.663, val_mean_ap=0.361, val_accuracy=0.649, val_f1=0.459, train_loss_epoch=0.897]
Epoch 6:   4%|▍         | 5/120 [01:18<29:58,  0.06it/s, v_num=6, train_loss_step=0.644, val_loss=0.887, val_mean_auc=0.663, val_mean_ap=0.361, val_accuracy=0.649, val_f1=0.459, train_loss_epoch=0.897]
Epoch 6:   4%|▍         | 5/120 [01:18<30:08,  0.06it/s, v_num=6, train_loss_step=0.589, val_loss=0.887, val_mean_auc=0.663, val_mean_ap=0.361, val_accuracy=0.649, val_f1=0.459, train_loss_epoch=0.897]
Epoch 6:   5%|▌         | 6/120 [01:18<24:54,  0.08it/s, v_num=6, train_loss_step=0.589, val_loss=0.887, val_mean_auc=0.663, val_mean_ap=0.361, val_accuracy=0.649, val_f1=0.459, train_loss_epoch=0.897]
Epoch 6:   5%|▌         | 6/120 [01:19<25:02,  0.08it/s, v_num=6, train_loss_step=0.898, val_loss=0.887, val_mean_auc=0.663, val_mean_ap=0.361, val_accuracy=0.649, val_f1=0.459, train_loss_epoch=0.897]
Epoch 6:   6%|▌         | 7/120 [01:42<27:34,  0.07it/s, v_num=6, train_loss_step=0.898, val_loss=0.887, val_mean_auc=0.663, val_mean_ap=0.361, val_accuracy=0.649, val_f1=0.459, train_loss_epoch=0.897]
Epoch 6:   6%|▌         | 7/120 [01:42<27:41,  0.07it/s, v_num=6, train_loss_step=1.080, val_loss=0.887, val_mean_auc=0.663, val_mean_ap=0.361, val_accuracy=0.649, val_f1=0.459, train_loss_epoch=0.897]
Epoch 6:   7%|▋         | 8/120 [01:50<25:42,  0.07it/s, v_num=6, train_loss_step=1.080, val_loss=0.887, val_mean_auc=0.663, val_mean_ap=0.361, val_accuracy=0.649, val_f1=0.459, train_loss_epoch=0.897]
Epoch 6:   7%|▋         | 8/120 [01:50<25:48,  0.07it/s, v_num=6, train_loss_step=0.797, val_loss=0.887, val_mean_auc=0.663, val_mean_ap=0.361, val_accuracy=0.649, val_f1=0.459, train_loss_epoch=0.897]
Epoch 6:   8%|▊         | 9/120 [02:06<26:05,  0.07it/s, v_num=6, train_loss_step=0.797, val_loss=0.887, val_mean_auc=0.663, val_mean_ap=0.361, val_accuracy=0.649, val_f1=0.459, train_loss_epoch=0.897]
Epoch 6:   8%|▊         | 9/120 [02:07<26:11,  0.07it/s, v_num=6, train_loss_step=0.950, val_loss=0.887, val_mean_auc=0.663, val_mean_ap=0.361, val_accuracy=0.649, val_f1=0.459, train_loss_epoch=0.897]
Epoch 6:   8%|▊         | 10/120 [02:18<25:22,  0.07it/s, v_num=6, train_loss_step=0.950, val_loss=0.887, val_mean_auc=0.663, val_mean_ap=0.361, val_accuracy=0.649, val_f1=0.459, train_loss_epoch=0.897]
Epoch 6:   8%|▊         | 10/120 [02:18<25:27,  0.07it/s, v_num=6, train_loss_step=0.990, val_loss=0.887, val_mean_auc=0.663, val_mean_ap=0.361, val_accuracy=0.649, val_f1=0.459, train_loss_epoch=0.897]
Epoch 6:   9%|▉         | 11/120 [02:28<24:28,  0.07it/s, v_num=6, train_loss_step=0.990, val_loss=0.887, val_mean_auc=0.663, val_mean_ap=0.361, val_accuracy=0.649, val_f1=0.459, train_loss_epoch=0.897]
Epoch 6:   9%|▉         | 11/120 [02:28<24:32,  0.07it/s, v_num=6, train_loss_step=1.420, val_loss=0.887, val_mean_auc=0.663, val_mean_ap=0.361, val_accuracy=0.649, val_f1=0.459, train_loss_epoch=0.897]
Epoch 6:  10%|█         | 12/120 [02:42<24:23,  0.07it/s, v_num=6, train_loss_step=1.420, val_loss=0.887, val_mean_auc=0.663, val_mean_ap=0.361, val_accuracy=0.649, val_f1=0.459, train_loss_epoch=0.897]
Epoch 6:  10%|█         | 12/120 [02:43<24:27,  0.07it/s, v_num=6, train_loss_step=0.638, val_loss=0.887, val_mean_auc=0.663, val_mean_ap=0.361, val_accuracy=0.649, val_f1=0.459, train_loss_epoch=0.897]
Epoch 6:  11%|█         | 13/120 [02:50<23:24,  0.08it/s, v_num=6, train_loss_step=0.638, val_loss=0.887, val_mean_auc=0.663, val_mean_ap=0.361, val_accuracy=0.649, val_f1=0.459, train_loss_epoch=0.897]
Epoch 6:  11%|█         | 13/120 [02:51<23:27,  0.08it/s, v_num=6, train_loss_step=0.949, val_loss=0.887, val_mean_auc=0.663, val_mean_ap=0.361, val_accuracy=0.649, val_f1=0.459, train_loss_epoch=0.897]
Epoch 6:  12%|█▏        | 14/120 [03:07<23:38,  0.07it/s, v_num=6, train_loss_step=0.949, val_loss=0.887, val_mean_auc=0.663, val_mean_ap=0.361, val_accuracy=0.649, val_f1=0.459, train_loss_epoch=0.897]
Epoch 6:  12%|█▏        | 14/120 [03:07<23:41,  0.07it/s, v_num=6, train_loss_step=0.816, val_loss=0.887, val_mean_auc=0.663, val_mean_ap=0.361, val_accuracy=0.649, val_f1=0.459, train_loss_epoch=0.897]
Epoch 6:  12%|█▎        | 15/120 [03:09<22:07,  0.08it/s, v_num=6, train_loss_step=0.816, val_loss=0.887, val_mean_auc=0.663, val_mean_ap=0.361, val_accuracy=0.649, val_f1=0.459, train_loss_epoch=0.897]
Epoch 6:  12%|█▎        | 15/120 [03:10<22:10,  0.08it/s, v_num=6, train_loss_step=0.586, val_loss=0.887, val_mean_auc=0.663, val_mean_ap=0.361, val_accuracy=0.649, val_f1=0.459, train_loss_epoch=0.897]
Epoch 6:  13%|█▎        | 16/120 [03:35<23:22,  0.07it/s, v_num=6, train_loss_step=0.586, val_loss=0.887, val_mean_auc=0.663, val_mean_ap=0.361, val_accuracy=0.649, val_f1=0.459, train_loss_epoch=0.897]
Epoch 6:  13%|█▎        | 16/120 [03:36<23:25,  0.07it/s, v_num=6, train_loss_step=0.893, val_loss=0.887, val_mean_auc=0.663, val_mean_ap=0.361, val_accuracy=0.649, val_f1=0.459, train_loss_epoch=0.897]
Epoch 6:  14%|█▍        | 17/120 [03:36<21:50,  0.08it/s, v_num=6, train_loss_step=0.893, val_loss=0.887, val_mean_auc=0.663, val_mean_ap=0.361, val_accuracy=0.649, val_f1=0.459, train_loss_epoch=0.897]
Epoch 6:  14%|█▍        | 17/120 [03:36<21:52,  0.08it/s, v_num=6, train_loss_step=0.648, val_loss=0.887, val_mean_auc=0.663, val_mean_ap=0.361, val_accuracy=0.649, val_f1=0.459, train_loss_epoch=0.897]
Epoch 6:  15%|█▌        | 18/120 [04:07<23:19,  0.07it/s, v_num=6, train_loss_step=0.648, val_loss=0.887, val_mean_auc=0.663, val_mean_ap=0.361, val_accuracy=0.649, val_f1=0.459, train_loss_epoch=0.897]
Epoch 6:  15%|█▌        | 18/120 [04:07<23:22,  0.07it/s, v_num=6, train_loss_step=1.440, val_loss=0.887, val_mean_auc=0.663, val_mean_ap=0.361, val_accuracy=0.649, val_f1=0.459, train_loss_epoch=0.897]
Epoch 6:  16%|█▌        | 19/120 [04:07<21:55,  0.08it/s, v_num=6, train_loss_step=1.440, val_loss=0.887, val_mean_auc=0.663, val_mean_ap=0.361, val_accuracy=0.649, val_f1=0.459, train_loss_epoch=0.897]
Epoch 6:  16%|█▌        | 19/120 [04:07<21:58,  0.08it/s, v_num=6, train_loss_step=0.666, val_loss=0.887, val_mean_auc=0.663, val_mean_ap=0.361, val_accuracy=0.649, val_f1=0.459, train_loss_epoch=0.897]
Epoch 6:  17%|█▋        | 20/120 [04:46<23:54,  0.07it/s, v_num=6, train_loss_step=0.666, val_loss=0.887, val_mean_auc=0.663, val_mean_ap=0.361, val_accuracy=0.649, val_f1=0.459, train_loss_epoch=0.897]
Epoch 6:  17%|█▋        | 20/120 [04:47<23:56,  0.07it/s, v_num=6, train_loss_step=0.708, val_loss=0.887, val_mean_auc=0.663, val_mean_ap=0.361, val_accuracy=0.649, val_f1=0.459, train_loss_epoch=0.897]
Epoch 6:  18%|█▊        | 21/120 [04:47<22:34,  0.07it/s, v_num=6, train_loss_step=0.708, val_loss=0.887, val_mean_auc=0.663, val_mean_ap=0.361, val_accuracy=0.649, val_f1=0.459, train_loss_epoch=0.897]
Epoch 6:  18%|█▊        | 21/120 [04:47<22:36,  0.07it/s, v_num=6, train_loss_step=1.090, val_loss=0.887, val_mean_auc=0.663, val_mean_ap=0.361, val_accuracy=0.649, val_f1=0.459, train_loss_epoch=0.897]
Epoch 6:  18%|█▊        | 22/120 [05:17<23:33,  0.07it/s, v_num=6, train_loss_step=1.090, val_loss=0.887, val_mean_auc=0.663, val_mean_ap=0.361, val_accuracy=0.649, val_f1=0.459, train_loss_epoch=0.897]
Epoch 6:  18%|█▊        | 22/120 [05:17<23:35,  0.07it/s, v_num=6, train_loss_step=0.518, val_loss=0.887, val_mean_auc=0.663, val_mean_ap=0.361, val_accuracy=0.649, val_f1=0.459, train_loss_epoch=0.897]
Epoch 6:  19%|█▉        | 23/120 [05:17<22:20,  0.07it/s, v_num=6, train_loss_step=0.518, val_loss=0.887, val_mean_auc=0.663, val_mean_ap=0.361, val_accuracy=0.649, val_f1=0.459, train_loss_epoch=0.897]
Epoch 6:  19%|█▉        | 23/120 [05:18<22:22,  0.07it/s, v_num=6, train_loss_step=0.840, val_loss=0.887, val_mean_auc=0.663, val_mean_ap=0.361, val_accuracy=0.649, val_f1=0.459, train_loss_epoch=0.897]
Epoch 6:  20%|██        | 24/120 [05:37<22:30,  0.07it/s, v_num=6, train_loss_step=0.840, val_loss=0.887, val_mean_auc=0.663, val_mean_ap=0.361, val_accuracy=0.649, val_f1=0.459, train_loss_epoch=0.897]
Epoch 6:  20%|██        | 24/120 [05:37<22:31,  0.07it/s, v_num=6, train_loss_step=1.220, val_loss=0.887, val_mean_auc=0.663, val_mean_ap=0.361, val_accuracy=0.649, val_f1=0.459, train_loss_epoch=0.897]
Epoch 6:  21%|██        | 25/120 [05:37<21:24,  0.07it/s, v_num=6, train_loss_step=1.220, val_loss=0.887, val_mean_auc=0.663, val_mean_ap=0.361, val_accuracy=0.649, val_f1=0.459, train_loss_epoch=0.897]
Epoch 6:  21%|██        | 25/120 [05:38<21:25,  0.07it/s, v_num=6, train_loss_step=0.733, val_loss=0.887, val_mean_auc=0.663, val_mean_ap=0.361, val_accuracy=0.649, val_f1=0.459, train_loss_epoch=0.897]
Epoch 6:  22%|██▏       | 26/120 [06:02<21:51,  0.07it/s, v_num=6, train_loss_step=0.733, val_loss=0.887, val_mean_auc=0.663, val_mean_ap=0.361, val_accuracy=0.649, val_f1=0.459, train_loss_epoch=0.897]
Epoch 6:  22%|██▏       | 26/120 [06:03<21:52,  0.07it/s, v_num=6, train_loss_step=0.979, val_loss=0.887, val_mean_auc=0.663, val_mean_ap=0.361, val_accuracy=0.649, val_f1=0.459, train_loss_epoch=0.897]
Epoch 6:  22%|██▎       | 27/120 [06:03<20:50,  0.07it/s, v_num=6, train_loss_step=0.979, val_loss=0.887, val_mean_auc=0.663, val_mean_ap=0.361, val_accuracy=0.649, val_f1=0.459, train_loss_epoch=0.897]
Epoch 6:  22%|██▎       | 27/120 [06:03<20:52,  0.07it/s, v_num=6, train_loss_step=0.830, val_loss=0.887, val_mean_auc=0.663, val_mean_ap=0.361, val_accuracy=0.649, val_f1=0.459, train_loss_epoch=0.897]
Epoch 6:  23%|██▎       | 28/120 [06:22<20:57,  0.07it/s, v_num=6, train_loss_step=0.830, val_loss=0.887, val_mean_auc=0.663, val_mean_ap=0.361, val_accuracy=0.649, val_f1=0.459, train_loss_epoch=0.897]
Epoch 6:  23%|██▎       | 28/120 [06:23<20:59,  0.07it/s, v_num=6, train_loss_step=0.669, val_loss=0.887, val_mean_auc=0.663, val_mean_ap=0.361, val_accuracy=0.649, val_f1=0.459, train_loss_epoch=0.897]
Epoch 6:  24%|██▍       | 29/120 [06:23<20:02,  0.08it/s, v_num=6, train_loss_step=0.669, val_loss=0.887, val_mean_auc=0.663, val_mean_ap=0.361, val_accuracy=0.649, val_f1=0.459, train_loss_epoch=0.897]
Epoch 6:  24%|██▍       | 29/120 [06:23<20:04,  0.08it/s, v_num=6, train_loss_step=1.190, val_loss=0.887, val_mean_auc=0.663, val_mean_ap=0.361, val_accuracy=0.649, val_f1=0.459, train_loss_epoch=0.897]
Epoch 6:  25%|██▌       | 30/120 [06:49<20:27,  0.07it/s, v_num=6, train_loss_step=1.190, val_loss=0.887, val_mean_auc=0.663, val_mean_ap=0.361, val_accuracy=0.649, val_f1=0.459, train_loss_epoch=0.897]
Epoch 6:  25%|██▌       | 30/120 [06:49<20:29,  0.07it/s, v_num=6, train_loss_step=0.631, val_loss=0.887, val_mean_auc=0.663, val_mean_ap=0.361, val_accuracy=0.649, val_f1=0.459, train_loss_epoch=0.897]
Epoch 6:  26%|██▌       | 31/120 [06:49<19:36,  0.08it/s, v_num=6, train_loss_step=0.631, val_loss=0.887, val_mean_auc=0.663, val_mean_ap=0.361, val_accuracy=0.649, val_f1=0.459, train_loss_epoch=0.897]
Epoch 6:  26%|██▌       | 31/120 [06:50<19:37,  0.08it/s, v_num=6, train_loss_step=1.030, val_loss=0.887, val_mean_auc=0.663, val_mean_ap=0.361, val_accuracy=0.649, val_f1=0.459, train_loss_epoch=0.897]
Epoch 6:  27%|██▋       | 32/120 [07:17<20:04,  0.07it/s, v_num=6, train_loss_step=1.030, val_loss=0.887, val_mean_auc=0.663, val_mean_ap=0.361, val_accuracy=0.649, val_f1=0.459, train_loss_epoch=0.897]
Epoch 6:  27%|██▋       | 32/120 [07:18<20:05,  0.07it/s, v_num=6, train_loss_step=0.585, val_loss=0.887, val_mean_auc=0.663, val_mean_ap=0.361, val_accuracy=0.649, val_f1=0.459, train_loss_epoch=0.897]
Epoch 6:  28%|██▊       | 33/120 [07:18<19:15,  0.08it/s, v_num=6, train_loss_step=0.585, val_loss=0.887, val_mean_auc=0.663, val_mean_ap=0.361, val_accuracy=0.649, val_f1=0.459, train_loss_epoch=0.897]
Epoch 6:  28%|██▊       | 33/120 [07:18<19:16,  0.08it/s, v_num=6, train_loss_step=0.698, val_loss=0.887, val_mean_auc=0.663, val_mean_ap=0.361, val_accuracy=0.649, val_f1=0.459, train_loss_epoch=0.897]
Epoch 6:  28%|██▊       | 34/120 [07:41<19:27,  0.07it/s, v_num=6, train_loss_step=0.698, val_loss=0.887, val_mean_auc=0.663, val_mean_ap=0.361, val_accuracy=0.649, val_f1=0.459, train_loss_epoch=0.897]
Epoch 6:  28%|██▊       | 34/120 [07:41<19:28,  0.07it/s, v_num=6, train_loss_step=1.350, val_loss=0.887, val_mean_auc=0.663, val_mean_ap=0.361, val_accuracy=0.649, val_f1=0.459, train_loss_epoch=0.897]
Epoch 6:  29%|██▉       | 35/120 [07:41<18:41,  0.08it/s, v_num=6, train_loss_step=1.350, val_loss=0.887, val_mean_auc=0.663, val_mean_ap=0.361, val_accuracy=0.649, val_f1=0.459, train_loss_epoch=0.897]
Epoch 6:  29%|██▉       | 35/120 [07:42<18:42,  0.08it/s, v_num=6, train_loss_step=0.835, val_loss=0.887, val_mean_auc=0.663, val_mean_ap=0.361, val_accuracy=0.649, val_f1=0.459, train_loss_epoch=0.897]
Epoch 6:  30%|███       | 36/120 [08:08<18:59,  0.07it/s, v_num=6, train_loss_step=0.835, val_loss=0.887, val_mean_auc=0.663, val_mean_ap=0.361, val_accuracy=0.649, val_f1=0.459, train_loss_epoch=0.897]
Epoch 6:  30%|███       | 36/120 [08:08<19:00,  0.07it/s, v_num=6, train_loss_step=0.775, val_loss=0.887, val_mean_auc=0.663, val_mean_ap=0.361, val_accuracy=0.649, val_f1=0.459, train_loss_epoch=0.897]
Epoch 6:  31%|███       | 37/120 [08:08<18:16,  0.08it/s, v_num=6, train_loss_step=0.775, val_loss=0.887, val_mean_auc=0.663, val_mean_ap=0.361, val_accuracy=0.649, val_f1=0.459, train_loss_epoch=0.897]
Epoch 6:  31%|███       | 37/120 [08:09<18:17,  0.08it/s, v_num=6, train_loss_step=0.821, val_loss=0.887, val_mean_auc=0.663, val_mean_ap=0.361, val_accuracy=0.649, val_f1=0.459, train_loss_epoch=0.897]
Epoch 6:  32%|███▏      | 38/120 [08:34<18:30,  0.07it/s, v_num=6, train_loss_step=0.821, val_loss=0.887, val_mean_auc=0.663, val_mean_ap=0.361, val_accuracy=0.649, val_f1=0.459, train_loss_epoch=0.897]
Epoch 6:  32%|███▏      | 38/120 [08:35<18:31,  0.07it/s, v_num=6, train_loss_step=1.060, val_loss=0.887, val_mean_auc=0.663, val_mean_ap=0.361, val_accuracy=0.649, val_f1=0.459, train_loss_epoch=0.897]
Epoch 6:  32%|███▎      | 39/120 [08:35<17:50,  0.08it/s, v_num=6, train_loss_step=1.060, val_loss=0.887, val_mean_auc=0.663, val_mean_ap=0.361, val_accuracy=0.649, val_f1=0.459, train_loss_epoch=0.897]
Epoch 6:  32%|███▎      | 39/120 [08:35<17:51,  0.08it/s, v_num=6, train_loss_step=0.706, val_loss=0.887, val_mean_auc=0.663, val_mean_ap=0.361, val_accuracy=0.649, val_f1=0.459, train_loss_epoch=0.897]
Epoch 6:  33%|███▎      | 40/120 [09:04<18:08,  0.07it/s, v_num=6, train_loss_step=0.706, val_loss=0.887, val_mean_auc=0.663, val_mean_ap=0.361, val_accuracy=0.649, val_f1=0.459, train_loss_epoch=0.897]
Epoch 6:  33%|███▎      | 40/120 [09:04<18:09,  0.07it/s, v_num=6, train_loss_step=0.750, val_loss=0.887, val_mean_auc=0.663, val_mean_ap=0.361, val_accuracy=0.649, val_f1=0.459, train_loss_epoch=0.897]
Epoch 6:  34%|███▍      | 41/120 [09:04<17:29,  0.08it/s, v_num=6, train_loss_step=0.750, val_loss=0.887, val_mean_auc=0.663, val_mean_ap=0.361, val_accuracy=0.649, val_f1=0.459, train_loss_epoch=0.897]
Epoch 6:  34%|███▍      | 41/120 [09:05<17:30,  0.08it/s, v_num=6, train_loss_step=0.656, val_loss=0.887, val_mean_auc=0.663, val_mean_ap=0.361, val_accuracy=0.649, val_f1=0.459, train_loss_epoch=0.897]
Epoch 6:  35%|███▌      | 42/120 [09:30<17:39,  0.07it/s, v_num=6, train_loss_step=0.656, val_loss=0.887, val_mean_auc=0.663, val_mean_ap=0.361, val_accuracy=0.649, val_f1=0.459, train_loss_epoch=0.897]
Epoch 6:  35%|███▌      | 42/120 [09:30<17:39,  0.07it/s, v_num=6, train_loss_step=1.210, val_loss=0.887, val_mean_auc=0.663, val_mean_ap=0.361, val_accuracy=0.649, val_f1=0.459, train_loss_epoch=0.897]
Epoch 6:  36%|███▌      | 43/120 [09:30<17:01,  0.08it/s, v_num=6, train_loss_step=1.210, val_loss=0.887, val_mean_auc=0.663, val_mean_ap=0.361, val_accuracy=0.649, val_f1=0.459, train_loss_epoch=0.897]
Epoch 6:  36%|███▌      | 43/120 [09:31<17:02,  0.08it/s, v_num=6, train_loss_step=0.798, val_loss=0.887, val_mean_auc=0.663, val_mean_ap=0.361, val_accuracy=0.649, val_f1=0.459, train_loss_epoch=0.897]
Epoch 6:  37%|███▋      | 44/120 [09:56<17:10,  0.07it/s, v_num=6, train_loss_step=0.798, val_loss=0.887, val_mean_auc=0.663, val_mean_ap=0.361, val_accuracy=0.649, val_f1=0.459, train_loss_epoch=0.897]
Epoch 6:  37%|███▋      | 44/120 [09:57<17:11,  0.07it/s, v_num=6, train_loss_step=1.490, val_loss=0.887, val_mean_auc=0.663, val_mean_ap=0.361, val_accuracy=0.649, val_f1=0.459, train_loss_epoch=0.897]
Epoch 6:  38%|███▊      | 45/120 [09:57<16:35,  0.08it/s, v_num=6, train_loss_step=1.490, val_loss=0.887, val_mean_auc=0.663, val_mean_ap=0.361, val_accuracy=0.649, val_f1=0.459, train_loss_epoch=0.897]
Epoch 6:  38%|███▊      | 45/120 [09:57<16:35,  0.08it/s, v_num=6, train_loss_step=0.862, val_loss=0.887, val_mean_auc=0.663, val_mean_ap=0.361, val_accuracy=0.649, val_f1=0.459, train_loss_epoch=0.897]
Epoch 6:  38%|███▊      | 46/120 [10:26<16:48,  0.07it/s, v_num=6, train_loss_step=0.862, val_loss=0.887, val_mean_auc=0.663, val_mean_ap=0.361, val_accuracy=0.649, val_f1=0.459, train_loss_epoch=0.897]
Epoch 6:  38%|███▊      | 46/120 [10:27<16:48,  0.07it/s, v_num=6, train_loss_step=1.120, val_loss=0.887, val_mean_auc=0.663, val_mean_ap=0.361, val_accuracy=0.649, val_f1=0.459, train_loss_epoch=0.897]
Epoch 6:  39%|███▉      | 47/120 [10:27<16:13,  0.07it/s, v_num=6, train_loss_step=1.120, val_loss=0.887, val_mean_auc=0.663, val_mean_ap=0.361, val_accuracy=0.649, val_f1=0.459, train_loss_epoch=0.897]
Epoch 6:  39%|███▉      | 47/120 [10:27<16:14,  0.07it/s, v_num=6, train_loss_step=0.803, val_loss=0.887, val_mean_auc=0.663, val_mean_ap=0.361, val_accuracy=0.649, val_f1=0.459, train_loss_epoch=0.897]
Epoch 6:  40%|████      | 48/120 [10:59<16:28,  0.07it/s, v_num=6, train_loss_step=0.803, val_loss=0.887, val_mean_auc=0.663, val_mean_ap=0.361, val_accuracy=0.649, val_f1=0.459, train_loss_epoch=0.897]
Epoch 6:  40%|████      | 48/120 [10:59<16:29,  0.07it/s, v_num=6, train_loss_step=0.867, val_loss=0.887, val_mean_auc=0.663, val_mean_ap=0.361, val_accuracy=0.649, val_f1=0.459, train_loss_epoch=0.897]
Epoch 6:  41%|████      | 49/120 [10:59<15:56,  0.07it/s, v_num=6, train_loss_step=0.867, val_loss=0.887, val_mean_auc=0.663, val_mean_ap=0.361, val_accuracy=0.649, val_f1=0.459, train_loss_epoch=0.897]
Epoch 6:  41%|████      | 49/120 [11:00<15:56,  0.07it/s, v_num=6, train_loss_step=1.070, val_loss=0.887, val_mean_auc=0.663, val_mean_ap=0.361, val_accuracy=0.649, val_f1=0.459, train_loss_epoch=0.897]
Epoch 6:  42%|████▏     | 50/120 [11:25<15:59,  0.07it/s, v_num=6, train_loss_step=1.070, val_loss=0.887, val_mean_auc=0.663, val_mean_ap=0.361, val_accuracy=0.649, val_f1=0.459, train_loss_epoch=0.897]
Epoch 6:  42%|████▏     | 50/120 [11:25<15:59,  0.07it/s, v_num=6, train_loss_step=0.920, val_loss=0.887, val_mean_auc=0.663, val_mean_ap=0.361, val_accuracy=0.649, val_f1=0.459, train_loss_epoch=0.897]
Epoch 6:  42%|████▎     | 51/120 [11:25<15:27,  0.07it/s, v_num=6, train_loss_step=0.920, val_loss=0.887, val_mean_auc=0.663, val_mean_ap=0.361, val_accuracy=0.649, val_f1=0.459, train_loss_epoch=0.897]
Epoch 6:  42%|████▎     | 51/120 [11:26<15:28,  0.07it/s, v_num=6, train_loss_step=0.575, val_loss=0.887, val_mean_auc=0.663, val_mean_ap=0.361, val_accuracy=0.649, val_f1=0.459, train_loss_epoch=0.897]
Epoch 6:  43%|████▎     | 52/120 [11:58<15:39,  0.07it/s, v_num=6, train_loss_step=0.575, val_loss=0.887, val_mean_auc=0.663, val_mean_ap=0.361, val_accuracy=0.649, val_f1=0.459, train_loss_epoch=0.897]
Epoch 6:  43%|████▎     | 52/120 [11:59<15:40,  0.07it/s, v_num=6, train_loss_step=0.966, val_loss=0.887, val_mean_auc=0.663, val_mean_ap=0.361, val_accuracy=0.649, val_f1=0.459, train_loss_epoch=0.897]
Epoch 6:  44%|████▍     | 53/120 [11:59<15:09,  0.07it/s, v_num=6, train_loss_step=0.966, val_loss=0.887, val_mean_auc=0.663, val_mean_ap=0.361, val_accuracy=0.649, val_f1=0.459, train_loss_epoch=0.897]
Epoch 6:  44%|████▍     | 53/120 [11:59<15:09,  0.07it/s, v_num=6, train_loss_step=0.684, val_loss=0.887, val_mean_auc=0.663, val_mean_ap=0.361, val_accuracy=0.649, val_f1=0.459, train_loss_epoch=0.897]
Epoch 6:  45%|████▌     | 54/120 [12:26<15:12,  0.07it/s, v_num=6, train_loss_step=0.684, val_loss=0.887, val_mean_auc=0.663, val_mean_ap=0.361, val_accuracy=0.649, val_f1=0.459, train_loss_epoch=0.897]
Epoch 6:  45%|████▌     | 54/120 [12:26<15:12,  0.07it/s, v_num=6, train_loss_step=0.843, val_loss=0.887, val_mean_auc=0.663, val_mean_ap=0.361, val_accuracy=0.649, val_f1=0.459, train_loss_epoch=0.897]
Epoch 6:  46%|████▌     | 55/120 [12:26<14:42,  0.07it/s, v_num=6, train_loss_step=0.843, val_loss=0.887, val_mean_auc=0.663, val_mean_ap=0.361, val_accuracy=0.649, val_f1=0.459, train_loss_epoch=0.897]
Epoch 6:  46%|████▌     | 55/120 [12:27<14:42,  0.07it/s, v_num=6, train_loss_step=1.280, val_loss=0.887, val_mean_auc=0.663, val_mean_ap=0.361, val_accuracy=0.649, val_f1=0.459, train_loss_epoch=0.897]
Epoch 6:  47%|████▋     | 56/120 [12:53<14:44,  0.07it/s, v_num=6, train_loss_step=1.280, val_loss=0.887, val_mean_auc=0.663, val_mean_ap=0.361, val_accuracy=0.649, val_f1=0.459, train_loss_epoch=0.897]
Epoch 6:  47%|████▋     | 56/120 [12:54<14:45,  0.07it/s, v_num=6, train_loss_step=0.523, val_loss=0.887, val_mean_auc=0.663, val_mean_ap=0.361, val_accuracy=0.649, val_f1=0.459, train_loss_epoch=0.897]
Epoch 6:  48%|████▊     | 57/120 [12:54<14:15,  0.07it/s, v_num=6, train_loss_step=0.523, val_loss=0.887, val_mean_auc=0.663, val_mean_ap=0.361, val_accuracy=0.649, val_f1=0.459, train_loss_epoch=0.897]
Epoch 6:  48%|████▊     | 57/120 [12:54<14:16,  0.07it/s, v_num=6, train_loss_step=1.030, val_loss=0.887, val_mean_auc=0.663, val_mean_ap=0.361, val_accuracy=0.649, val_f1=0.459, train_loss_epoch=0.897]
Epoch 6:  48%|████▊     | 58/120 [13:18<14:13,  0.07it/s, v_num=6, train_loss_step=1.030, val_loss=0.887, val_mean_auc=0.663, val_mean_ap=0.361, val_accuracy=0.649, val_f1=0.459, train_loss_epoch=0.897]
Epoch 6:  48%|████▊     | 58/120 [13:19<14:14,  0.07it/s, v_num=6, train_loss_step=0.914, val_loss=0.887, val_mean_auc=0.663, val_mean_ap=0.361, val_accuracy=0.649, val_f1=0.459, train_loss_epoch=0.897]
Epoch 6:  49%|████▉     | 59/120 [13:19<13:46,  0.07it/s, v_num=6, train_loss_step=0.914, val_loss=0.887, val_mean_auc=0.663, val_mean_ap=0.361, val_accuracy=0.649, val_f1=0.459, train_loss_epoch=0.897]
Epoch 6:  49%|████▉     | 59/120 [13:19<13:46,  0.07it/s, v_num=6, train_loss_step=0.670, val_loss=0.887, val_mean_auc=0.663, val_mean_ap=0.361, val_accuracy=0.649, val_f1=0.459, train_loss_epoch=0.897]
Epoch 6:  50%|█████     | 60/120 [13:50<13:50,  0.07it/s, v_num=6, train_loss_step=0.670, val_loss=0.887, val_mean_auc=0.663, val_mean_ap=0.361, val_accuracy=0.649, val_f1=0.459, train_loss_epoch=0.897]
Epoch 6:  50%|█████     | 60/120 [13:50<13:50,  0.07it/s, v_num=6, train_loss_step=0.661, val_loss=0.887, val_mean_auc=0.663, val_mean_ap=0.361, val_accuracy=0.649, val_f1=0.459, train_loss_epoch=0.897]
Epoch 6:  51%|█████     | 61/120 [13:50<13:23,  0.07it/s, v_num=6, train_loss_step=0.661, val_loss=0.887, val_mean_auc=0.663, val_mean_ap=0.361, val_accuracy=0.649, val_f1=0.459, train_loss_epoch=0.897]
Epoch 6:  51%|█████     | 61/120 [13:51<13:23,  0.07it/s, v_num=6, train_loss_step=1.260, val_loss=0.887, val_mean_auc=0.663, val_mean_ap=0.361, val_accuracy=0.649, val_f1=0.459, train_loss_epoch=0.897]
Epoch 6:  52%|█████▏    | 62/120 [14:17<13:21,  0.07it/s, v_num=6, train_loss_step=1.260, val_loss=0.887, val_mean_auc=0.663, val_mean_ap=0.361, val_accuracy=0.649, val_f1=0.459, train_loss_epoch=0.897]
Epoch 6:  52%|█████▏    | 62/120 [14:17<13:22,  0.07it/s, v_num=6, train_loss_step=0.846, val_loss=0.887, val_mean_auc=0.663, val_mean_ap=0.361, val_accuracy=0.649, val_f1=0.459, train_loss_epoch=0.897]
Epoch 6:  52%|█████▎    | 63/120 [14:17<12:55,  0.07it/s, v_num=6, train_loss_step=0.846, val_loss=0.887, val_mean_auc=0.663, val_mean_ap=0.361, val_accuracy=0.649, val_f1=0.459, train_loss_epoch=0.897]
Epoch 6:  52%|█████▎    | 63/120 [14:17<12:56,  0.07it/s, v_num=6, train_loss_step=1.860, val_loss=0.887, val_mean_auc=0.663, val_mean_ap=0.361, val_accuracy=0.649, val_f1=0.459, train_loss_epoch=0.897]
Epoch 6:  53%|█████▎    | 64/120 [14:45<12:55,  0.07it/s, v_num=6, train_loss_step=1.860, val_loss=0.887, val_mean_auc=0.663, val_mean_ap=0.361, val_accuracy=0.649, val_f1=0.459, train_loss_epoch=0.897]
Epoch 6:  53%|█████▎    | 64/120 [14:46<12:55,  0.07it/s, v_num=6, train_loss_step=0.915, val_loss=0.887, val_mean_auc=0.663, val_mean_ap=0.361, val_accuracy=0.649, val_f1=0.459, train_loss_epoch=0.897]
Epoch 6:  54%|█████▍    | 65/120 [14:46<12:29,  0.07it/s, v_num=6, train_loss_step=0.915, val_loss=0.887, val_mean_auc=0.663, val_mean_ap=0.361, val_accuracy=0.649, val_f1=0.459, train_loss_epoch=0.897]
Epoch 6:  54%|█████▍    | 65/120 [14:46<12:30,  0.07it/s, v_num=6, train_loss_step=1.100, val_loss=0.887, val_mean_auc=0.663, val_mean_ap=0.361, val_accuracy=0.649, val_f1=0.459, train_loss_epoch=0.897]
Epoch 6:  55%|█████▌    | 66/120 [15:07<12:22,  0.07it/s, v_num=6, train_loss_step=1.100, val_loss=0.887, val_mean_auc=0.663, val_mean_ap=0.361, val_accuracy=0.649, val_f1=0.459, train_loss_epoch=0.897]
Epoch 6:  55%|█████▌    | 66/120 [15:08<12:23,  0.07it/s, v_num=6, train_loss_step=0.772, val_loss=0.887, val_mean_auc=0.663, val_mean_ap=0.361, val_accuracy=0.649, val_f1=0.459, train_loss_epoch=0.897]
Epoch 6:  56%|█████▌    | 67/120 [15:08<11:58,  0.07it/s, v_num=6, train_loss_step=0.772, val_loss=0.887, val_mean_auc=0.663, val_mean_ap=0.361, val_accuracy=0.649, val_f1=0.459, train_loss_epoch=0.897]
Epoch 6:  56%|█████▌    | 67/120 [15:08<11:58,  0.07it/s, v_num=6, train_loss_step=0.703, val_loss=0.887, val_mean_auc=0.663, val_mean_ap=0.361, val_accuracy=0.649, val_f1=0.459, train_loss_epoch=0.897]
Epoch 6:  57%|█████▋    | 68/120 [15:38<11:57,  0.07it/s, v_num=6, train_loss_step=0.703, val_loss=0.887, val_mean_auc=0.663, val_mean_ap=0.361, val_accuracy=0.649, val_f1=0.459, train_loss_epoch=0.897]
Epoch 6:  57%|█████▋    | 68/120 [15:38<11:57,  0.07it/s, v_num=6, train_loss_step=0.965, val_loss=0.887, val_mean_auc=0.663, val_mean_ap=0.361, val_accuracy=0.649, val_f1=0.459, train_loss_epoch=0.897]
Epoch 6:  57%|█████▊    | 69/120 [15:38<11:33,  0.07it/s, v_num=6, train_loss_step=0.965, val_loss=0.887, val_mean_auc=0.663, val_mean_ap=0.361, val_accuracy=0.649, val_f1=0.459, train_loss_epoch=0.897]
Epoch 6:  57%|█████▊    | 69/120 [15:39<11:34,  0.07it/s, v_num=6, train_loss_step=0.880, val_loss=0.887, val_mean_auc=0.663, val_mean_ap=0.361, val_accuracy=0.649, val_f1=0.459, train_loss_epoch=0.897]
Epoch 6:  58%|█████▊    | 70/120 [16:08<11:31,  0.07it/s, v_num=6, train_loss_step=0.880, val_loss=0.887, val_mean_auc=0.663, val_mean_ap=0.361, val_accuracy=0.649, val_f1=0.459, train_loss_epoch=0.897]
Epoch 6:  58%|█████▊    | 70/120 [16:09<11:32,  0.07it/s, v_num=6, train_loss_step=1.150, val_loss=0.887, val_mean_auc=0.663, val_mean_ap=0.361, val_accuracy=0.649, val_f1=0.459, train_loss_epoch=0.897]
Epoch 6:  59%|█████▉    | 71/120 [16:09<11:08,  0.07it/s, v_num=6, train_loss_step=1.150, val_loss=0.887, val_mean_auc=0.663, val_mean_ap=0.361, val_accuracy=0.649, val_f1=0.459, train_loss_epoch=0.897]
Epoch 6:  59%|█████▉    | 71/120 [16:09<11:09,  0.07it/s, v_num=6, train_loss_step=0.753, val_loss=0.887, val_mean_auc=0.663, val_mean_ap=0.361, val_accuracy=0.649, val_f1=0.459, train_loss_epoch=0.897]
Epoch 6:  60%|██████    | 72/120 [16:41<11:07,  0.07it/s, v_num=6, train_loss_step=0.753, val_loss=0.887, val_mean_auc=0.663, val_mean_ap=0.361, val_accuracy=0.649, val_f1=0.459, train_loss_epoch=0.897]
Epoch 6:  60%|██████    | 72/120 [16:41<11:07,  0.07it/s, v_num=6, train_loss_step=0.878, val_loss=0.887, val_mean_auc=0.663, val_mean_ap=0.361, val_accuracy=0.649, val_f1=0.459, train_loss_epoch=0.897]
Epoch 6:  61%|██████    | 73/120 [16:41<10:44,  0.07it/s, v_num=6, train_loss_step=0.878, val_loss=0.887, val_mean_auc=0.663, val_mean_ap=0.361, val_accuracy=0.649, val_f1=0.459, train_loss_epoch=0.897]
Epoch 6:  61%|██████    | 73/120 [16:42<10:45,  0.07it/s, v_num=6, train_loss_step=0.731, val_loss=0.887, val_mean_auc=0.663, val_mean_ap=0.361, val_accuracy=0.649, val_f1=0.459, train_loss_epoch=0.897]
Epoch 6:  62%|██████▏   | 74/120 [17:03<10:36,  0.07it/s, v_num=6, train_loss_step=0.731, val_loss=0.887, val_mean_auc=0.663, val_mean_ap=0.361, val_accuracy=0.649, val_f1=0.459, train_loss_epoch=0.897]
Epoch 6:  62%|██████▏   | 74/120 [17:04<10:36,  0.07it/s, v_num=6, train_loss_step=1.210, val_loss=0.887, val_mean_auc=0.663, val_mean_ap=0.361, val_accuracy=0.649, val_f1=0.459, train_loss_epoch=0.897]
Epoch 6:  62%|██████▎   | 75/120 [17:04<10:14,  0.07it/s, v_num=6, train_loss_step=1.210, val_loss=0.887, val_mean_auc=0.663, val_mean_ap=0.361, val_accuracy=0.649, val_f1=0.459, train_loss_epoch=0.897]
Epoch 6:  62%|██████▎   | 75/120 [17:04<10:14,  0.07it/s, v_num=6, train_loss_step=0.918, val_loss=0.887, val_mean_auc=0.663, val_mean_ap=0.361, val_accuracy=0.649, val_f1=0.459, train_loss_epoch=0.897]
Epoch 6:  63%|██████▎   | 76/120 [17:38<10:12,  0.07it/s, v_num=6, train_loss_step=0.918, val_loss=0.887, val_mean_auc=0.663, val_mean_ap=0.361, val_accuracy=0.649, val_f1=0.459, train_loss_epoch=0.897]
Epoch 6:  63%|██████▎   | 76/120 [17:39<10:13,  0.07it/s, v_num=6, train_loss_step=0.973, val_loss=0.887, val_mean_auc=0.663, val_mean_ap=0.361, val_accuracy=0.649, val_f1=0.459, train_loss_epoch=0.897]
Epoch 6:  64%|██████▍   | 77/120 [17:39<09:51,  0.07it/s, v_num=6, train_loss_step=0.973, val_loss=0.887, val_mean_auc=0.663, val_mean_ap=0.361, val_accuracy=0.649, val_f1=0.459, train_loss_epoch=0.897]
Epoch 6:  64%|██████▍   | 77/120 [17:39<09:51,  0.07it/s, v_num=6, train_loss_step=0.819, val_loss=0.887, val_mean_auc=0.663, val_mean_ap=0.361, val_accuracy=0.649, val_f1=0.459, train_loss_epoch=0.897]
Epoch 6:  65%|██████▌   | 78/120 [18:10<09:47,  0.07it/s, v_num=6, train_loss_step=0.819, val_loss=0.887, val_mean_auc=0.663, val_mean_ap=0.361, val_accuracy=0.649, val_f1=0.459, train_loss_epoch=0.897]
Epoch 6:  65%|██████▌   | 78/120 [18:10<09:47,  0.07it/s, v_num=6, train_loss_step=1.000, val_loss=0.887, val_mean_auc=0.663, val_mean_ap=0.361, val_accuracy=0.649, val_f1=0.459, train_loss_epoch=0.897]
Epoch 6:  66%|██████▌   | 79/120 [18:10<09:26,  0.07it/s, v_num=6, train_loss_step=1.000, val_loss=0.887, val_mean_auc=0.663, val_mean_ap=0.361, val_accuracy=0.649, val_f1=0.459, train_loss_epoch=0.897]
Epoch 6:  66%|██████▌   | 79/120 [18:11<09:26,  0.07it/s, v_num=6, train_loss_step=0.749, val_loss=0.887, val_mean_auc=0.663, val_mean_ap=0.361, val_accuracy=0.649, val_f1=0.459, train_loss_epoch=0.897]
Epoch 6:  67%|██████▋   | 80/120 [18:34<09:17,  0.07it/s, v_num=6, train_loss_step=0.749, val_loss=0.887, val_mean_auc=0.663, val_mean_ap=0.361, val_accuracy=0.649, val_f1=0.459, train_loss_epoch=0.897]
Epoch 6:  67%|██████▋   | 80/120 [18:34<09:17,  0.07it/s, v_num=6, train_loss_step=0.822, val_loss=0.887, val_mean_auc=0.663, val_mean_ap=0.361, val_accuracy=0.649, val_f1=0.459, train_loss_epoch=0.897]
Epoch 6:  68%|██████▊   | 81/120 [18:34<08:56,  0.07it/s, v_num=6, train_loss_step=0.822, val_loss=0.887, val_mean_auc=0.663, val_mean_ap=0.361, val_accuracy=0.649, val_f1=0.459, train_loss_epoch=0.897]
Epoch 6:  68%|██████▊   | 81/120 [18:35<08:56,  0.07it/s, v_num=6, train_loss_step=0.754, val_loss=0.887, val_mean_auc=0.663, val_mean_ap=0.361, val_accuracy=0.649, val_f1=0.459, train_loss_epoch=0.897]
Epoch 6:  68%|██████▊   | 82/120 [18:59<08:47,  0.07it/s, v_num=6, train_loss_step=0.754, val_loss=0.887, val_mean_auc=0.663, val_mean_ap=0.361, val_accuracy=0.649, val_f1=0.459, train_loss_epoch=0.897]
Epoch 6:  68%|██████▊   | 82/120 [18:59<08:48,  0.07it/s, v_num=6, train_loss_step=1.180, val_loss=0.887, val_mean_auc=0.663, val_mean_ap=0.361, val_accuracy=0.649, val_f1=0.459, train_loss_epoch=0.897]
Epoch 6:  69%|██████▉   | 83/120 [18:59<08:28,  0.07it/s, v_num=6, train_loss_step=1.180, val_loss=0.887, val_mean_auc=0.663, val_mean_ap=0.361, val_accuracy=0.649, val_f1=0.459, train_loss_epoch=0.897]
Epoch 6:  69%|██████▉   | 83/120 [19:00<08:28,  0.07it/s, v_num=6, train_loss_step=0.763, val_loss=0.887, val_mean_auc=0.663, val_mean_ap=0.361, val_accuracy=0.649, val_f1=0.459, train_loss_epoch=0.897]
Epoch 6:  70%|███████   | 84/120 [19:26<08:20,  0.07it/s, v_num=6, train_loss_step=0.763, val_loss=0.887, val_mean_auc=0.663, val_mean_ap=0.361, val_accuracy=0.649, val_f1=0.459, train_loss_epoch=0.897]
Epoch 6:  70%|███████   | 84/120 [19:27<08:20,  0.07it/s, v_num=6, train_loss_step=0.782, val_loss=0.887, val_mean_auc=0.663, val_mean_ap=0.361, val_accuracy=0.649, val_f1=0.459, train_loss_epoch=0.897]
Epoch 6:  71%|███████   | 85/120 [19:27<08:00,  0.07it/s, v_num=6, train_loss_step=0.782, val_loss=0.887, val_mean_auc=0.663, val_mean_ap=0.361, val_accuracy=0.649, val_f1=0.459, train_loss_epoch=0.897]
Epoch 6:  71%|███████   | 85/120 [19:27<08:00,  0.07it/s, v_num=6, train_loss_step=0.753, val_loss=0.887, val_mean_auc=0.663, val_mean_ap=0.361, val_accuracy=0.649, val_f1=0.459, train_loss_epoch=0.897]
Epoch 6:  72%|███████▏  | 86/120 [19:50<07:50,  0.07it/s, v_num=6, train_loss_step=0.753, val_loss=0.887, val_mean_auc=0.663, val_mean_ap=0.361, val_accuracy=0.649, val_f1=0.459, train_loss_epoch=0.897]
Epoch 6:  72%|███████▏  | 86/120 [19:50<07:50,  0.07it/s, v_num=6, train_loss_step=0.547, val_loss=0.887, val_mean_auc=0.663, val_mean_ap=0.361, val_accuracy=0.649, val_f1=0.459, train_loss_epoch=0.897]
Epoch 6:  72%|███████▎  | 87/120 [19:50<07:31,  0.07it/s, v_num=6, train_loss_step=0.547, val_loss=0.887, val_mean_auc=0.663, val_mean_ap=0.361, val_accuracy=0.649, val_f1=0.459, train_loss_epoch=0.897]
Epoch 6:  72%|███████▎  | 87/120 [19:51<07:31,  0.07it/s, v_num=6, train_loss_step=0.722, val_loss=0.887, val_mean_auc=0.663, val_mean_ap=0.361, val_accuracy=0.649, val_f1=0.459, train_loss_epoch=0.897]
Epoch 6:  73%|███████▎  | 88/120 [20:09<07:19,  0.07it/s, v_num=6, train_loss_step=0.722, val_loss=0.887, val_mean_auc=0.663, val_mean_ap=0.361, val_accuracy=0.649, val_f1=0.459, train_loss_epoch=0.897]
Epoch 6:  73%|███████▎  | 88/120 [20:09<07:19,  0.07it/s, v_num=6, train_loss_step=0.999, val_loss=0.887, val_mean_auc=0.663, val_mean_ap=0.361, val_accuracy=0.649, val_f1=0.459, train_loss_epoch=0.897]
Epoch 6:  74%|███████▍  | 89/120 [20:09<07:01,  0.07it/s, v_num=6, train_loss_step=0.999, val_loss=0.887, val_mean_auc=0.663, val_mean_ap=0.361, val_accuracy=0.649, val_f1=0.459, train_loss_epoch=0.897]
Epoch 6:  74%|███████▍  | 89/120 [20:10<07:01,  0.07it/s, v_num=6, train_loss_step=0.859, val_loss=0.887, val_mean_auc=0.663, val_mean_ap=0.361, val_accuracy=0.649, val_f1=0.459, train_loss_epoch=0.897]
Epoch 6:  75%|███████▌  | 90/120 [20:29<06:49,  0.07it/s, v_num=6, train_loss_step=0.859, val_loss=0.887, val_mean_auc=0.663, val_mean_ap=0.361, val_accuracy=0.649, val_f1=0.459, train_loss_epoch=0.897]
Epoch 6:  75%|███████▌  | 90/120 [20:30<06:50,  0.07it/s, v_num=6, train_loss_step=1.100, val_loss=0.887, val_mean_auc=0.663, val_mean_ap=0.361, val_accuracy=0.649, val_f1=0.459, train_loss_epoch=0.897]
Epoch 6:  76%|███████▌  | 91/120 [20:30<06:32,  0.07it/s, v_num=6, train_loss_step=1.100, val_loss=0.887, val_mean_auc=0.663, val_mean_ap=0.361, val_accuracy=0.649, val_f1=0.459, train_loss_epoch=0.897]
Epoch 6:  76%|███████▌  | 91/120 [20:30<06:32,  0.07it/s, v_num=6, train_loss_step=0.684, val_loss=0.887, val_mean_auc=0.663, val_mean_ap=0.361, val_accuracy=0.649, val_f1=0.459, train_loss_epoch=0.897]
Epoch 6:  77%|███████▋  | 92/120 [20:57<06:22,  0.07it/s, v_num=6, train_loss_step=0.684, val_loss=0.887, val_mean_auc=0.663, val_mean_ap=0.361, val_accuracy=0.649, val_f1=0.459, train_loss_epoch=0.897]
Epoch 6:  77%|███████▋  | 92/120 [20:57<06:22,  0.07it/s, v_num=6, train_loss_step=0.949, val_loss=0.887, val_mean_auc=0.663, val_mean_ap=0.361, val_accuracy=0.649, val_f1=0.459, train_loss_epoch=0.897]
Epoch 6:  78%|███████▊  | 93/120 [20:57<06:05,  0.07it/s, v_num=6, train_loss_step=0.949, val_loss=0.887, val_mean_auc=0.663, val_mean_ap=0.361, val_accuracy=0.649, val_f1=0.459, train_loss_epoch=0.897]
Epoch 6:  78%|███████▊  | 93/120 [20:57<06:05,  0.07it/s, v_num=6, train_loss_step=0.860, val_loss=0.887, val_mean_auc=0.663, val_mean_ap=0.361, val_accuracy=0.649, val_f1=0.459, train_loss_epoch=0.897]
Epoch 6:  78%|███████▊  | 94/120 [21:26<05:55,  0.07it/s, v_num=6, train_loss_step=0.860, val_loss=0.887, val_mean_auc=0.663, val_mean_ap=0.361, val_accuracy=0.649, val_f1=0.459, train_loss_epoch=0.897]
Epoch 6:  78%|███████▊  | 94/120 [21:26<05:55,  0.07it/s, v_num=6, train_loss_step=1.060, val_loss=0.887, val_mean_auc=0.663, val_mean_ap=0.361, val_accuracy=0.649, val_f1=0.459, train_loss_epoch=0.897]
Epoch 6:  79%|███████▉  | 95/120 [21:26<05:38,  0.07it/s, v_num=6, train_loss_step=1.060, val_loss=0.887, val_mean_auc=0.663, val_mean_ap=0.361, val_accuracy=0.649, val_f1=0.459, train_loss_epoch=0.897]
Epoch 6:  79%|███████▉  | 95/120 [21:26<05:38,  0.07it/s, v_num=6, train_loss_step=0.739, val_loss=0.887, val_mean_auc=0.663, val_mean_ap=0.361, val_accuracy=0.649, val_f1=0.459, train_loss_epoch=0.897]
Epoch 6:  80%|████████  | 96/120 [21:52<05:28,  0.07it/s, v_num=6, train_loss_step=0.739, val_loss=0.887, val_mean_auc=0.663, val_mean_ap=0.361, val_accuracy=0.649, val_f1=0.459, train_loss_epoch=0.897]
Epoch 6:  80%|████████  | 96/120 [21:52<05:28,  0.07it/s, v_num=6, train_loss_step=0.724, val_loss=0.887, val_mean_auc=0.663, val_mean_ap=0.361, val_accuracy=0.649, val_f1=0.459, train_loss_epoch=0.897]
Epoch 6:  81%|████████  | 97/120 [21:52<05:11,  0.07it/s, v_num=6, train_loss_step=0.724, val_loss=0.887, val_mean_auc=0.663, val_mean_ap=0.361, val_accuracy=0.649, val_f1=0.459, train_loss_epoch=0.897]
Epoch 6:  81%|████████  | 97/120 [21:53<05:11,  0.07it/s, v_num=6, train_loss_step=1.260, val_loss=0.887, val_mean_auc=0.663, val_mean_ap=0.361, val_accuracy=0.649, val_f1=0.459, train_loss_epoch=0.897]
Epoch 6:  82%|████████▏ | 98/120 [22:22<05:01,  0.07it/s, v_num=6, train_loss_step=1.260, val_loss=0.887, val_mean_auc=0.663, val_mean_ap=0.361, val_accuracy=0.649, val_f1=0.459, train_loss_epoch=0.897]
Epoch 6:  82%|████████▏ | 98/120 [22:22<05:01,  0.07it/s, v_num=6, train_loss_step=0.841, val_loss=0.887, val_mean_auc=0.663, val_mean_ap=0.361, val_accuracy=0.649, val_f1=0.459, train_loss_epoch=0.897]
Epoch 6:  82%|████████▎ | 99/120 [22:22<04:44,  0.07it/s, v_num=6, train_loss_step=0.841, val_loss=0.887, val_mean_auc=0.663, val_mean_ap=0.361, val_accuracy=0.649, val_f1=0.459, train_loss_epoch=0.897]
Epoch 6:  82%|████████▎ | 99/120 [22:23<04:44,  0.07it/s, v_num=6, train_loss_step=0.824, val_loss=0.887, val_mean_auc=0.663, val_mean_ap=0.361, val_accuracy=0.649, val_f1=0.459, train_loss_epoch=0.897]
Epoch 6:  83%|████████▎ | 100/120 [22:47<04:33,  0.07it/s, v_num=6, train_loss_step=0.824, val_loss=0.887, val_mean_auc=0.663, val_mean_ap=0.361, val_accuracy=0.649, val_f1=0.459, train_loss_epoch=0.897]
Epoch 6:  83%|████████▎ | 100/120 [22:47<04:33,  0.07it/s, v_num=6, train_loss_step=1.050, val_loss=0.887, val_mean_auc=0.663, val_mean_ap=0.361, val_accuracy=0.649, val_f1=0.459, train_loss_epoch=0.897]
Epoch 6:  84%|████████▍ | 101/120 [22:47<04:17,  0.07it/s, v_num=6, train_loss_step=1.050, val_loss=0.887, val_mean_auc=0.663, val_mean_ap=0.361, val_accuracy=0.649, val_f1=0.459, train_loss_epoch=0.897]
Epoch 6:  84%|████████▍ | 101/120 [22:48<04:17,  0.07it/s, v_num=6, train_loss_step=0.772, val_loss=0.887, val_mean_auc=0.663, val_mean_ap=0.361, val_accuracy=0.649, val_f1=0.459, train_loss_epoch=0.897]
Epoch 6:  85%|████████▌ | 102/120 [23:11<04:05,  0.07it/s, v_num=6, train_loss_step=0.772, val_loss=0.887, val_mean_auc=0.663, val_mean_ap=0.361, val_accuracy=0.649, val_f1=0.459, train_loss_epoch=0.897]
Epoch 6:  85%|████████▌ | 102/120 [23:11<04:05,  0.07it/s, v_num=6, train_loss_step=1.080, val_loss=0.887, val_mean_auc=0.663, val_mean_ap=0.361, val_accuracy=0.649, val_f1=0.459, train_loss_epoch=0.897]
Epoch 6:  86%|████████▌ | 103/120 [23:11<03:49,  0.07it/s, v_num=6, train_loss_step=1.080, val_loss=0.887, val_mean_auc=0.663, val_mean_ap=0.361, val_accuracy=0.649, val_f1=0.459, train_loss_epoch=0.897]
Epoch 6:  86%|████████▌ | 103/120 [23:12<03:49,  0.07it/s, v_num=6, train_loss_step=0.709, val_loss=0.887, val_mean_auc=0.663, val_mean_ap=0.361, val_accuracy=0.649, val_f1=0.459, train_loss_epoch=0.897]
Epoch 6:  87%|████████▋ | 104/120 [23:44<03:39,  0.07it/s, v_num=6, train_loss_step=0.709, val_loss=0.887, val_mean_auc=0.663, val_mean_ap=0.361, val_accuracy=0.649, val_f1=0.459, train_loss_epoch=0.897]
Epoch 6:  87%|████████▋ | 104/120 [23:44<03:39,  0.07it/s, v_num=6, train_loss_step=0.979, val_loss=0.887, val_mean_auc=0.663, val_mean_ap=0.361, val_accuracy=0.649, val_f1=0.459, train_loss_epoch=0.897]
Epoch 6:  88%|████████▊ | 105/120 [23:44<03:23,  0.07it/s, v_num=6, train_loss_step=0.979, val_loss=0.887, val_mean_auc=0.663, val_mean_ap=0.361, val_accuracy=0.649, val_f1=0.459, train_loss_epoch=0.897]
Epoch 6:  88%|████████▊ | 105/120 [23:45<03:23,  0.07it/s, v_num=6, train_loss_step=0.512, val_loss=0.887, val_mean_auc=0.663, val_mean_ap=0.361, val_accuracy=0.649, val_f1=0.459, train_loss_epoch=0.897]
Epoch 6:  88%|████████▊ | 106/120 [24:13<03:11,  0.07it/s, v_num=6, train_loss_step=0.512, val_loss=0.887, val_mean_auc=0.663, val_mean_ap=0.361, val_accuracy=0.649, val_f1=0.459, train_loss_epoch=0.897]
Epoch 6:  88%|████████▊ | 106/120 [24:13<03:12,  0.07it/s, v_num=6, train_loss_step=0.799, val_loss=0.887, val_mean_auc=0.663, val_mean_ap=0.361, val_accuracy=0.649, val_f1=0.459, train_loss_epoch=0.897]
Epoch 6:  89%|████████▉ | 107/120 [24:13<02:56,  0.07it/s, v_num=6, train_loss_step=0.799, val_loss=0.887, val_mean_auc=0.663, val_mean_ap=0.361, val_accuracy=0.649, val_f1=0.459, train_loss_epoch=0.897]
Epoch 6:  89%|████████▉ | 107/120 [24:14<02:56,  0.07it/s, v_num=6, train_loss_step=0.967, val_loss=0.887, val_mean_auc=0.663, val_mean_ap=0.361, val_accuracy=0.649, val_f1=0.459, train_loss_epoch=0.897]
Epoch 6:  90%|█████████ | 108/120 [24:35<02:43,  0.07it/s, v_num=6, train_loss_step=0.967, val_loss=0.887, val_mean_auc=0.663, val_mean_ap=0.361, val_accuracy=0.649, val_f1=0.459, train_loss_epoch=0.897]
Epoch 6:  90%|█████████ | 108/120 [24:35<02:43,  0.07it/s, v_num=6, train_loss_step=0.900, val_loss=0.887, val_mean_auc=0.663, val_mean_ap=0.361, val_accuracy=0.649, val_f1=0.459, train_loss_epoch=0.897]
Epoch 6:  91%|█████████ | 109/120 [24:35<02:28,  0.07it/s, v_num=6, train_loss_step=0.900, val_loss=0.887, val_mean_auc=0.663, val_mean_ap=0.361, val_accuracy=0.649, val_f1=0.459, train_loss_epoch=0.897]
Epoch 6:  91%|█████████ | 109/120 [24:36<02:28,  0.07it/s, v_num=6, train_loss_step=1.070, val_loss=0.887, val_mean_auc=0.663, val_mean_ap=0.361, val_accuracy=0.649, val_f1=0.459, train_loss_epoch=0.897]
Epoch 6:  92%|█████████▏| 110/120 [25:10<02:17,  0.07it/s, v_num=6, train_loss_step=1.070, val_loss=0.887, val_mean_auc=0.663, val_mean_ap=0.361, val_accuracy=0.649, val_f1=0.459, train_loss_epoch=0.897]
Epoch 6:  92%|█████████▏| 110/120 [25:10<02:17,  0.07it/s, v_num=6, train_loss_step=0.782, val_loss=0.887, val_mean_auc=0.663, val_mean_ap=0.361, val_accuracy=0.649, val_f1=0.459, train_loss_epoch=0.897]
Epoch 6:  92%|█████████▎| 111/120 [25:10<02:02,  0.07it/s, v_num=6, train_loss_step=0.782, val_loss=0.887, val_mean_auc=0.663, val_mean_ap=0.361, val_accuracy=0.649, val_f1=0.459, train_loss_epoch=0.897]
Epoch 6:  92%|█████████▎| 111/120 [25:11<02:02,  0.07it/s, v_num=6, train_loss_step=1.190, val_loss=0.887, val_mean_auc=0.663, val_mean_ap=0.361, val_accuracy=0.649, val_f1=0.459, train_loss_epoch=0.897]
Epoch 6:  93%|█████████▎| 112/120 [25:35<01:49,  0.07it/s, v_num=6, train_loss_step=1.190, val_loss=0.887, val_mean_auc=0.663, val_mean_ap=0.361, val_accuracy=0.649, val_f1=0.459, train_loss_epoch=0.897]
Epoch 6:  93%|█████████▎| 112/120 [25:35<01:49,  0.07it/s, v_num=6, train_loss_step=0.906, val_loss=0.887, val_mean_auc=0.663, val_mean_ap=0.361, val_accuracy=0.649, val_f1=0.459, train_loss_epoch=0.897]
Epoch 6:  94%|█████████▍| 113/120 [25:35<01:35,  0.07it/s, v_num=6, train_loss_step=0.906, val_loss=0.887, val_mean_auc=0.663, val_mean_ap=0.361, val_accuracy=0.649, val_f1=0.459, train_loss_epoch=0.897]
Epoch 6:  94%|█████████▍| 113/120 [25:36<01:35,  0.07it/s, v_num=6, train_loss_step=0.659, val_loss=0.887, val_mean_auc=0.663, val_mean_ap=0.361, val_accuracy=0.649, val_f1=0.459, train_loss_epoch=0.897]
Epoch 6:  95%|█████████▌| 114/120 [26:01<01:22,  0.07it/s, v_num=6, train_loss_step=0.659, val_loss=0.887, val_mean_auc=0.663, val_mean_ap=0.361, val_accuracy=0.649, val_f1=0.459, train_loss_epoch=0.897]
Epoch 6:  95%|█████████▌| 114/120 [26:01<01:22,  0.07it/s, v_num=6, train_loss_step=0.686, val_loss=0.887, val_mean_auc=0.663, val_mean_ap=0.361, val_accuracy=0.649, val_f1=0.459, train_loss_epoch=0.897]
Epoch 6:  96%|█████████▌| 115/120 [26:01<01:07,  0.07it/s, v_num=6, train_loss_step=0.686, val_loss=0.887, val_mean_auc=0.663, val_mean_ap=0.361, val_accuracy=0.649, val_f1=0.459, train_loss_epoch=0.897]
Epoch 6:  96%|█████████▌| 115/120 [26:02<01:07,  0.07it/s, v_num=6, train_loss_step=0.828, val_loss=0.887, val_mean_auc=0.663, val_mean_ap=0.361, val_accuracy=0.649, val_f1=0.459, train_loss_epoch=0.897]
Epoch 6:  97%|█████████▋| 116/120 [26:29<00:54,  0.07it/s, v_num=6, train_loss_step=0.828, val_loss=0.887, val_mean_auc=0.663, val_mean_ap=0.361, val_accuracy=0.649, val_f1=0.459, train_loss_epoch=0.897]
Epoch 6:  97%|█████████▋| 116/120 [26:29<00:54,  0.07it/s, v_num=6, train_loss_step=0.787, val_loss=0.887, val_mean_auc=0.663, val_mean_ap=0.361, val_accuracy=0.649, val_f1=0.459, train_loss_epoch=0.897]
Epoch 6:  98%|█████████▊| 117/120 [26:29<00:40,  0.07it/s, v_num=6, train_loss_step=0.787, val_loss=0.887, val_mean_auc=0.663, val_mean_ap=0.361, val_accuracy=0.649, val_f1=0.459, train_loss_epoch=0.897]
Epoch 6:  98%|█████████▊| 117/120 [26:30<00:40,  0.07it/s, v_num=6, train_loss_step=0.922, val_loss=0.887, val_mean_auc=0.663, val_mean_ap=0.361, val_accuracy=0.649, val_f1=0.459, train_loss_epoch=0.897]
Epoch 6:  98%|█████████▊| 118/120 [27:01<00:27,  0.07it/s, v_num=6, train_loss_step=0.922, val_loss=0.887, val_mean_auc=0.663, val_mean_ap=0.361, val_accuracy=0.649, val_f1=0.459, train_loss_epoch=0.897]
Epoch 6:  98%|█████████▊| 118/120 [27:01<00:27,  0.07it/s, v_num=6, train_loss_step=0.739, val_loss=0.887, val_mean_auc=0.663, val_mean_ap=0.361, val_accuracy=0.649, val_f1=0.459, train_loss_epoch=0.897]
Epoch 6:  99%|█████████▉| 119/120 [27:01<00:13,  0.07it/s, v_num=6, train_loss_step=0.739, val_loss=0.887, val_mean_auc=0.663, val_mean_ap=0.361, val_accuracy=0.649, val_f1=0.459, train_loss_epoch=0.897]
Epoch 6:  99%|█████████▉| 119/120 [27:02<00:13,  0.07it/s, v_num=6, train_loss_step=0.994, val_loss=0.887, val_mean_auc=0.663, val_mean_ap=0.361, val_accuracy=0.649, val_f1=0.459, train_loss_epoch=0.897]
Epoch 6: 100%|██████████| 120/120 [27:27<00:00,  0.07it/s, v_num=6, train_loss_step=0.994, val_loss=0.887, val_mean_auc=0.663, val_mean_ap=0.361, val_accuracy=0.649, val_f1=0.459, train_loss_epoch=0.897]
Epoch 6: 100%|██████████| 120/120 [27:27<00:00,  0.07it/s, v_num=6, train_loss_step=0.939, val_loss=0.887, val_mean_auc=0.663, val_mean_ap=0.361, val_accuracy=0.649, val_f1=0.459, train_loss_epoch=0.897]

Validation: |          | 0/? [00:00<?, ?it/s][A

Validation: |          | 0/? [00:00<?, ?it/s][A

Validation DataLoader 0:   0%|          | 0/15 [00:00<?, ?it/s][A

Validation DataLoader 0:   7%|▋         | 1/15 [00:00<00:06,  2.04it/s][A

Validation DataLoader 0:  13%|█▎        | 2/15 [00:00<00:06,  2.07it/s][A

Validation DataLoader 0:  20%|██        | 3/15 [00:22<01:30,  0.13it/s][A

Validation DataLoader 0:  27%|██▋       | 4/15 [00:23<01:03,  0.17it/s][A

Validation DataLoader 0:  33%|███▎      | 5/15 [00:46<01:33,  0.11it/s][A

Validation DataLoader 0:  40%|████      | 6/15 [00:47<01:10,  0.13it/s][A

Validation DataLoader 0:  47%|████▋     | 7/15 [01:07<01:17,  0.10it/s][A

Validation DataLoader 0:  53%|█████▎    | 8/15 [01:08<01:00,  0.12it/s][A

Validation DataLoader 0:  60%|██████    | 9/15 [01:25<00:56,  0.11it/s][A

Validation DataLoader 0:  67%|██████▋   | 10/15 [01:33<00:46,  0.11it/s][A

Validation DataLoader 0:  73%|███████▎  | 11/15 [01:51<00:40,  0.10it/s][A

Validation DataLoader 0:  80%|████████  | 12/15 [01:54<00:28,  0.10it/s][A

Validation DataLoader 0:  87%|████████▋ | 13/15 [02:15<00:20,  0.10it/s][A

Validation DataLoader 0:  93%|█████████▎| 14/15 [02:20<00:10,  0.10it/s][A

Validation DataLoader 0: 100%|██████████| 15/15 [02:33<00:00,  0.10it/s][A

                                                                        [A
Epoch 6: 100%|██████████| 120/120 [30:28<00:00,  0.07it/s, v_num=6, train_loss_step=0.939, val_loss=0.890, val_mean_auc=0.674, val_mean_ap=0.367, val_accuracy=0.646, val_f1=0.472, train_loss_epoch=0.897]
Epoch 6: 100%|██████████| 120/120 [30:28<00:00,  0.07it/s, v_num=6, train_loss_step=0.939, val_loss=0.890, val_mean_auc=0.674, val_mean_ap=0.367, val_accuracy=0.646, val_f1=0.472, train_loss_epoch=0.887]
Epoch 6:   0%|          | 0/120 [00:00<?, ?it/s, v_num=6, train_loss_step=0.939, val_loss=0.890, val_mean_auc=0.674, val_mean_ap=0.367, val_accuracy=0.646, val_f1=0.472, train_loss_epoch=0.887]          
Epoch 7:   0%|          | 0/120 [00:00<?, ?it/s, v_num=6, train_loss_step=0.939, val_loss=0.890, val_mean_auc=0.674, val_mean_ap=0.367, val_accuracy=0.646, val_f1=0.472, train_loss_epoch=0.887]
Epoch 7:   1%|          | 1/120 [00:30<59:33,  0.03it/s, v_num=6, train_loss_step=0.939, val_loss=0.890, val_mean_auc=0.674, val_mean_ap=0.367, val_accuracy=0.646, val_f1=0.472, train_loss_epoch=0.887]
Epoch 7:   1%|          | 1/120 [00:30<1:00:25,  0.03it/s, v_num=6, train_loss_step=1.150, val_loss=0.890, val_mean_auc=0.674, val_mean_ap=0.367, val_accuracy=0.646, val_f1=0.472, train_loss_epoch=0.887]
Epoch 7:   2%|▏         | 2/120 [00:30<30:00,  0.07it/s, v_num=6, train_loss_step=1.150, val_loss=0.890, val_mean_auc=0.674, val_mean_ap=0.367, val_accuracy=0.646, val_f1=0.472, train_loss_epoch=0.887]  
Epoch 7:   2%|▏         | 2/120 [00:30<30:25,  0.06it/s, v_num=6, train_loss_step=1.090, val_loss=0.890, val_mean_auc=0.674, val_mean_ap=0.367, val_accuracy=0.646, val_f1=0.472, train_loss_epoch=0.887]
Epoch 7:   2%|▎         | 3/120 [00:53<34:56,  0.06it/s, v_num=6, train_loss_step=1.090, val_loss=0.890, val_mean_auc=0.674, val_mean_ap=0.367, val_accuracy=0.646, val_f1=0.472, train_loss_epoch=0.887]
Epoch 7:   2%|▎         | 3/120 [00:54<35:14,  0.06it/s, v_num=6, train_loss_step=0.819, val_loss=0.890, val_mean_auc=0.674, val_mean_ap=0.367, val_accuracy=0.646, val_f1=0.472, train_loss_epoch=0.887]
Epoch 7:   3%|▎         | 4/120 [00:54<26:13,  0.07it/s, v_num=6, train_loss_step=0.819, val_loss=0.890, val_mean_auc=0.674, val_mean_ap=0.367, val_accuracy=0.646, val_f1=0.472, train_loss_epoch=0.887]
Epoch 7:   3%|▎         | 4/120 [00:54<26:25,  0.07it/s, v_num=6, train_loss_step=0.803, val_loss=0.890, val_mean_auc=0.674, val_mean_ap=0.367, val_accuracy=0.646, val_f1=0.472, train_loss_epoch=0.887]
Epoch 7:   4%|▍         | 5/120 [01:23<31:53,  0.06it/s, v_num=6, train_loss_step=0.803, val_loss=0.890, val_mean_auc=0.674, val_mean_ap=0.367, val_accuracy=0.646, val_f1=0.472, train_loss_epoch=0.887]
Epoch 7:   4%|▍         | 5/120 [01:23<32:03,  0.06it/s, v_num=6, train_loss_step=0.810, val_loss=0.890, val_mean_auc=0.674, val_mean_ap=0.367, val_accuracy=0.646, val_f1=0.472, train_loss_epoch=0.887]
Epoch 7:   5%|▌         | 6/120 [01:23<26:30,  0.07it/s, v_num=6, train_loss_step=0.810, val_loss=0.890, val_mean_auc=0.674, val_mean_ap=0.367, val_accuracy=0.646, val_f1=0.472, train_loss_epoch=0.887]
Epoch 7:   5%|▌         | 6/120 [01:24<26:38,  0.07it/s, v_num=6, train_loss_step=1.030, val_loss=0.890, val_mean_auc=0.674, val_mean_ap=0.367, val_accuracy=0.646, val_f1=0.472, train_loss_epoch=0.887]
Epoch 7:   6%|▌         | 7/120 [01:59<32:04,  0.06it/s, v_num=6, train_loss_step=1.030, val_loss=0.890, val_mean_auc=0.674, val_mean_ap=0.367, val_accuracy=0.646, val_f1=0.472, train_loss_epoch=0.887]
Epoch 7:   6%|▌         | 7/120 [01:59<32:11,  0.06it/s, v_num=6, train_loss_step=1.000, val_loss=0.890, val_mean_auc=0.674, val_mean_ap=0.367, val_accuracy=0.646, val_f1=0.472, train_loss_epoch=0.887]
Epoch 7:   7%|▋         | 8/120 [01:59<27:55,  0.07it/s, v_num=6, train_loss_step=1.000, val_loss=0.890, val_mean_auc=0.674, val_mean_ap=0.367, val_accuracy=0.646, val_f1=0.472, train_loss_epoch=0.887]
Epoch 7:   7%|▋         | 8/120 [02:00<28:01,  0.07it/s, v_num=6, train_loss_step=0.706, val_loss=0.890, val_mean_auc=0.674, val_mean_ap=0.367, val_accuracy=0.646, val_f1=0.472, train_loss_epoch=0.887]
Epoch 7:   8%|▊         | 9/120 [02:25<29:52,  0.06it/s, v_num=6, train_loss_step=0.706, val_loss=0.890, val_mean_auc=0.674, val_mean_ap=0.367, val_accuracy=0.646, val_f1=0.472, train_loss_epoch=0.887]
Epoch 7:   8%|▊         | 9/120 [02:25<29:57,  0.06it/s, v_num=6, train_loss_step=0.585, val_loss=0.890, val_mean_auc=0.674, val_mean_ap=0.367, val_accuracy=0.646, val_f1=0.472, train_loss_epoch=0.887]
Epoch 7:   8%|▊         | 10/120 [02:25<26:43,  0.07it/s, v_num=6, train_loss_step=0.585, val_loss=0.890, val_mean_auc=0.674, val_mean_ap=0.367, val_accuracy=0.646, val_f1=0.472, train_loss_epoch=0.887]
Epoch 7:   8%|▊         | 10/120 [02:26<26:48,  0.07it/s, v_num=6, train_loss_step=0.491, val_loss=0.890, val_mean_auc=0.674, val_mean_ap=0.367, val_accuracy=0.646, val_f1=0.472, train_loss_epoch=0.887]
Epoch 7:   9%|▉         | 11/120 [02:49<27:58,  0.06it/s, v_num=6, train_loss_step=0.491, val_loss=0.890, val_mean_auc=0.674, val_mean_ap=0.367, val_accuracy=0.646, val_f1=0.472, train_loss_epoch=0.887]
Epoch 7:   9%|▉         | 11/120 [02:49<28:02,  0.06it/s, v_num=6, train_loss_step=0.781, val_loss=0.890, val_mean_auc=0.674, val_mean_ap=0.367, val_accuracy=0.646, val_f1=0.472, train_loss_epoch=0.887]
Epoch 7:  10%|█         | 12/120 [02:49<25:28,  0.07it/s, v_num=6, train_loss_step=0.781, val_loss=0.890, val_mean_auc=0.674, val_mean_ap=0.367, val_accuracy=0.646, val_f1=0.472, train_loss_epoch=0.887]
Epoch 7:  10%|█         | 12/120 [02:50<25:32,  0.07it/s, v_num=6, train_loss_step=0.564, val_loss=0.890, val_mean_auc=0.674, val_mean_ap=0.367, val_accuracy=0.646, val_f1=0.472, train_loss_epoch=0.887]
Epoch 7:  11%|█         | 13/120 [03:20<27:28,  0.06it/s, v_num=6, train_loss_step=0.564, val_loss=0.890, val_mean_auc=0.674, val_mean_ap=0.367, val_accuracy=0.646, val_f1=0.472, train_loss_epoch=0.887]
Epoch 7:  11%|█         | 13/120 [03:20<27:32,  0.06it/s, v_num=6, train_loss_step=1.210, val_loss=0.890, val_mean_auc=0.674, val_mean_ap=0.367, val_accuracy=0.646, val_f1=0.472, train_loss_epoch=0.887]
Epoch 7:  12%|█▏        | 14/120 [03:20<25:20,  0.07it/s, v_num=6, train_loss_step=1.210, val_loss=0.890, val_mean_auc=0.674, val_mean_ap=0.367, val_accuracy=0.646, val_f1=0.472, train_loss_epoch=0.887]
Epoch 7:  12%|█▏        | 14/120 [03:21<25:23,  0.07it/s, v_num=6, train_loss_step=0.762, val_loss=0.890, val_mean_auc=0.674, val_mean_ap=0.367, val_accuracy=0.646, val_f1=0.472, train_loss_epoch=0.887]
Epoch 7:  12%|█▎        | 15/120 [03:44<26:12,  0.07it/s, v_num=6, train_loss_step=0.762, val_loss=0.890, val_mean_auc=0.674, val_mean_ap=0.367, val_accuracy=0.646, val_f1=0.472, train_loss_epoch=0.887]
Epoch 7:  12%|█▎        | 15/120 [03:45<26:15,  0.07it/s, v_num=6, train_loss_step=0.805, val_loss=0.890, val_mean_auc=0.674, val_mean_ap=0.367, val_accuracy=0.646, val_f1=0.472, train_loss_epoch=0.887]
Epoch 7:  13%|█▎        | 16/120 [03:45<24:23,  0.07it/s, v_num=6, train_loss_step=0.805, val_loss=0.890, val_mean_auc=0.674, val_mean_ap=0.367, val_accuracy=0.646, val_f1=0.472, train_loss_epoch=0.887]
Epoch 7:  13%|█▎        | 16/120 [03:45<24:26,  0.07it/s, v_num=6, train_loss_step=0.606, val_loss=0.890, val_mean_auc=0.674, val_mean_ap=0.367, val_accuracy=0.646, val_f1=0.472, train_loss_epoch=0.887]
Epoch 7:  14%|█▍        | 17/120 [04:05<24:47,  0.07it/s, v_num=6, train_loss_step=0.606, val_loss=0.890, val_mean_auc=0.674, val_mean_ap=0.367, val_accuracy=0.646, val_f1=0.472, train_loss_epoch=0.887]
Epoch 7:  14%|█▍        | 17/120 [04:06<24:50,  0.07it/s, v_num=6, train_loss_step=1.110, val_loss=0.890, val_mean_auc=0.674, val_mean_ap=0.367, val_accuracy=0.646, val_f1=0.472, train_loss_epoch=0.887]
Epoch 7:  15%|█▌        | 18/120 [04:06<23:14,  0.07it/s, v_num=6, train_loss_step=1.110, val_loss=0.890, val_mean_auc=0.674, val_mean_ap=0.367, val_accuracy=0.646, val_f1=0.472, train_loss_epoch=0.887]
Epoch 7:  15%|█▌        | 18/120 [04:06<23:16,  0.07it/s, v_num=6, train_loss_step=0.785, val_loss=0.890, val_mean_auc=0.674, val_mean_ap=0.367, val_accuracy=0.646, val_f1=0.472, train_loss_epoch=0.887]
Epoch 7:  16%|█▌        | 19/120 [04:32<24:08,  0.07it/s, v_num=6, train_loss_step=0.785, val_loss=0.890, val_mean_auc=0.674, val_mean_ap=0.367, val_accuracy=0.646, val_f1=0.472, train_loss_epoch=0.887]
Epoch 7:  16%|█▌        | 19/120 [04:32<24:10,  0.07it/s, v_num=6, train_loss_step=0.991, val_loss=0.890, val_mean_auc=0.674, val_mean_ap=0.367, val_accuracy=0.646, val_f1=0.472, train_loss_epoch=0.887]
Epoch 7:  17%|█▋        | 20/120 [04:32<22:44,  0.07it/s, v_num=6, train_loss_step=0.991, val_loss=0.890, val_mean_auc=0.674, val_mean_ap=0.367, val_accuracy=0.646, val_f1=0.472, train_loss_epoch=0.887]
Epoch 7:  17%|█▋        | 20/120 [04:33<22:46,  0.07it/s, v_num=6, train_loss_step=0.613, val_loss=0.890, val_mean_auc=0.674, val_mean_ap=0.367, val_accuracy=0.646, val_f1=0.472, train_loss_epoch=0.887]
Epoch 7:  18%|█▊        | 21/120 [04:59<23:29,  0.07it/s, v_num=6, train_loss_step=0.613, val_loss=0.890, val_mean_auc=0.674, val_mean_ap=0.367, val_accuracy=0.646, val_f1=0.472, train_loss_epoch=0.887]
Epoch 7:  18%|█▊        | 21/120 [04:59<23:32,  0.07it/s, v_num=6, train_loss_step=0.755, val_loss=0.890, val_mean_auc=0.674, val_mean_ap=0.367, val_accuracy=0.646, val_f1=0.472, train_loss_epoch=0.887]
Epoch 7:  18%|█▊        | 22/120 [04:59<22:14,  0.07it/s, v_num=6, train_loss_step=0.755, val_loss=0.890, val_mean_auc=0.674, val_mean_ap=0.367, val_accuracy=0.646, val_f1=0.472, train_loss_epoch=0.887]
Epoch 7:  18%|█▊        | 22/120 [04:59<22:16,  0.07it/s, v_num=6, train_loss_step=1.210, val_loss=0.890, val_mean_auc=0.674, val_mean_ap=0.367, val_accuracy=0.646, val_f1=0.472, train_loss_epoch=0.887]
Epoch 7:  19%|█▉        | 23/120 [05:22<22:39,  0.07it/s, v_num=6, train_loss_step=1.210, val_loss=0.890, val_mean_auc=0.674, val_mean_ap=0.367, val_accuracy=0.646, val_f1=0.472, train_loss_epoch=0.887]
Epoch 7:  19%|█▉        | 23/120 [05:22<22:41,  0.07it/s, v_num=6, train_loss_step=0.909, val_loss=0.890, val_mean_auc=0.674, val_mean_ap=0.367, val_accuracy=0.646, val_f1=0.472, train_loss_epoch=0.887]
Epoch 7:  20%|██        | 24/120 [05:22<21:31,  0.07it/s, v_num=6, train_loss_step=0.909, val_loss=0.890, val_mean_auc=0.674, val_mean_ap=0.367, val_accuracy=0.646, val_f1=0.472, train_loss_epoch=0.887]
Epoch 7:  20%|██        | 24/120 [05:23<21:33,  0.07it/s, v_num=6, train_loss_step=0.561, val_loss=0.890, val_mean_auc=0.674, val_mean_ap=0.367, val_accuracy=0.646, val_f1=0.472, train_loss_epoch=0.887]
Epoch 7:  21%|██        | 25/120 [05:56<22:33,  0.07it/s, v_num=6, train_loss_step=0.561, val_loss=0.890, val_mean_auc=0.674, val_mean_ap=0.367, val_accuracy=0.646, val_f1=0.472, train_loss_epoch=0.887]
Epoch 7:  21%|██        | 25/120 [05:56<22:35,  0.07it/s, v_num=6, train_loss_step=0.688, val_loss=0.890, val_mean_auc=0.674, val_mean_ap=0.367, val_accuracy=0.646, val_f1=0.472, train_loss_epoch=0.887]
Epoch 7:  22%|██▏       | 26/120 [05:56<21:29,  0.07it/s, v_num=6, train_loss_step=0.688, val_loss=0.890, val_mean_auc=0.674, val_mean_ap=0.367, val_accuracy=0.646, val_f1=0.472, train_loss_epoch=0.887]
Epoch 7:  22%|██▏       | 26/120 [05:57<21:31,  0.07it/s, v_num=6, train_loss_step=0.777, val_loss=0.890, val_mean_auc=0.674, val_mean_ap=0.367, val_accuracy=0.646, val_f1=0.472, train_loss_epoch=0.887]
Epoch 7:  22%|██▎       | 27/120 [06:17<21:40,  0.07it/s, v_num=6, train_loss_step=0.777, val_loss=0.890, val_mean_auc=0.674, val_mean_ap=0.367, val_accuracy=0.646, val_f1=0.472, train_loss_epoch=0.887]
Epoch 7:  22%|██▎       | 27/120 [06:17<21:41,  0.07it/s, v_num=6, train_loss_step=0.842, val_loss=0.890, val_mean_auc=0.674, val_mean_ap=0.367, val_accuracy=0.646, val_f1=0.472, train_loss_epoch=0.887]
Epoch 7:  23%|██▎       | 28/120 [06:17<20:41,  0.07it/s, v_num=6, train_loss_step=0.842, val_loss=0.890, val_mean_auc=0.674, val_mean_ap=0.367, val_accuracy=0.646, val_f1=0.472, train_loss_epoch=0.887]
Epoch 7:  23%|██▎       | 28/120 [06:18<20:43,  0.07it/s, v_num=6, train_loss_step=0.690, val_loss=0.890, val_mean_auc=0.674, val_mean_ap=0.367, val_accuracy=0.646, val_f1=0.472, train_loss_epoch=0.887]
Epoch 7:  24%|██▍       | 29/120 [06:49<21:25,  0.07it/s, v_num=6, train_loss_step=0.690, val_loss=0.890, val_mean_auc=0.674, val_mean_ap=0.367, val_accuracy=0.646, val_f1=0.472, train_loss_epoch=0.887]
Epoch 7:  24%|██▍       | 29/120 [06:50<21:26,  0.07it/s, v_num=6, train_loss_step=0.639, val_loss=0.890, val_mean_auc=0.674, val_mean_ap=0.367, val_accuracy=0.646, val_f1=0.472, train_loss_epoch=0.887]
Epoch 7:  25%|██▌       | 30/120 [06:50<20:30,  0.07it/s, v_num=6, train_loss_step=0.639, val_loss=0.890, val_mean_auc=0.674, val_mean_ap=0.367, val_accuracy=0.646, val_f1=0.472, train_loss_epoch=0.887]
Epoch 7:  25%|██▌       | 30/120 [06:50<20:31,  0.07it/s, v_num=6, train_loss_step=0.733, val_loss=0.890, val_mean_auc=0.674, val_mean_ap=0.367, val_accuracy=0.646, val_f1=0.472, train_loss_epoch=0.887]
Epoch 7:  26%|██▌       | 31/120 [07:06<20:23,  0.07it/s, v_num=6, train_loss_step=0.733, val_loss=0.890, val_mean_auc=0.674, val_mean_ap=0.367, val_accuracy=0.646, val_f1=0.472, train_loss_epoch=0.887]
Epoch 7:  26%|██▌       | 31/120 [07:06<20:25,  0.07it/s, v_num=6, train_loss_step=0.961, val_loss=0.890, val_mean_auc=0.674, val_mean_ap=0.367, val_accuracy=0.646, val_f1=0.472, train_loss_epoch=0.887]
Epoch 7:  27%|██▋       | 32/120 [07:06<19:33,  0.07it/s, v_num=6, train_loss_step=0.961, val_loss=0.890, val_mean_auc=0.674, val_mean_ap=0.367, val_accuracy=0.646, val_f1=0.472, train_loss_epoch=0.887]
Epoch 7:  27%|██▋       | 32/120 [07:07<19:34,  0.07it/s, v_num=6, train_loss_step=0.731, val_loss=0.890, val_mean_auc=0.674, val_mean_ap=0.367, val_accuracy=0.646, val_f1=0.472, train_loss_epoch=0.887]
Epoch 7:  28%|██▊       | 33/120 [07:33<19:56,  0.07it/s, v_num=6, train_loss_step=0.731, val_loss=0.890, val_mean_auc=0.674, val_mean_ap=0.367, val_accuracy=0.646, val_f1=0.472, train_loss_epoch=0.887]
Epoch 7:  28%|██▊       | 33/120 [07:34<19:57,  0.07it/s, v_num=6, train_loss_step=0.604, val_loss=0.890, val_mean_auc=0.674, val_mean_ap=0.367, val_accuracy=0.646, val_f1=0.472, train_loss_epoch=0.887]
Epoch 7:  28%|██▊       | 34/120 [07:34<19:08,  0.07it/s, v_num=6, train_loss_step=0.604, val_loss=0.890, val_mean_auc=0.674, val_mean_ap=0.367, val_accuracy=0.646, val_f1=0.472, train_loss_epoch=0.887]
Epoch 7:  28%|██▊       | 34/120 [07:34<19:09,  0.07it/s, v_num=6, train_loss_step=0.869, val_loss=0.890, val_mean_auc=0.674, val_mean_ap=0.367, val_accuracy=0.646, val_f1=0.472, train_loss_epoch=0.887]
Epoch 7:  29%|██▉       | 35/120 [08:05<19:38,  0.07it/s, v_num=6, train_loss_step=0.869, val_loss=0.890, val_mean_auc=0.674, val_mean_ap=0.367, val_accuracy=0.646, val_f1=0.472, train_loss_epoch=0.887]
Epoch 7:  29%|██▉       | 35/120 [08:05<19:39,  0.07it/s, v_num=6, train_loss_step=0.684, val_loss=0.890, val_mean_auc=0.674, val_mean_ap=0.367, val_accuracy=0.646, val_f1=0.472, train_loss_epoch=0.887]
Epoch 7:  30%|███       | 36/120 [08:05<18:53,  0.07it/s, v_num=6, train_loss_step=0.684, val_loss=0.890, val_mean_auc=0.674, val_mean_ap=0.367, val_accuracy=0.646, val_f1=0.472, train_loss_epoch=0.887]
Epoch 7:  30%|███       | 36/120 [08:06<18:54,  0.07it/s, v_num=6, train_loss_step=0.896, val_loss=0.890, val_mean_auc=0.674, val_mean_ap=0.367, val_accuracy=0.646, val_f1=0.472, train_loss_epoch=0.887]
Epoch 7:  31%|███       | 37/120 [08:31<19:06,  0.07it/s, v_num=6, train_loss_step=0.896, val_loss=0.890, val_mean_auc=0.674, val_mean_ap=0.367, val_accuracy=0.646, val_f1=0.472, train_loss_epoch=0.887]
Epoch 7:  31%|███       | 37/120 [08:31<19:07,  0.07it/s, v_num=6, train_loss_step=0.496, val_loss=0.890, val_mean_auc=0.674, val_mean_ap=0.367, val_accuracy=0.646, val_f1=0.472, train_loss_epoch=0.887]
Epoch 7:  32%|███▏      | 38/120 [08:31<18:24,  0.07it/s, v_num=6, train_loss_step=0.496, val_loss=0.890, val_mean_auc=0.674, val_mean_ap=0.367, val_accuracy=0.646, val_f1=0.472, train_loss_epoch=0.887]
Epoch 7:  32%|███▏      | 38/120 [08:32<18:24,  0.07it/s, v_num=6, train_loss_step=0.840, val_loss=0.890, val_mean_auc=0.674, val_mean_ap=0.367, val_accuracy=0.646, val_f1=0.472, train_loss_epoch=0.887]
Epoch 7:  32%|███▎      | 39/120 [08:57<18:36,  0.07it/s, v_num=6, train_loss_step=0.840, val_loss=0.890, val_mean_auc=0.674, val_mean_ap=0.367, val_accuracy=0.646, val_f1=0.472, train_loss_epoch=0.887]
Epoch 7:  32%|███▎      | 39/120 [08:58<18:37,  0.07it/s, v_num=6, train_loss_step=0.878, val_loss=0.890, val_mean_auc=0.674, val_mean_ap=0.367, val_accuracy=0.646, val_f1=0.472, train_loss_epoch=0.887]
Epoch 7:  33%|███▎      | 40/120 [08:58<17:56,  0.07it/s, v_num=6, train_loss_step=0.878, val_loss=0.890, val_mean_auc=0.674, val_mean_ap=0.367, val_accuracy=0.646, val_f1=0.472, train_loss_epoch=0.887]
Epoch 7:  33%|███▎      | 40/120 [08:58<17:57,  0.07it/s, v_num=6, train_loss_step=0.727, val_loss=0.890, val_mean_auc=0.674, val_mean_ap=0.367, val_accuracy=0.646, val_f1=0.472, train_loss_epoch=0.887]
Epoch 7:  34%|███▍      | 41/120 [09:20<18:00,  0.07it/s, v_num=6, train_loss_step=0.727, val_loss=0.890, val_mean_auc=0.674, val_mean_ap=0.367, val_accuracy=0.646, val_f1=0.472, train_loss_epoch=0.887]
Epoch 7:  34%|███▍      | 41/120 [09:21<18:01,  0.07it/s, v_num=6, train_loss_step=0.885, val_loss=0.890, val_mean_auc=0.674, val_mean_ap=0.367, val_accuracy=0.646, val_f1=0.472, train_loss_epoch=0.887]
Epoch 7:  35%|███▌      | 42/120 [09:21<17:22,  0.07it/s, v_num=6, train_loss_step=0.885, val_loss=0.890, val_mean_auc=0.674, val_mean_ap=0.367, val_accuracy=0.646, val_f1=0.472, train_loss_epoch=0.887]
Epoch 7:  35%|███▌      | 42/120 [09:21<17:22,  0.07it/s, v_num=6, train_loss_step=0.921, val_loss=0.890, val_mean_auc=0.674, val_mean_ap=0.367, val_accuracy=0.646, val_f1=0.472, train_loss_epoch=0.887]
Epoch 7:  36%|███▌      | 43/120 [09:44<17:26,  0.07it/s, v_num=6, train_loss_step=0.921, val_loss=0.890, val_mean_auc=0.674, val_mean_ap=0.367, val_accuracy=0.646, val_f1=0.472, train_loss_epoch=0.887]
Epoch 7:  36%|███▌      | 43/120 [09:44<17:26,  0.07it/s, v_num=6, train_loss_step=1.180, val_loss=0.890, val_mean_auc=0.674, val_mean_ap=0.367, val_accuracy=0.646, val_f1=0.472, train_loss_epoch=0.887]
Epoch 7:  37%|███▋      | 44/120 [09:44<16:49,  0.08it/s, v_num=6, train_loss_step=1.180, val_loss=0.890, val_mean_auc=0.674, val_mean_ap=0.367, val_accuracy=0.646, val_f1=0.472, train_loss_epoch=0.887]
Epoch 7:  37%|███▋      | 44/120 [09:45<16:50,  0.08it/s, v_num=6, train_loss_step=0.896, val_loss=0.890, val_mean_auc=0.674, val_mean_ap=0.367, val_accuracy=0.646, val_f1=0.472, train_loss_epoch=0.887]
Epoch 7:  38%|███▊      | 45/120 [10:07<16:52,  0.07it/s, v_num=6, train_loss_step=0.896, val_loss=0.890, val_mean_auc=0.674, val_mean_ap=0.367, val_accuracy=0.646, val_f1=0.472, train_loss_epoch=0.887]
Epoch 7:  38%|███▊      | 45/120 [10:07<16:53,  0.07it/s, v_num=6, train_loss_step=0.821, val_loss=0.890, val_mean_auc=0.674, val_mean_ap=0.367, val_accuracy=0.646, val_f1=0.472, train_loss_epoch=0.887]
Epoch 7:  38%|███▊      | 46/120 [10:07<16:18,  0.08it/s, v_num=6, train_loss_step=0.821, val_loss=0.890, val_mean_auc=0.674, val_mean_ap=0.367, val_accuracy=0.646, val_f1=0.472, train_loss_epoch=0.887]
Epoch 7:  38%|███▊      | 46/120 [10:08<16:18,  0.08it/s, v_num=6, train_loss_step=1.420, val_loss=0.890, val_mean_auc=0.674, val_mean_ap=0.367, val_accuracy=0.646, val_f1=0.472, train_loss_epoch=0.887]
Epoch 7:  39%|███▉      | 47/120 [10:35<16:26,  0.07it/s, v_num=6, train_loss_step=1.420, val_loss=0.890, val_mean_auc=0.674, val_mean_ap=0.367, val_accuracy=0.646, val_f1=0.472, train_loss_epoch=0.887]
Epoch 7:  39%|███▉      | 47/120 [10:35<16:27,  0.07it/s, v_num=6, train_loss_step=0.715, val_loss=0.890, val_mean_auc=0.674, val_mean_ap=0.367, val_accuracy=0.646, val_f1=0.472, train_loss_epoch=0.887]
Epoch 7:  40%|████      | 48/120 [10:35<15:53,  0.08it/s, v_num=6, train_loss_step=0.715, val_loss=0.890, val_mean_auc=0.674, val_mean_ap=0.367, val_accuracy=0.646, val_f1=0.472, train_loss_epoch=0.887]
Epoch 7:  40%|████      | 48/120 [10:36<15:54,  0.08it/s, v_num=6, train_loss_step=0.833, val_loss=0.890, val_mean_auc=0.674, val_mean_ap=0.367, val_accuracy=0.646, val_f1=0.472, train_loss_epoch=0.887]
Epoch 7:  41%|████      | 49/120 [11:10<16:11,  0.07it/s, v_num=6, train_loss_step=0.833, val_loss=0.890, val_mean_auc=0.674, val_mean_ap=0.367, val_accuracy=0.646, val_f1=0.472, train_loss_epoch=0.887]
Epoch 7:  41%|████      | 49/120 [11:10<16:11,  0.07it/s, v_num=6, train_loss_step=0.841, val_loss=0.890, val_mean_auc=0.674, val_mean_ap=0.367, val_accuracy=0.646, val_f1=0.472, train_loss_epoch=0.887]
Epoch 7:  42%|████▏     | 50/120 [11:10<15:38,  0.07it/s, v_num=6, train_loss_step=0.841, val_loss=0.890, val_mean_auc=0.674, val_mean_ap=0.367, val_accuracy=0.646, val_f1=0.472, train_loss_epoch=0.887]
Epoch 7:  42%|████▏     | 50/120 [11:11<15:39,  0.07it/s, v_num=6, train_loss_step=0.635, val_loss=0.890, val_mean_auc=0.674, val_mean_ap=0.367, val_accuracy=0.646, val_f1=0.472, train_loss_epoch=0.887]
Epoch 7:  42%|████▎     | 51/120 [11:40<15:48,  0.07it/s, v_num=6, train_loss_step=0.635, val_loss=0.890, val_mean_auc=0.674, val_mean_ap=0.367, val_accuracy=0.646, val_f1=0.472, train_loss_epoch=0.887]
Epoch 7:  42%|████▎     | 51/120 [11:41<15:48,  0.07it/s, v_num=6, train_loss_step=0.652, val_loss=0.890, val_mean_auc=0.674, val_mean_ap=0.367, val_accuracy=0.646, val_f1=0.472, train_loss_epoch=0.887]
Epoch 7:  43%|████▎     | 52/120 [11:41<15:16,  0.07it/s, v_num=6, train_loss_step=0.652, val_loss=0.890, val_mean_auc=0.674, val_mean_ap=0.367, val_accuracy=0.646, val_f1=0.472, train_loss_epoch=0.887]
Epoch 7:  43%|████▎     | 52/120 [11:41<15:17,  0.07it/s, v_num=6, train_loss_step=0.801, val_loss=0.890, val_mean_auc=0.674, val_mean_ap=0.367, val_accuracy=0.646, val_f1=0.472, train_loss_epoch=0.887]
Epoch 7:  44%|████▍     | 53/120 [12:08<15:20,  0.07it/s, v_num=6, train_loss_step=0.801, val_loss=0.890, val_mean_auc=0.674, val_mean_ap=0.367, val_accuracy=0.646, val_f1=0.472, train_loss_epoch=0.887]
Epoch 7:  44%|████▍     | 53/120 [12:08<15:20,  0.07it/s, v_num=6, train_loss_step=0.715, val_loss=0.890, val_mean_auc=0.674, val_mean_ap=0.367, val_accuracy=0.646, val_f1=0.472, train_loss_epoch=0.887]
Epoch 7:  45%|████▌     | 54/120 [12:08<14:50,  0.07it/s, v_num=6, train_loss_step=0.715, val_loss=0.890, val_mean_auc=0.674, val_mean_ap=0.367, val_accuracy=0.646, val_f1=0.472, train_loss_epoch=0.887]
Epoch 7:  45%|████▌     | 54/120 [12:08<14:50,  0.07it/s, v_num=6, train_loss_step=0.974, val_loss=0.890, val_mean_auc=0.674, val_mean_ap=0.367, val_accuracy=0.646, val_f1=0.472, train_loss_epoch=0.887]
Epoch 7:  46%|████▌     | 55/120 [12:44<15:03,  0.07it/s, v_num=6, train_loss_step=0.974, val_loss=0.890, val_mean_auc=0.674, val_mean_ap=0.367, val_accuracy=0.646, val_f1=0.472, train_loss_epoch=0.887]
Epoch 7:  46%|████▌     | 55/120 [12:44<15:03,  0.07it/s, v_num=6, train_loss_step=0.539, val_loss=0.890, val_mean_auc=0.674, val_mean_ap=0.367, val_accuracy=0.646, val_f1=0.472, train_loss_epoch=0.887]
Epoch 7:  47%|████▋     | 56/120 [12:44<14:34,  0.07it/s, v_num=6, train_loss_step=0.539, val_loss=0.890, val_mean_auc=0.674, val_mean_ap=0.367, val_accuracy=0.646, val_f1=0.472, train_loss_epoch=0.887]
Epoch 7:  47%|████▋     | 56/120 [12:45<14:34,  0.07it/s, v_num=6, train_loss_step=0.740, val_loss=0.890, val_mean_auc=0.674, val_mean_ap=0.367, val_accuracy=0.646, val_f1=0.472, train_loss_epoch=0.887]
Epoch 7:  48%|████▊     | 57/120 [13:10<14:33,  0.07it/s, v_num=6, train_loss_step=0.740, val_loss=0.890, val_mean_auc=0.674, val_mean_ap=0.367, val_accuracy=0.646, val_f1=0.472, train_loss_epoch=0.887]
Epoch 7:  48%|████▊     | 57/120 [13:10<14:33,  0.07it/s, v_num=6, train_loss_step=0.715, val_loss=0.890, val_mean_auc=0.674, val_mean_ap=0.367, val_accuracy=0.646, val_f1=0.472, train_loss_epoch=0.887]
Epoch 7:  48%|████▊     | 58/120 [13:10<14:05,  0.07it/s, v_num=6, train_loss_step=0.715, val_loss=0.890, val_mean_auc=0.674, val_mean_ap=0.367, val_accuracy=0.646, val_f1=0.472, train_loss_epoch=0.887]
Epoch 7:  48%|████▊     | 58/120 [13:11<14:05,  0.07it/s, v_num=6, train_loss_step=0.551, val_loss=0.890, val_mean_auc=0.674, val_mean_ap=0.367, val_accuracy=0.646, val_f1=0.472, train_loss_epoch=0.887]
Epoch 7:  49%|████▉     | 59/120 [13:35<14:03,  0.07it/s, v_num=6, train_loss_step=0.551, val_loss=0.890, val_mean_auc=0.674, val_mean_ap=0.367, val_accuracy=0.646, val_f1=0.472, train_loss_epoch=0.887]
Epoch 7:  49%|████▉     | 59/120 [13:35<14:03,  0.07it/s, v_num=6, train_loss_step=1.300, val_loss=0.890, val_mean_auc=0.674, val_mean_ap=0.367, val_accuracy=0.646, val_f1=0.472, train_loss_epoch=0.887]
Epoch 7:  50%|█████     | 60/120 [13:35<13:35,  0.07it/s, v_num=6, train_loss_step=1.300, val_loss=0.890, val_mean_auc=0.674, val_mean_ap=0.367, val_accuracy=0.646, val_f1=0.472, train_loss_epoch=0.887]
Epoch 7:  50%|█████     | 60/120 [13:36<13:36,  0.07it/s, v_num=6, train_loss_step=0.670, val_loss=0.890, val_mean_auc=0.674, val_mean_ap=0.367, val_accuracy=0.646, val_f1=0.472, train_loss_epoch=0.887]
Epoch 7:  51%|█████     | 61/120 [13:58<13:30,  0.07it/s, v_num=6, train_loss_step=0.670, val_loss=0.890, val_mean_auc=0.674, val_mean_ap=0.367, val_accuracy=0.646, val_f1=0.472, train_loss_epoch=0.887]
Epoch 7:  51%|█████     | 61/120 [13:58<13:31,  0.07it/s, v_num=6, train_loss_step=1.270, val_loss=0.890, val_mean_auc=0.674, val_mean_ap=0.367, val_accuracy=0.646, val_f1=0.472, train_loss_epoch=0.887]
Epoch 7:  52%|█████▏    | 62/120 [13:58<13:04,  0.07it/s, v_num=6, train_loss_step=1.270, val_loss=0.890, val_mean_auc=0.674, val_mean_ap=0.367, val_accuracy=0.646, val_f1=0.472, train_loss_epoch=0.887]
Epoch 7:  52%|█████▏    | 62/120 [13:59<13:05,  0.07it/s, v_num=6, train_loss_step=0.820, val_loss=0.890, val_mean_auc=0.674, val_mean_ap=0.367, val_accuracy=0.646, val_f1=0.472, train_loss_epoch=0.887]
Epoch 7:  52%|█████▎    | 63/120 [14:23<13:01,  0.07it/s, v_num=6, train_loss_step=0.820, val_loss=0.890, val_mean_auc=0.674, val_mean_ap=0.367, val_accuracy=0.646, val_f1=0.472, train_loss_epoch=0.887]
Epoch 7:  52%|█████▎    | 63/120 [14:23<13:01,  0.07it/s, v_num=6, train_loss_step=0.677, val_loss=0.890, val_mean_auc=0.674, val_mean_ap=0.367, val_accuracy=0.646, val_f1=0.472, train_loss_epoch=0.887]
Epoch 7:  53%|█████▎    | 64/120 [14:23<12:35,  0.07it/s, v_num=6, train_loss_step=0.677, val_loss=0.890, val_mean_auc=0.674, val_mean_ap=0.367, val_accuracy=0.646, val_f1=0.472, train_loss_epoch=0.887]
Epoch 7:  53%|█████▎    | 64/120 [14:24<12:36,  0.07it/s, v_num=6, train_loss_step=1.220, val_loss=0.890, val_mean_auc=0.674, val_mean_ap=0.367, val_accuracy=0.646, val_f1=0.472, train_loss_epoch=0.887]
Epoch 7:  54%|█████▍    | 65/120 [14:48<12:32,  0.07it/s, v_num=6, train_loss_step=1.220, val_loss=0.890, val_mean_auc=0.674, val_mean_ap=0.367, val_accuracy=0.646, val_f1=0.472, train_loss_epoch=0.887]
Epoch 7:  54%|█████▍    | 65/120 [14:49<12:32,  0.07it/s, v_num=6, train_loss_step=0.609, val_loss=0.890, val_mean_auc=0.674, val_mean_ap=0.367, val_accuracy=0.646, val_f1=0.472, train_loss_epoch=0.887]
Epoch 7:  55%|█████▌    | 66/120 [14:49<12:07,  0.07it/s, v_num=6, train_loss_step=0.609, val_loss=0.890, val_mean_auc=0.674, val_mean_ap=0.367, val_accuracy=0.646, val_f1=0.472, train_loss_epoch=0.887]
Epoch 7:  55%|█████▌    | 66/120 [14:49<12:08,  0.07it/s, v_num=6, train_loss_step=0.839, val_loss=0.890, val_mean_auc=0.674, val_mean_ap=0.367, val_accuracy=0.646, val_f1=0.472, train_loss_epoch=0.887]
Epoch 7:  56%|█████▌    | 67/120 [15:14<12:03,  0.07it/s, v_num=6, train_loss_step=0.839, val_loss=0.890, val_mean_auc=0.674, val_mean_ap=0.367, val_accuracy=0.646, val_f1=0.472, train_loss_epoch=0.887]
Epoch 7:  56%|█████▌    | 67/120 [15:14<12:03,  0.07it/s, v_num=6, train_loss_step=1.270, val_loss=0.890, val_mean_auc=0.674, val_mean_ap=0.367, val_accuracy=0.646, val_f1=0.472, train_loss_epoch=0.887]
Epoch 7:  57%|█████▋    | 68/120 [15:14<11:39,  0.07it/s, v_num=6, train_loss_step=1.270, val_loss=0.890, val_mean_auc=0.674, val_mean_ap=0.367, val_accuracy=0.646, val_f1=0.472, train_loss_epoch=0.887]
Epoch 7:  57%|█████▋    | 68/120 [15:15<11:39,  0.07it/s, v_num=6, train_loss_step=1.270, val_loss=0.890, val_mean_auc=0.674, val_mean_ap=0.367, val_accuracy=0.646, val_f1=0.472, train_loss_epoch=0.887]
Epoch 7:  57%|█████▊    | 69/120 [15:37<11:33,  0.07it/s, v_num=6, train_loss_step=1.270, val_loss=0.890, val_mean_auc=0.674, val_mean_ap=0.367, val_accuracy=0.646, val_f1=0.472, train_loss_epoch=0.887]
Epoch 7:  57%|█████▊    | 69/120 [15:38<11:33,  0.07it/s, v_num=6, train_loss_step=1.320, val_loss=0.890, val_mean_auc=0.674, val_mean_ap=0.367, val_accuracy=0.646, val_f1=0.472, train_loss_epoch=0.887]
Epoch 7:  58%|█████▊    | 70/120 [15:38<11:10,  0.07it/s, v_num=6, train_loss_step=1.320, val_loss=0.890, val_mean_auc=0.674, val_mean_ap=0.367, val_accuracy=0.646, val_f1=0.472, train_loss_epoch=0.887]
Epoch 7:  58%|█████▊    | 70/120 [15:38<11:10,  0.07it/s, v_num=6, train_loss_step=1.180, val_loss=0.890, val_mean_auc=0.674, val_mean_ap=0.367, val_accuracy=0.646, val_f1=0.472, train_loss_epoch=0.887]
Epoch 7:  59%|█████▉    | 71/120 [16:03<11:04,  0.07it/s, v_num=6, train_loss_step=1.180, val_loss=0.890, val_mean_auc=0.674, val_mean_ap=0.367, val_accuracy=0.646, val_f1=0.472, train_loss_epoch=0.887]
Epoch 7:  59%|█████▉    | 71/120 [16:03<11:05,  0.07it/s, v_num=6, train_loss_step=0.772, val_loss=0.890, val_mean_auc=0.674, val_mean_ap=0.367, val_accuracy=0.646, val_f1=0.472, train_loss_epoch=0.887]
Epoch 7:  60%|██████    | 72/120 [16:03<10:42,  0.07it/s, v_num=6, train_loss_step=0.772, val_loss=0.890, val_mean_auc=0.674, val_mean_ap=0.367, val_accuracy=0.646, val_f1=0.472, train_loss_epoch=0.887]
Epoch 7:  60%|██████    | 72/120 [16:04<10:42,  0.07it/s, v_num=6, train_loss_step=1.210, val_loss=0.890, val_mean_auc=0.674, val_mean_ap=0.367, val_accuracy=0.646, val_f1=0.472, train_loss_epoch=0.887]
Epoch 7:  61%|██████    | 73/120 [16:30<10:37,  0.07it/s, v_num=6, train_loss_step=1.210, val_loss=0.890, val_mean_auc=0.674, val_mean_ap=0.367, val_accuracy=0.646, val_f1=0.472, train_loss_epoch=0.887]
Epoch 7:  61%|██████    | 73/120 [16:31<10:38,  0.07it/s, v_num=6, train_loss_step=0.686, val_loss=0.890, val_mean_auc=0.674, val_mean_ap=0.367, val_accuracy=0.646, val_f1=0.472, train_loss_epoch=0.887]
Epoch 7:  62%|██████▏   | 74/120 [16:31<10:16,  0.07it/s, v_num=6, train_loss_step=0.686, val_loss=0.890, val_mean_auc=0.674, val_mean_ap=0.367, val_accuracy=0.646, val_f1=0.472, train_loss_epoch=0.887]
Epoch 7:  62%|██████▏   | 74/120 [16:31<10:16,  0.07it/s, v_num=6, train_loss_step=0.646, val_loss=0.890, val_mean_auc=0.674, val_mean_ap=0.367, val_accuracy=0.646, val_f1=0.472, train_loss_epoch=0.887]
Epoch 7:  62%|██████▎   | 75/120 [17:00<10:12,  0.07it/s, v_num=6, train_loss_step=0.646, val_loss=0.890, val_mean_auc=0.674, val_mean_ap=0.367, val_accuracy=0.646, val_f1=0.472, train_loss_epoch=0.887]
Epoch 7:  62%|██████▎   | 75/120 [17:01<10:12,  0.07it/s, v_num=6, train_loss_step=0.931, val_loss=0.890, val_mean_auc=0.674, val_mean_ap=0.367, val_accuracy=0.646, val_f1=0.472, train_loss_epoch=0.887]
Epoch 7:  63%|██████▎   | 76/120 [17:01<09:51,  0.07it/s, v_num=6, train_loss_step=0.931, val_loss=0.890, val_mean_auc=0.674, val_mean_ap=0.367, val_accuracy=0.646, val_f1=0.472, train_loss_epoch=0.887]
Epoch 7:  63%|██████▎   | 76/120 [17:01<09:51,  0.07it/s, v_num=6, train_loss_step=0.826, val_loss=0.890, val_mean_auc=0.674, val_mean_ap=0.367, val_accuracy=0.646, val_f1=0.472, train_loss_epoch=0.887]
Epoch 7:  64%|██████▍   | 77/120 [17:26<09:44,  0.07it/s, v_num=6, train_loss_step=0.826, val_loss=0.890, val_mean_auc=0.674, val_mean_ap=0.367, val_accuracy=0.646, val_f1=0.472, train_loss_epoch=0.887]
Epoch 7:  64%|██████▍   | 77/120 [17:26<09:44,  0.07it/s, v_num=6, train_loss_step=0.936, val_loss=0.890, val_mean_auc=0.674, val_mean_ap=0.367, val_accuracy=0.646, val_f1=0.472, train_loss_epoch=0.887]
Epoch 7:  65%|██████▌   | 78/120 [17:26<09:23,  0.07it/s, v_num=6, train_loss_step=0.936, val_loss=0.890, val_mean_auc=0.674, val_mean_ap=0.367, val_accuracy=0.646, val_f1=0.472, train_loss_epoch=0.887]
Epoch 7:  65%|██████▌   | 78/120 [17:26<09:23,  0.07it/s, v_num=6, train_loss_step=0.774, val_loss=0.890, val_mean_auc=0.674, val_mean_ap=0.367, val_accuracy=0.646, val_f1=0.472, train_loss_epoch=0.887]
Epoch 7:  66%|██████▌   | 79/120 [17:50<09:15,  0.07it/s, v_num=6, train_loss_step=0.774, val_loss=0.890, val_mean_auc=0.674, val_mean_ap=0.367, val_accuracy=0.646, val_f1=0.472, train_loss_epoch=0.887]
Epoch 7:  66%|██████▌   | 79/120 [17:51<09:16,  0.07it/s, v_num=6, train_loss_step=1.130, val_loss=0.890, val_mean_auc=0.674, val_mean_ap=0.367, val_accuracy=0.646, val_f1=0.472, train_loss_epoch=0.887]
Epoch 7:  67%|██████▋   | 80/120 [17:51<08:55,  0.07it/s, v_num=6, train_loss_step=1.130, val_loss=0.890, val_mean_auc=0.674, val_mean_ap=0.367, val_accuracy=0.646, val_f1=0.472, train_loss_epoch=0.887]
Epoch 7:  67%|██████▋   | 80/120 [17:51<08:55,  0.07it/s, v_num=6, train_loss_step=0.821, val_loss=0.890, val_mean_auc=0.674, val_mean_ap=0.367, val_accuracy=0.646, val_f1=0.472, train_loss_epoch=0.887]
Epoch 7:  68%|██████▊   | 81/120 [18:19<08:49,  0.07it/s, v_num=6, train_loss_step=0.821, val_loss=0.890, val_mean_auc=0.674, val_mean_ap=0.367, val_accuracy=0.646, val_f1=0.472, train_loss_epoch=0.887]
Epoch 7:  68%|██████▊   | 81/120 [18:19<08:49,  0.07it/s, v_num=6, train_loss_step=0.871, val_loss=0.890, val_mean_auc=0.674, val_mean_ap=0.367, val_accuracy=0.646, val_f1=0.472, train_loss_epoch=0.887]
Epoch 7:  68%|██████▊   | 82/120 [18:19<08:29,  0.07it/s, v_num=6, train_loss_step=0.871, val_loss=0.890, val_mean_auc=0.674, val_mean_ap=0.367, val_accuracy=0.646, val_f1=0.472, train_loss_epoch=0.887]
Epoch 7:  68%|██████▊   | 82/120 [18:20<08:29,  0.07it/s, v_num=6, train_loss_step=0.743, val_loss=0.890, val_mean_auc=0.674, val_mean_ap=0.367, val_accuracy=0.646, val_f1=0.472, train_loss_epoch=0.887]
Epoch 7:  69%|██████▉   | 83/120 [18:54<08:25,  0.07it/s, v_num=6, train_loss_step=0.743, val_loss=0.890, val_mean_auc=0.674, val_mean_ap=0.367, val_accuracy=0.646, val_f1=0.472, train_loss_epoch=0.887]
Epoch 7:  69%|██████▉   | 83/120 [18:54<08:25,  0.07it/s, v_num=6, train_loss_step=0.904, val_loss=0.890, val_mean_auc=0.674, val_mean_ap=0.367, val_accuracy=0.646, val_f1=0.472, train_loss_epoch=0.887]
Epoch 7:  70%|███████   | 84/120 [18:54<08:06,  0.07it/s, v_num=6, train_loss_step=0.904, val_loss=0.890, val_mean_auc=0.674, val_mean_ap=0.367, val_accuracy=0.646, val_f1=0.472, train_loss_epoch=0.887]
Epoch 7:  70%|███████   | 84/120 [18:55<08:06,  0.07it/s, v_num=6, train_loss_step=0.874, val_loss=0.890, val_mean_auc=0.674, val_mean_ap=0.367, val_accuracy=0.646, val_f1=0.472, train_loss_epoch=0.887]
Epoch 7:  71%|███████   | 85/120 [19:20<07:57,  0.07it/s, v_num=6, train_loss_step=0.874, val_loss=0.890, val_mean_auc=0.674, val_mean_ap=0.367, val_accuracy=0.646, val_f1=0.472, train_loss_epoch=0.887]
Epoch 7:  71%|███████   | 85/120 [19:21<07:58,  0.07it/s, v_num=6, train_loss_step=0.921, val_loss=0.890, val_mean_auc=0.674, val_mean_ap=0.367, val_accuracy=0.646, val_f1=0.472, train_loss_epoch=0.887]
Epoch 7:  72%|███████▏  | 86/120 [19:21<07:39,  0.07it/s, v_num=6, train_loss_step=0.921, val_loss=0.890, val_mean_auc=0.674, val_mean_ap=0.367, val_accuracy=0.646, val_f1=0.472, train_loss_epoch=0.887]
Epoch 7:  72%|███████▏  | 86/120 [19:21<07:39,  0.07it/s, v_num=6, train_loss_step=1.360, val_loss=0.890, val_mean_auc=0.674, val_mean_ap=0.367, val_accuracy=0.646, val_f1=0.472, train_loss_epoch=0.887]
Epoch 7:  72%|███████▎  | 87/120 [19:49<07:31,  0.07it/s, v_num=6, train_loss_step=1.360, val_loss=0.890, val_mean_auc=0.674, val_mean_ap=0.367, val_accuracy=0.646, val_f1=0.472, train_loss_epoch=0.887]
Epoch 7:  72%|███████▎  | 87/120 [19:49<07:31,  0.07it/s, v_num=6, train_loss_step=0.794, val_loss=0.890, val_mean_auc=0.674, val_mean_ap=0.367, val_accuracy=0.646, val_f1=0.472, train_loss_epoch=0.887]
Epoch 7:  73%|███████▎  | 88/120 [19:49<07:12,  0.07it/s, v_num=6, train_loss_step=0.794, val_loss=0.890, val_mean_auc=0.674, val_mean_ap=0.367, val_accuracy=0.646, val_f1=0.472, train_loss_epoch=0.887]
Epoch 7:  73%|███████▎  | 88/120 [19:50<07:12,  0.07it/s, v_num=6, train_loss_step=0.789, val_loss=0.890, val_mean_auc=0.674, val_mean_ap=0.367, val_accuracy=0.646, val_f1=0.472, train_loss_epoch=0.887]
Epoch 7:  74%|███████▍  | 89/120 [20:19<07:04,  0.07it/s, v_num=6, train_loss_step=0.789, val_loss=0.890, val_mean_auc=0.674, val_mean_ap=0.367, val_accuracy=0.646, val_f1=0.472, train_loss_epoch=0.887]
Epoch 7:  74%|███████▍  | 89/120 [20:20<07:04,  0.07it/s, v_num=6, train_loss_step=0.843, val_loss=0.890, val_mean_auc=0.674, val_mean_ap=0.367, val_accuracy=0.646, val_f1=0.472, train_loss_epoch=0.887]
Epoch 7:  75%|███████▌  | 90/120 [20:20<06:46,  0.07it/s, v_num=6, train_loss_step=0.843, val_loss=0.890, val_mean_auc=0.674, val_mean_ap=0.367, val_accuracy=0.646, val_f1=0.472, train_loss_epoch=0.887]
Epoch 7:  75%|███████▌  | 90/120 [20:20<06:46,  0.07it/s, v_num=6, train_loss_step=1.030, val_loss=0.890, val_mean_auc=0.674, val_mean_ap=0.367, val_accuracy=0.646, val_f1=0.472, train_loss_epoch=0.887]
Epoch 7:  76%|███████▌  | 91/120 [20:42<06:35,  0.07it/s, v_num=6, train_loss_step=1.030, val_loss=0.890, val_mean_auc=0.674, val_mean_ap=0.367, val_accuracy=0.646, val_f1=0.472, train_loss_epoch=0.887]
Epoch 7:  76%|███████▌  | 91/120 [20:42<06:36,  0.07it/s, v_num=6, train_loss_step=0.761, val_loss=0.890, val_mean_auc=0.674, val_mean_ap=0.367, val_accuracy=0.646, val_f1=0.472, train_loss_epoch=0.887]
Epoch 7:  77%|███████▋  | 92/120 [20:42<06:18,  0.07it/s, v_num=6, train_loss_step=0.761, val_loss=0.890, val_mean_auc=0.674, val_mean_ap=0.367, val_accuracy=0.646, val_f1=0.472, train_loss_epoch=0.887]
Epoch 7:  77%|███████▋  | 92/120 [20:43<06:18,  0.07it/s, v_num=6, train_loss_step=1.020, val_loss=0.890, val_mean_auc=0.674, val_mean_ap=0.367, val_accuracy=0.646, val_f1=0.472, train_loss_epoch=0.887]
Epoch 7:  78%|███████▊  | 93/120 [21:19<06:11,  0.07it/s, v_num=6, train_loss_step=1.020, val_loss=0.890, val_mean_auc=0.674, val_mean_ap=0.367, val_accuracy=0.646, val_f1=0.472, train_loss_epoch=0.887]
Epoch 7:  78%|███████▊  | 93/120 [21:19<06:11,  0.07it/s, v_num=6, train_loss_step=1.080, val_loss=0.890, val_mean_auc=0.674, val_mean_ap=0.367, val_accuracy=0.646, val_f1=0.472, train_loss_epoch=0.887]
Epoch 7:  78%|███████▊  | 94/120 [21:19<05:54,  0.07it/s, v_num=6, train_loss_step=1.080, val_loss=0.890, val_mean_auc=0.674, val_mean_ap=0.367, val_accuracy=0.646, val_f1=0.472, train_loss_epoch=0.887]
Epoch 7:  78%|███████▊  | 94/120 [21:20<05:54,  0.07it/s, v_num=6, train_loss_step=1.330, val_loss=0.890, val_mean_auc=0.674, val_mean_ap=0.367, val_accuracy=0.646, val_f1=0.472, train_loss_epoch=0.887]
Epoch 7:  79%|███████▉  | 95/120 [21:51<05:45,  0.07it/s, v_num=6, train_loss_step=1.330, val_loss=0.890, val_mean_auc=0.674, val_mean_ap=0.367, val_accuracy=0.646, val_f1=0.472, train_loss_epoch=0.887]
Epoch 7:  79%|███████▉  | 95/120 [21:51<05:45,  0.07it/s, v_num=6, train_loss_step=0.920, val_loss=0.890, val_mean_auc=0.674, val_mean_ap=0.367, val_accuracy=0.646, val_f1=0.472, train_loss_epoch=0.887]
Epoch 7:  80%|████████  | 96/120 [21:51<05:27,  0.07it/s, v_num=6, train_loss_step=0.920, val_loss=0.890, val_mean_auc=0.674, val_mean_ap=0.367, val_accuracy=0.646, val_f1=0.472, train_loss_epoch=0.887]
Epoch 7:  80%|████████  | 96/120 [21:52<05:28,  0.07it/s, v_num=6, train_loss_step=1.000, val_loss=0.890, val_mean_auc=0.674, val_mean_ap=0.367, val_accuracy=0.646, val_f1=0.472, train_loss_epoch=0.887]
Epoch 7:  81%|████████  | 97/120 [22:17<05:17,  0.07it/s, v_num=6, train_loss_step=1.000, val_loss=0.890, val_mean_auc=0.674, val_mean_ap=0.367, val_accuracy=0.646, val_f1=0.472, train_loss_epoch=0.887]
Epoch 7:  81%|████████  | 97/120 [22:17<05:17,  0.07it/s, v_num=6, train_loss_step=0.940, val_loss=0.890, val_mean_auc=0.674, val_mean_ap=0.367, val_accuracy=0.646, val_f1=0.472, train_loss_epoch=0.887]
Epoch 7:  82%|████████▏ | 98/120 [22:17<05:00,  0.07it/s, v_num=6, train_loss_step=0.940, val_loss=0.890, val_mean_auc=0.674, val_mean_ap=0.367, val_accuracy=0.646, val_f1=0.472, train_loss_epoch=0.887]
Epoch 7:  82%|████████▏ | 98/120 [22:18<05:00,  0.07it/s, v_num=6, train_loss_step=0.860, val_loss=0.890, val_mean_auc=0.674, val_mean_ap=0.367, val_accuracy=0.646, val_f1=0.472, train_loss_epoch=0.887]
Epoch 7:  82%|████████▎ | 99/120 [22:47<04:50,  0.07it/s, v_num=6, train_loss_step=0.860, val_loss=0.890, val_mean_auc=0.674, val_mean_ap=0.367, val_accuracy=0.646, val_f1=0.472, train_loss_epoch=0.887]
Epoch 7:  82%|████████▎ | 99/120 [22:47<04:50,  0.07it/s, v_num=6, train_loss_step=1.200, val_loss=0.890, val_mean_auc=0.674, val_mean_ap=0.367, val_accuracy=0.646, val_f1=0.472, train_loss_epoch=0.887]
Epoch 7:  83%|████████▎ | 100/120 [22:48<04:33,  0.07it/s, v_num=6, train_loss_step=1.200, val_loss=0.890, val_mean_auc=0.674, val_mean_ap=0.367, val_accuracy=0.646, val_f1=0.472, train_loss_epoch=0.887]
Epoch 7:  83%|████████▎ | 100/120 [22:48<04:33,  0.07it/s, v_num=6, train_loss_step=1.600, val_loss=0.890, val_mean_auc=0.674, val_mean_ap=0.367, val_accuracy=0.646, val_f1=0.472, train_loss_epoch=0.887]
Epoch 7:  84%|████████▍ | 101/120 [23:07<04:21,  0.07it/s, v_num=6, train_loss_step=1.600, val_loss=0.890, val_mean_auc=0.674, val_mean_ap=0.367, val_accuracy=0.646, val_f1=0.472, train_loss_epoch=0.887]
Epoch 7:  84%|████████▍ | 101/120 [23:08<04:21,  0.07it/s, v_num=6, train_loss_step=0.852, val_loss=0.890, val_mean_auc=0.674, val_mean_ap=0.367, val_accuracy=0.646, val_f1=0.472, train_loss_epoch=0.887]
Epoch 7:  85%|████████▌ | 102/120 [23:08<04:04,  0.07it/s, v_num=6, train_loss_step=0.852, val_loss=0.890, val_mean_auc=0.674, val_mean_ap=0.367, val_accuracy=0.646, val_f1=0.472, train_loss_epoch=0.887]
Epoch 7:  85%|████████▌ | 102/120 [23:08<04:05,  0.07it/s, v_num=6, train_loss_step=0.868, val_loss=0.890, val_mean_auc=0.674, val_mean_ap=0.367, val_accuracy=0.646, val_f1=0.472, train_loss_epoch=0.887]
Epoch 7:  86%|████████▌ | 103/120 [23:41<03:54,  0.07it/s, v_num=6, train_loss_step=0.868, val_loss=0.890, val_mean_auc=0.674, val_mean_ap=0.367, val_accuracy=0.646, val_f1=0.472, train_loss_epoch=0.887]
Epoch 7:  86%|████████▌ | 103/120 [23:42<03:54,  0.07it/s, v_num=6, train_loss_step=1.230, val_loss=0.890, val_mean_auc=0.674, val_mean_ap=0.367, val_accuracy=0.646, val_f1=0.472, train_loss_epoch=0.887]
Epoch 7:  87%|████████▋ | 104/120 [23:42<03:38,  0.07it/s, v_num=6, train_loss_step=1.230, val_loss=0.890, val_mean_auc=0.674, val_mean_ap=0.367, val_accuracy=0.646, val_f1=0.472, train_loss_epoch=0.887]
Epoch 7:  87%|████████▋ | 104/120 [23:42<03:38,  0.07it/s, v_num=6, train_loss_step=0.868, val_loss=0.890, val_mean_auc=0.674, val_mean_ap=0.367, val_accuracy=0.646, val_f1=0.472, train_loss_epoch=0.887]
Epoch 7:  88%|████████▊ | 105/120 [24:13<03:27,  0.07it/s, v_num=6, train_loss_step=0.868, val_loss=0.890, val_mean_auc=0.674, val_mean_ap=0.367, val_accuracy=0.646, val_f1=0.472, train_loss_epoch=0.887]
Epoch 7:  88%|████████▊ | 105/120 [24:14<03:27,  0.07it/s, v_num=6, train_loss_step=0.894, val_loss=0.890, val_mean_auc=0.674, val_mean_ap=0.367, val_accuracy=0.646, val_f1=0.472, train_loss_epoch=0.887]
Epoch 7:  88%|████████▊ | 106/120 [24:14<03:12,  0.07it/s, v_num=6, train_loss_step=0.894, val_loss=0.890, val_mean_auc=0.674, val_mean_ap=0.367, val_accuracy=0.646, val_f1=0.472, train_loss_epoch=0.887]
Epoch 7:  88%|████████▊ | 106/120 [24:14<03:12,  0.07it/s, v_num=6, train_loss_step=0.929, val_loss=0.890, val_mean_auc=0.674, val_mean_ap=0.367, val_accuracy=0.646, val_f1=0.472, train_loss_epoch=0.887]
Epoch 7:  89%|████████▉ | 107/120 [24:44<03:00,  0.07it/s, v_num=6, train_loss_step=0.929, val_loss=0.890, val_mean_auc=0.674, val_mean_ap=0.367, val_accuracy=0.646, val_f1=0.472, train_loss_epoch=0.887]
Epoch 7:  89%|████████▉ | 107/120 [24:44<03:00,  0.07it/s, v_num=6, train_loss_step=0.834, val_loss=0.890, val_mean_auc=0.674, val_mean_ap=0.367, val_accuracy=0.646, val_f1=0.472, train_loss_epoch=0.887]
Epoch 7:  90%|█████████ | 108/120 [24:44<02:44,  0.07it/s, v_num=6, train_loss_step=0.834, val_loss=0.890, val_mean_auc=0.674, val_mean_ap=0.367, val_accuracy=0.646, val_f1=0.472, train_loss_epoch=0.887]
Epoch 7:  90%|█████████ | 108/120 [24:45<02:45,  0.07it/s, v_num=6, train_loss_step=1.070, val_loss=0.890, val_mean_auc=0.674, val_mean_ap=0.367, val_accuracy=0.646, val_f1=0.472, train_loss_epoch=0.887]
Epoch 7:  91%|█████████ | 109/120 [25:08<02:32,  0.07it/s, v_num=6, train_loss_step=1.070, val_loss=0.890, val_mean_auc=0.674, val_mean_ap=0.367, val_accuracy=0.646, val_f1=0.472, train_loss_epoch=0.887]
Epoch 7:  91%|█████████ | 109/120 [25:08<02:32,  0.07it/s, v_num=6, train_loss_step=0.795, val_loss=0.890, val_mean_auc=0.674, val_mean_ap=0.367, val_accuracy=0.646, val_f1=0.472, train_loss_epoch=0.887]
Epoch 7:  92%|█████████▏| 110/120 [25:08<02:17,  0.07it/s, v_num=6, train_loss_step=0.795, val_loss=0.890, val_mean_auc=0.674, val_mean_ap=0.367, val_accuracy=0.646, val_f1=0.472, train_loss_epoch=0.887]
Epoch 7:  92%|█████████▏| 110/120 [25:09<02:17,  0.07it/s, v_num=6, train_loss_step=1.240, val_loss=0.890, val_mean_auc=0.674, val_mean_ap=0.367, val_accuracy=0.646, val_f1=0.472, train_loss_epoch=0.887]
Epoch 7:  92%|█████████▎| 111/120 [25:31<02:04,  0.07it/s, v_num=6, train_loss_step=1.240, val_loss=0.890, val_mean_auc=0.674, val_mean_ap=0.367, val_accuracy=0.646, val_f1=0.472, train_loss_epoch=0.887]
Epoch 7:  92%|█████████▎| 111/120 [25:32<02:04,  0.07it/s, v_num=6, train_loss_step=0.687, val_loss=0.890, val_mean_auc=0.674, val_mean_ap=0.367, val_accuracy=0.646, val_f1=0.472, train_loss_epoch=0.887]
Epoch 7:  93%|█████████▎| 112/120 [25:32<01:49,  0.07it/s, v_num=6, train_loss_step=0.687, val_loss=0.890, val_mean_auc=0.674, val_mean_ap=0.367, val_accuracy=0.646, val_f1=0.472, train_loss_epoch=0.887]
Epoch 7:  93%|█████████▎| 112/120 [25:32<01:49,  0.07it/s, v_num=6, train_loss_step=1.010, val_loss=0.890, val_mean_auc=0.674, val_mean_ap=0.367, val_accuracy=0.646, val_f1=0.472, train_loss_epoch=0.887]
Epoch 7:  94%|█████████▍| 113/120 [25:58<01:36,  0.07it/s, v_num=6, train_loss_step=1.010, val_loss=0.890, val_mean_auc=0.674, val_mean_ap=0.367, val_accuracy=0.646, val_f1=0.472, train_loss_epoch=0.887]
Epoch 7:  94%|█████████▍| 113/120 [25:58<01:36,  0.07it/s, v_num=6, train_loss_step=0.930, val_loss=0.890, val_mean_auc=0.674, val_mean_ap=0.367, val_accuracy=0.646, val_f1=0.472, train_loss_epoch=0.887]
Epoch 7:  95%|█████████▌| 114/120 [25:58<01:22,  0.07it/s, v_num=6, train_loss_step=0.930, val_loss=0.890, val_mean_auc=0.674, val_mean_ap=0.367, val_accuracy=0.646, val_f1=0.472, train_loss_epoch=0.887]
Epoch 7:  95%|█████████▌| 114/120 [25:58<01:22,  0.07it/s, v_num=6, train_loss_step=0.737, val_loss=0.890, val_mean_auc=0.674, val_mean_ap=0.367, val_accuracy=0.646, val_f1=0.472, train_loss_epoch=0.887]
Epoch 7:  96%|█████████▌| 115/120 [26:24<01:08,  0.07it/s, v_num=6, train_loss_step=0.737, val_loss=0.890, val_mean_auc=0.674, val_mean_ap=0.367, val_accuracy=0.646, val_f1=0.472, train_loss_epoch=0.887]
Epoch 7:  96%|█████████▌| 115/120 [26:24<01:08,  0.07it/s, v_num=6, train_loss_step=0.846, val_loss=0.890, val_mean_auc=0.674, val_mean_ap=0.367, val_accuracy=0.646, val_f1=0.472, train_loss_epoch=0.887]
Epoch 7:  97%|█████████▋| 116/120 [26:24<00:54,  0.07it/s, v_num=6, train_loss_step=0.846, val_loss=0.890, val_mean_auc=0.674, val_mean_ap=0.367, val_accuracy=0.646, val_f1=0.472, train_loss_epoch=0.887]
Epoch 7:  97%|█████████▋| 116/120 [26:25<00:54,  0.07it/s, v_num=6, train_loss_step=0.875, val_loss=0.890, val_mean_auc=0.674, val_mean_ap=0.367, val_accuracy=0.646, val_f1=0.472, train_loss_epoch=0.887]
Epoch 7:  98%|█████████▊| 117/120 [26:55<00:41,  0.07it/s, v_num=6, train_loss_step=0.875, val_loss=0.890, val_mean_auc=0.674, val_mean_ap=0.367, val_accuracy=0.646, val_f1=0.472, train_loss_epoch=0.887]
Epoch 7:  98%|█████████▊| 117/120 [26:55<00:41,  0.07it/s, v_num=6, train_loss_step=0.871, val_loss=0.890, val_mean_auc=0.674, val_mean_ap=0.367, val_accuracy=0.646, val_f1=0.472, train_loss_epoch=0.887]
Epoch 7:  98%|█████████▊| 118/120 [26:55<00:27,  0.07it/s, v_num=6, train_loss_step=0.871, val_loss=0.890, val_mean_auc=0.674, val_mean_ap=0.367, val_accuracy=0.646, val_f1=0.472, train_loss_epoch=0.887]
Epoch 7:  98%|█████████▊| 118/120 [26:56<00:27,  0.07it/s, v_num=6, train_loss_step=0.983, val_loss=0.890, val_mean_auc=0.674, val_mean_ap=0.367, val_accuracy=0.646, val_f1=0.472, train_loss_epoch=0.887]
Epoch 7:  99%|█████████▉| 119/120 [27:20<00:13,  0.07it/s, v_num=6, train_loss_step=0.983, val_loss=0.890, val_mean_auc=0.674, val_mean_ap=0.367, val_accuracy=0.646, val_f1=0.472, train_loss_epoch=0.887]
Epoch 7:  99%|█████████▉| 119/120 [27:20<00:13,  0.07it/s, v_num=6, train_loss_step=1.060, val_loss=0.890, val_mean_auc=0.674, val_mean_ap=0.367, val_accuracy=0.646, val_f1=0.472, train_loss_epoch=0.887]
Epoch 7: 100%|██████████| 120/120 [27:21<00:00,  0.07it/s, v_num=6, train_loss_step=1.060, val_loss=0.890, val_mean_auc=0.674, val_mean_ap=0.367, val_accuracy=0.646, val_f1=0.472, train_loss_epoch=0.887]
Epoch 7: 100%|██████████| 120/120 [27:21<00:00,  0.07it/s, v_num=6, train_loss_step=1.000, val_loss=0.890, val_mean_auc=0.674, val_mean_ap=0.367, val_accuracy=0.646, val_f1=0.472, train_loss_epoch=0.887]

Validation: |          | 0/? [00:00<?, ?it/s][A

Validation: |          | 0/? [00:00<?, ?it/s][A

Validation DataLoader 0:   0%|          | 0/15 [00:00<?, ?it/s][A

Validation DataLoader 0:   7%|▋         | 1/15 [00:00<00:06,  2.07it/s][A

Validation DataLoader 0:  13%|█▎        | 2/15 [00:00<00:06,  2.09it/s][A

Validation DataLoader 0:  20%|██        | 3/15 [00:22<01:31,  0.13it/s][A

Validation DataLoader 0:  27%|██▋       | 4/15 [00:23<01:04,  0.17it/s][A

Validation DataLoader 0:  33%|███▎      | 5/15 [00:49<01:38,  0.10it/s][A

Validation DataLoader 0:  40%|████      | 6/15 [00:49<01:14,  0.12it/s][A

Validation DataLoader 0:  47%|████▋     | 7/15 [01:12<01:23,  0.10it/s][A

Validation DataLoader 0:  53%|█████▎    | 8/15 [01:13<01:04,  0.11it/s][A

Validation DataLoader 0:  60%|██████    | 9/15 [01:32<01:01,  0.10it/s][A

Validation DataLoader 0:  67%|██████▋   | 10/15 [01:32<00:46,  0.11it/s][A

Validation DataLoader 0:  73%|███████▎  | 11/15 [01:59<00:43,  0.09it/s][A

Validation DataLoader 0:  80%|████████  | 12/15 [01:59<00:29,  0.10it/s][A

Validation DataLoader 0:  87%|████████▋ | 13/15 [02:25<00:22,  0.09it/s][A

Validation DataLoader 0:  93%|█████████▎| 14/15 [02:25<00:10,  0.10it/s][A

Validation DataLoader 0: 100%|██████████| 15/15 [02:45<00:00,  0.09it/s][A

                                                                        [A
Epoch 7: 100%|██████████| 120/120 [30:34<00:00,  0.07it/s, v_num=6, train_loss_step=1.000, val_loss=0.875, val_mean_auc=0.681, val_mean_ap=0.368, val_accuracy=0.604, val_f1=0.454, train_loss_epoch=0.887]
Epoch 7: 100%|██████████| 120/120 [30:34<00:00,  0.07it/s, v_num=6, train_loss_step=1.000, val_loss=0.875, val_mean_auc=0.681, val_mean_ap=0.368, val_accuracy=0.604, val_f1=0.454, train_loss_epoch=0.889]
Epoch 7:   0%|          | 0/120 [00:00<?, ?it/s, v_num=6, train_loss_step=1.000, val_loss=0.875, val_mean_auc=0.681, val_mean_ap=0.368, val_accuracy=0.604, val_f1=0.454, train_loss_epoch=0.889]          
Epoch 8:   0%|          | 0/120 [00:00<?, ?it/s, v_num=6, train_loss_step=1.000, val_loss=0.875, val_mean_auc=0.681, val_mean_ap=0.368, val_accuracy=0.604, val_f1=0.454, train_loss_epoch=0.889]
Epoch 8:   1%|          | 1/120 [00:29<58:14,  0.03it/s, v_num=6, train_loss_step=1.000, val_loss=0.875, val_mean_auc=0.681, val_mean_ap=0.368, val_accuracy=0.604, val_f1=0.454, train_loss_epoch=0.889]
Epoch 8:   1%|          | 1/120 [00:29<59:07,  0.03it/s, v_num=6, train_loss_step=1.140, val_loss=0.875, val_mean_auc=0.681, val_mean_ap=0.368, val_accuracy=0.604, val_f1=0.454, train_loss_epoch=0.889]
Epoch 8:   2%|▏         | 2/120 [00:29<29:20,  0.07it/s, v_num=6, train_loss_step=1.140, val_loss=0.875, val_mean_auc=0.681, val_mean_ap=0.368, val_accuracy=0.604, val_f1=0.454, train_loss_epoch=0.889]
Epoch 8:   2%|▏         | 2/120 [00:30<29:46,  0.07it/s, v_num=6, train_loss_step=0.679, val_loss=0.875, val_mean_auc=0.681, val_mean_ap=0.368, val_accuracy=0.604, val_f1=0.454, train_loss_epoch=0.889]
Epoch 8:   2%|▎         | 3/120 [00:54<35:30,  0.05it/s, v_num=6, train_loss_step=0.679, val_loss=0.875, val_mean_auc=0.681, val_mean_ap=0.368, val_accuracy=0.604, val_f1=0.454, train_loss_epoch=0.889]
Epoch 8:   2%|▎         | 3/120 [00:55<35:47,  0.05it/s, v_num=6, train_loss_step=1.170, val_loss=0.875, val_mean_auc=0.681, val_mean_ap=0.368, val_accuracy=0.604, val_f1=0.454, train_loss_epoch=0.889]
Epoch 8:   3%|▎         | 4/120 [00:55<26:38,  0.07it/s, v_num=6, train_loss_step=1.170, val_loss=0.875, val_mean_auc=0.681, val_mean_ap=0.368, val_accuracy=0.604, val_f1=0.454, train_loss_epoch=0.889]
Epoch 8:   3%|▎         | 4/120 [00:55<26:50,  0.07it/s, v_num=6, train_loss_step=1.070, val_loss=0.875, val_mean_auc=0.681, val_mean_ap=0.368, val_accuracy=0.604, val_f1=0.454, train_loss_epoch=0.889]
Epoch 8:   4%|▍         | 5/120 [01:17<29:47,  0.06it/s, v_num=6, train_loss_step=1.070, val_loss=0.875, val_mean_auc=0.681, val_mean_ap=0.368, val_accuracy=0.604, val_f1=0.454, train_loss_epoch=0.889]
Epoch 8:   4%|▍         | 5/120 [01:18<29:57,  0.06it/s, v_num=6, train_loss_step=0.690, val_loss=0.875, val_mean_auc=0.681, val_mean_ap=0.368, val_accuracy=0.604, val_f1=0.454, train_loss_epoch=0.889]
Epoch 8:   5%|▌         | 6/120 [01:18<24:45,  0.08it/s, v_num=6, train_loss_step=0.690, val_loss=0.875, val_mean_auc=0.681, val_mean_ap=0.368, val_accuracy=0.604, val_f1=0.454, train_loss_epoch=0.889]
Epoch 8:   5%|▌         | 6/120 [01:18<24:53,  0.08it/s, v_num=6, train_loss_step=0.927, val_loss=0.875, val_mean_auc=0.681, val_mean_ap=0.368, val_accuracy=0.604, val_f1=0.454, train_loss_epoch=0.889]
Epoch 8:   6%|▌         | 7/120 [01:40<27:01,  0.07it/s, v_num=6, train_loss_step=0.927, val_loss=0.875, val_mean_auc=0.681, val_mean_ap=0.368, val_accuracy=0.604, val_f1=0.454, train_loss_epoch=0.889]
Epoch 8:   6%|▌         | 7/120 [01:40<27:08,  0.07it/s, v_num=6, train_loss_step=0.688, val_loss=0.875, val_mean_auc=0.681, val_mean_ap=0.368, val_accuracy=0.604, val_f1=0.454, train_loss_epoch=0.889]
Epoch 8:   7%|▋         | 8/120 [01:40<23:32,  0.08it/s, v_num=6, train_loss_step=0.688, val_loss=0.875, val_mean_auc=0.681, val_mean_ap=0.368, val_accuracy=0.604, val_f1=0.454, train_loss_epoch=0.889]
Epoch 8:   7%|▋         | 8/120 [01:41<23:38,  0.08it/s, v_num=6, train_loss_step=1.220, val_loss=0.875, val_mean_auc=0.681, val_mean_ap=0.368, val_accuracy=0.604, val_f1=0.454, train_loss_epoch=0.889]
Epoch 8:   8%|▊         | 9/120 [02:07<26:12,  0.07it/s, v_num=6, train_loss_step=1.220, val_loss=0.875, val_mean_auc=0.681, val_mean_ap=0.368, val_accuracy=0.604, val_f1=0.454, train_loss_epoch=0.889]
Epoch 8:   8%|▊         | 9/120 [02:07<26:17,  0.07it/s, v_num=6, train_loss_step=0.625, val_loss=0.875, val_mean_auc=0.681, val_mean_ap=0.368, val_accuracy=0.604, val_f1=0.454, train_loss_epoch=0.889]
Epoch 8:   8%|▊         | 10/120 [02:07<23:27,  0.08it/s, v_num=6, train_loss_step=0.625, val_loss=0.875, val_mean_auc=0.681, val_mean_ap=0.368, val_accuracy=0.604, val_f1=0.454, train_loss_epoch=0.889]
Epoch 8:   8%|▊         | 10/120 [02:08<23:32,  0.08it/s, v_num=6, train_loss_step=0.855, val_loss=0.875, val_mean_auc=0.681, val_mean_ap=0.368, val_accuracy=0.604, val_f1=0.454, train_loss_epoch=0.889]
Epoch 8:   9%|▉         | 11/120 [02:33<25:17,  0.07it/s, v_num=6, train_loss_step=0.855, val_loss=0.875, val_mean_auc=0.681, val_mean_ap=0.368, val_accuracy=0.604, val_f1=0.454, train_loss_epoch=0.889]
Epoch 8:   9%|▉         | 11/120 [02:33<25:21,  0.07it/s, v_num=6, train_loss_step=0.756, val_loss=0.875, val_mean_auc=0.681, val_mean_ap=0.368, val_accuracy=0.604, val_f1=0.454, train_loss_epoch=0.889]
Epoch 8:  10%|█         | 12/120 [02:33<23:02,  0.08it/s, v_num=6, train_loss_step=0.756, val_loss=0.875, val_mean_auc=0.681, val_mean_ap=0.368, val_accuracy=0.604, val_f1=0.454, train_loss_epoch=0.889]
Epoch 8:  10%|█         | 12/120 [02:34<23:06,  0.08it/s, v_num=6, train_loss_step=0.928, val_loss=0.875, val_mean_auc=0.681, val_mean_ap=0.368, val_accuracy=0.604, val_f1=0.454, train_loss_epoch=0.889]
Epoch 8:  11%|█         | 13/120 [03:04<25:16,  0.07it/s, v_num=6, train_loss_step=0.928, val_loss=0.875, val_mean_auc=0.681, val_mean_ap=0.368, val_accuracy=0.604, val_f1=0.454, train_loss_epoch=0.889]
Epoch 8:  11%|█         | 13/120 [03:04<25:20,  0.07it/s, v_num=6, train_loss_step=0.713, val_loss=0.875, val_mean_auc=0.681, val_mean_ap=0.368, val_accuracy=0.604, val_f1=0.454, train_loss_epoch=0.889]
Epoch 8:  12%|█▏        | 14/120 [03:04<23:18,  0.08it/s, v_num=6, train_loss_step=0.713, val_loss=0.875, val_mean_auc=0.681, val_mean_ap=0.368, val_accuracy=0.604, val_f1=0.454, train_loss_epoch=0.889]
Epoch 8:  12%|█▏        | 14/120 [03:05<23:21,  0.08it/s, v_num=6, train_loss_step=0.781, val_loss=0.875, val_mean_auc=0.681, val_mean_ap=0.368, val_accuracy=0.604, val_f1=0.454, train_loss_epoch=0.889]
Epoch 8:  12%|█▎        | 15/120 [03:39<25:36,  0.07it/s, v_num=6, train_loss_step=0.781, val_loss=0.875, val_mean_auc=0.681, val_mean_ap=0.368, val_accuracy=0.604, val_f1=0.454, train_loss_epoch=0.889]
Epoch 8:  12%|█▎        | 15/120 [03:39<25:39,  0.07it/s, v_num=6, train_loss_step=0.540, val_loss=0.875, val_mean_auc=0.681, val_mean_ap=0.368, val_accuracy=0.604, val_f1=0.454, train_loss_epoch=0.889]
Epoch 8:  13%|█▎        | 16/120 [03:39<23:49,  0.07it/s, v_num=6, train_loss_step=0.540, val_loss=0.875, val_mean_auc=0.681, val_mean_ap=0.368, val_accuracy=0.604, val_f1=0.454, train_loss_epoch=0.889]
Epoch 8:  13%|█▎        | 16/120 [03:40<23:52,  0.07it/s, v_num=6, train_loss_step=0.920, val_loss=0.875, val_mean_auc=0.681, val_mean_ap=0.368, val_accuracy=0.604, val_f1=0.454, train_loss_epoch=0.889]
Epoch 8:  14%|█▍        | 17/120 [04:08<25:08,  0.07it/s, v_num=6, train_loss_step=0.920, val_loss=0.875, val_mean_auc=0.681, val_mean_ap=0.368, val_accuracy=0.604, val_f1=0.454, train_loss_epoch=0.889]
Epoch 8:  14%|█▍        | 17/120 [04:09<25:11,  0.07it/s, v_num=6, train_loss_step=1.110, val_loss=0.875, val_mean_auc=0.681, val_mean_ap=0.368, val_accuracy=0.604, val_f1=0.454, train_loss_epoch=0.889]
Epoch 8:  15%|█▌        | 18/120 [04:09<23:33,  0.07it/s, v_num=6, train_loss_step=1.110, val_loss=0.875, val_mean_auc=0.681, val_mean_ap=0.368, val_accuracy=0.604, val_f1=0.454, train_loss_epoch=0.889]
Epoch 8:  15%|█▌        | 18/120 [04:09<23:35,  0.07it/s, v_num=6, train_loss_step=0.822, val_loss=0.875, val_mean_auc=0.681, val_mean_ap=0.368, val_accuracy=0.604, val_f1=0.454, train_loss_epoch=0.889]
Epoch 8:  16%|█▌        | 19/120 [04:34<24:16,  0.07it/s, v_num=6, train_loss_step=0.822, val_loss=0.875, val_mean_auc=0.681, val_mean_ap=0.368, val_accuracy=0.604, val_f1=0.454, train_loss_epoch=0.889]
Epoch 8:  16%|█▌        | 19/120 [04:34<24:19,  0.07it/s, v_num=6, train_loss_step=0.964, val_loss=0.875, val_mean_auc=0.681, val_mean_ap=0.368, val_accuracy=0.604, val_f1=0.454, train_loss_epoch=0.889]
Epoch 8:  17%|█▋        | 20/120 [04:34<22:52,  0.07it/s, v_num=6, train_loss_step=0.964, val_loss=0.875, val_mean_auc=0.681, val_mean_ap=0.368, val_accuracy=0.604, val_f1=0.454, train_loss_epoch=0.889]
Epoch 8:  17%|█▋        | 20/120 [04:34<22:54,  0.07it/s, v_num=6, train_loss_step=0.805, val_loss=0.875, val_mean_auc=0.681, val_mean_ap=0.368, val_accuracy=0.604, val_f1=0.454, train_loss_epoch=0.889]
Epoch 8:  18%|█▊        | 21/120 [05:06<24:04,  0.07it/s, v_num=6, train_loss_step=0.805, val_loss=0.875, val_mean_auc=0.681, val_mean_ap=0.368, val_accuracy=0.604, val_f1=0.454, train_loss_epoch=0.889]
Epoch 8:  18%|█▊        | 21/120 [05:06<24:06,  0.07it/s, v_num=6, train_loss_step=0.869, val_loss=0.875, val_mean_auc=0.681, val_mean_ap=0.368, val_accuracy=0.604, val_f1=0.454, train_loss_epoch=0.889]
Epoch 8:  18%|█▊        | 22/120 [05:06<22:46,  0.07it/s, v_num=6, train_loss_step=0.869, val_loss=0.875, val_mean_auc=0.681, val_mean_ap=0.368, val_accuracy=0.604, val_f1=0.454, train_loss_epoch=0.889]
Epoch 8:  18%|█▊        | 22/120 [05:07<22:48,  0.07it/s, v_num=6, train_loss_step=0.693, val_loss=0.875, val_mean_auc=0.681, val_mean_ap=0.368, val_accuracy=0.604, val_f1=0.454, train_loss_epoch=0.889]
Epoch 8:  19%|█▉        | 23/120 [05:27<23:01,  0.07it/s, v_num=6, train_loss_step=0.693, val_loss=0.875, val_mean_auc=0.681, val_mean_ap=0.368, val_accuracy=0.604, val_f1=0.454, train_loss_epoch=0.889]
Epoch 8:  19%|█▉        | 23/120 [05:28<23:03,  0.07it/s, v_num=6, train_loss_step=0.827, val_loss=0.875, val_mean_auc=0.681, val_mean_ap=0.368, val_accuracy=0.604, val_f1=0.454, train_loss_epoch=0.889]
Epoch 8:  20%|██        | 24/120 [05:28<21:52,  0.07it/s, v_num=6, train_loss_step=0.827, val_loss=0.875, val_mean_auc=0.681, val_mean_ap=0.368, val_accuracy=0.604, val_f1=0.454, train_loss_epoch=0.889]
Epoch 8:  20%|██        | 24/120 [05:28<21:53,  0.07it/s, v_num=6, train_loss_step=1.210, val_loss=0.875, val_mean_auc=0.681, val_mean_ap=0.368, val_accuracy=0.604, val_f1=0.454, train_loss_epoch=0.889]
Epoch 8:  21%|██        | 25/120 [05:56<22:34,  0.07it/s, v_num=6, train_loss_step=1.210, val_loss=0.875, val_mean_auc=0.681, val_mean_ap=0.368, val_accuracy=0.604, val_f1=0.454, train_loss_epoch=0.889]
Epoch 8:  21%|██        | 25/120 [05:56<22:35,  0.07it/s, v_num=6, train_loss_step=0.796, val_loss=0.875, val_mean_auc=0.681, val_mean_ap=0.368, val_accuracy=0.604, val_f1=0.454, train_loss_epoch=0.889]
Epoch 8:  22%|██▏       | 26/120 [05:56<21:30,  0.07it/s, v_num=6, train_loss_step=0.796, val_loss=0.875, val_mean_auc=0.681, val_mean_ap=0.368, val_accuracy=0.604, val_f1=0.454, train_loss_epoch=0.889]
Epoch 8:  22%|██▏       | 26/120 [05:57<21:31,  0.07it/s, v_num=6, train_loss_step=0.832, val_loss=0.875, val_mean_auc=0.681, val_mean_ap=0.368, val_accuracy=0.604, val_f1=0.454, train_loss_epoch=0.889]
Epoch 8:  22%|██▎       | 27/120 [06:27<22:14,  0.07it/s, v_num=6, train_loss_step=0.832, val_loss=0.875, val_mean_auc=0.681, val_mean_ap=0.368, val_accuracy=0.604, val_f1=0.454, train_loss_epoch=0.889]
Epoch 8:  22%|██▎       | 27/120 [06:27<22:15,  0.07it/s, v_num=6, train_loss_step=0.788, val_loss=0.875, val_mean_auc=0.681, val_mean_ap=0.368, val_accuracy=0.604, val_f1=0.454, train_loss_epoch=0.889]
Epoch 8:  23%|██▎       | 28/120 [06:27<21:14,  0.07it/s, v_num=6, train_loss_step=0.788, val_loss=0.875, val_mean_auc=0.681, val_mean_ap=0.368, val_accuracy=0.604, val_f1=0.454, train_loss_epoch=0.889]
Epoch 8:  23%|██▎       | 28/120 [06:28<21:15,  0.07it/s, v_num=6, train_loss_step=0.776, val_loss=0.875, val_mean_auc=0.681, val_mean_ap=0.368, val_accuracy=0.604, val_f1=0.454, train_loss_epoch=0.889]
Epoch 8:  24%|██▍       | 29/120 [06:50<21:28,  0.07it/s, v_num=6, train_loss_step=0.776, val_loss=0.875, val_mean_auc=0.681, val_mean_ap=0.368, val_accuracy=0.604, val_f1=0.454, train_loss_epoch=0.889]
Epoch 8:  24%|██▍       | 29/120 [06:51<21:30,  0.07it/s, v_num=6, train_loss_step=0.373, val_loss=0.875, val_mean_auc=0.681, val_mean_ap=0.368, val_accuracy=0.604, val_f1=0.454, train_loss_epoch=0.889]
Epoch 8:  25%|██▌       | 30/120 [06:51<20:33,  0.07it/s, v_num=6, train_loss_step=0.373, val_loss=0.875, val_mean_auc=0.681, val_mean_ap=0.368, val_accuracy=0.604, val_f1=0.454, train_loss_epoch=0.889]
Epoch 8:  25%|██▌       | 30/120 [06:51<20:34,  0.07it/s, v_num=6, train_loss_step=0.715, val_loss=0.875, val_mean_auc=0.681, val_mean_ap=0.368, val_accuracy=0.604, val_f1=0.454, train_loss_epoch=0.889]
Epoch 8:  26%|██▌       | 31/120 [07:12<20:41,  0.07it/s, v_num=6, train_loss_step=0.715, val_loss=0.875, val_mean_auc=0.681, val_mean_ap=0.368, val_accuracy=0.604, val_f1=0.454, train_loss_epoch=0.889]
Epoch 8:  26%|██▌       | 31/120 [07:12<20:43,  0.07it/s, v_num=6, train_loss_step=0.717, val_loss=0.875, val_mean_auc=0.681, val_mean_ap=0.368, val_accuracy=0.604, val_f1=0.454, train_loss_epoch=0.889]
Epoch 8:  27%|██▋       | 32/120 [07:13<19:50,  0.07it/s, v_num=6, train_loss_step=0.717, val_loss=0.875, val_mean_auc=0.681, val_mean_ap=0.368, val_accuracy=0.604, val_f1=0.454, train_loss_epoch=0.889]
Epoch 8:  27%|██▋       | 32/120 [07:13<19:51,  0.07it/s, v_num=6, train_loss_step=0.682, val_loss=0.875, val_mean_auc=0.681, val_mean_ap=0.368, val_accuracy=0.604, val_f1=0.454, train_loss_epoch=0.889]
Epoch 8:  28%|██▊       | 33/120 [07:43<20:21,  0.07it/s, v_num=6, train_loss_step=0.682, val_loss=0.875, val_mean_auc=0.681, val_mean_ap=0.368, val_accuracy=0.604, val_f1=0.454, train_loss_epoch=0.889]
Epoch 8:  28%|██▊       | 33/120 [07:43<20:22,  0.07it/s, v_num=6, train_loss_step=1.010, val_loss=0.875, val_mean_auc=0.681, val_mean_ap=0.368, val_accuracy=0.604, val_f1=0.454, train_loss_epoch=0.889]
Epoch 8:  28%|██▊       | 34/120 [07:43<19:33,  0.07it/s, v_num=6, train_loss_step=1.010, val_loss=0.875, val_mean_auc=0.681, val_mean_ap=0.368, val_accuracy=0.604, val_f1=0.454, train_loss_epoch=0.889]
Epoch 8:  28%|██▊       | 34/120 [07:44<19:34,  0.07it/s, v_num=6, train_loss_step=1.160, val_loss=0.875, val_mean_auc=0.681, val_mean_ap=0.368, val_accuracy=0.604, val_f1=0.454, train_loss_epoch=0.889]
Epoch 8:  29%|██▉       | 35/120 [08:09<19:48,  0.07it/s, v_num=6, train_loss_step=1.160, val_loss=0.875, val_mean_auc=0.681, val_mean_ap=0.368, val_accuracy=0.604, val_f1=0.454, train_loss_epoch=0.889]
Epoch 8:  29%|██▉       | 35/120 [08:09<19:49,  0.07it/s, v_num=6, train_loss_step=0.937, val_loss=0.875, val_mean_auc=0.681, val_mean_ap=0.368, val_accuracy=0.604, val_f1=0.454, train_loss_epoch=0.889]
Epoch 8:  30%|███       | 36/120 [08:09<19:03,  0.07it/s, v_num=6, train_loss_step=0.937, val_loss=0.875, val_mean_auc=0.681, val_mean_ap=0.368, val_accuracy=0.604, val_f1=0.454, train_loss_epoch=0.889]
Epoch 8:  30%|███       | 36/120 [08:10<19:04,  0.07it/s, v_num=6, train_loss_step=0.799, val_loss=0.875, val_mean_auc=0.681, val_mean_ap=0.368, val_accuracy=0.604, val_f1=0.454, train_loss_epoch=0.889]
Epoch 8:  31%|███       | 37/120 [08:32<19:10,  0.07it/s, v_num=6, train_loss_step=0.799, val_loss=0.875, val_mean_auc=0.681, val_mean_ap=0.368, val_accuracy=0.604, val_f1=0.454, train_loss_epoch=0.889]
Epoch 8:  31%|███       | 37/120 [08:33<19:11,  0.07it/s, v_num=6, train_loss_step=0.509, val_loss=0.875, val_mean_auc=0.681, val_mean_ap=0.368, val_accuracy=0.604, val_f1=0.454, train_loss_epoch=0.889]
Epoch 8:  32%|███▏      | 38/120 [08:33<18:27,  0.07it/s, v_num=6, train_loss_step=0.509, val_loss=0.875, val_mean_auc=0.681, val_mean_ap=0.368, val_accuracy=0.604, val_f1=0.454, train_loss_epoch=0.889]
Epoch 8:  32%|███▏      | 38/120 [08:33<18:28,  0.07it/s, v_num=6, train_loss_step=0.915, val_loss=0.875, val_mean_auc=0.681, val_mean_ap=0.368, val_accuracy=0.604, val_f1=0.454, train_loss_epoch=0.889]
Epoch 8:  32%|███▎      | 39/120 [09:03<18:49,  0.07it/s, v_num=6, train_loss_step=0.915, val_loss=0.875, val_mean_auc=0.681, val_mean_ap=0.368, val_accuracy=0.604, val_f1=0.454, train_loss_epoch=0.889]
Epoch 8:  32%|███▎      | 39/120 [09:04<18:50,  0.07it/s, v_num=6, train_loss_step=0.721, val_loss=0.875, val_mean_auc=0.681, val_mean_ap=0.368, val_accuracy=0.604, val_f1=0.454, train_loss_epoch=0.889]
Epoch 8:  33%|███▎      | 40/120 [09:04<18:08,  0.07it/s, v_num=6, train_loss_step=0.721, val_loss=0.875, val_mean_auc=0.681, val_mean_ap=0.368, val_accuracy=0.604, val_f1=0.454, train_loss_epoch=0.889]
Epoch 8:  33%|███▎      | 40/120 [09:04<18:09,  0.07it/s, v_num=6, train_loss_step=0.923, val_loss=0.875, val_mean_auc=0.681, val_mean_ap=0.368, val_accuracy=0.604, val_f1=0.454, train_loss_epoch=0.889]
Epoch 8:  34%|███▍      | 41/120 [09:26<18:10,  0.07it/s, v_num=6, train_loss_step=0.923, val_loss=0.875, val_mean_auc=0.681, val_mean_ap=0.368, val_accuracy=0.604, val_f1=0.454, train_loss_epoch=0.889]
Epoch 8:  34%|███▍      | 41/120 [09:26<18:11,  0.07it/s, v_num=6, train_loss_step=0.770, val_loss=0.875, val_mean_auc=0.681, val_mean_ap=0.368, val_accuracy=0.604, val_f1=0.454, train_loss_epoch=0.889]
Epoch 8:  35%|███▌      | 42/120 [09:26<17:32,  0.07it/s, v_num=6, train_loss_step=0.770, val_loss=0.875, val_mean_auc=0.681, val_mean_ap=0.368, val_accuracy=0.604, val_f1=0.454, train_loss_epoch=0.889]
Epoch 8:  35%|███▌      | 42/120 [09:26<17:32,  0.07it/s, v_num=6, train_loss_step=1.080, val_loss=0.875, val_mean_auc=0.681, val_mean_ap=0.368, val_accuracy=0.604, val_f1=0.454, train_loss_epoch=0.889]
Epoch 8:  36%|███▌      | 43/120 [09:49<17:35,  0.07it/s, v_num=6, train_loss_step=1.080, val_loss=0.875, val_mean_auc=0.681, val_mean_ap=0.368, val_accuracy=0.604, val_f1=0.454, train_loss_epoch=0.889]
Epoch 8:  36%|███▌      | 43/120 [09:50<17:36,  0.07it/s, v_num=6, train_loss_step=0.382, val_loss=0.875, val_mean_auc=0.681, val_mean_ap=0.368, val_accuracy=0.604, val_f1=0.454, train_loss_epoch=0.889]
Epoch 8:  37%|███▋      | 44/120 [09:50<16:59,  0.07it/s, v_num=6, train_loss_step=0.382, val_loss=0.875, val_mean_auc=0.681, val_mean_ap=0.368, val_accuracy=0.604, val_f1=0.454, train_loss_epoch=0.889]
Epoch 8:  37%|███▋      | 44/120 [09:50<16:59,  0.07it/s, v_num=6, train_loss_step=1.150, val_loss=0.875, val_mean_auc=0.681, val_mean_ap=0.368, val_accuracy=0.604, val_f1=0.454, train_loss_epoch=0.889]
Epoch 8:  38%|███▊      | 45/120 [10:12<17:01,  0.07it/s, v_num=6, train_loss_step=1.150, val_loss=0.875, val_mean_auc=0.681, val_mean_ap=0.368, val_accuracy=0.604, val_f1=0.454, train_loss_epoch=0.889]
Epoch 8:  38%|███▊      | 45/120 [10:13<17:02,  0.07it/s, v_num=6, train_loss_step=0.743, val_loss=0.875, val_mean_auc=0.681, val_mean_ap=0.368, val_accuracy=0.604, val_f1=0.454, train_loss_epoch=0.889]
Epoch 8:  38%|███▊      | 46/120 [10:13<16:26,  0.07it/s, v_num=6, train_loss_step=0.743, val_loss=0.875, val_mean_auc=0.681, val_mean_ap=0.368, val_accuracy=0.604, val_f1=0.454, train_loss_epoch=0.889]
Epoch 8:  38%|███▊      | 46/120 [10:13<16:27,  0.07it/s, v_num=6, train_loss_step=0.906, val_loss=0.875, val_mean_auc=0.681, val_mean_ap=0.368, val_accuracy=0.604, val_f1=0.454, train_loss_epoch=0.889]
Epoch 8:  39%|███▉      | 47/120 [10:41<16:37,  0.07it/s, v_num=6, train_loss_step=0.906, val_loss=0.875, val_mean_auc=0.681, val_mean_ap=0.368, val_accuracy=0.604, val_f1=0.454, train_loss_epoch=0.889]
Epoch 8:  39%|███▉      | 47/120 [10:42<16:37,  0.07it/s, v_num=6, train_loss_step=1.180, val_loss=0.875, val_mean_auc=0.681, val_mean_ap=0.368, val_accuracy=0.604, val_f1=0.454, train_loss_epoch=0.889]
Epoch 8:  40%|████      | 48/120 [10:42<16:03,  0.07it/s, v_num=6, train_loss_step=1.180, val_loss=0.875, val_mean_auc=0.681, val_mean_ap=0.368, val_accuracy=0.604, val_f1=0.454, train_loss_epoch=0.889]
Epoch 8:  40%|████      | 48/120 [10:42<16:04,  0.07it/s, v_num=6, train_loss_step=0.491, val_loss=0.875, val_mean_auc=0.681, val_mean_ap=0.368, val_accuracy=0.604, val_f1=0.454, train_loss_epoch=0.889]
Epoch 8:  41%|████      | 49/120 [11:05<16:04,  0.07it/s, v_num=6, train_loss_step=0.491, val_loss=0.875, val_mean_auc=0.681, val_mean_ap=0.368, val_accuracy=0.604, val_f1=0.454, train_loss_epoch=0.889]
Epoch 8:  41%|████      | 49/120 [11:05<16:04,  0.07it/s, v_num=6, train_loss_step=0.699, val_loss=0.875, val_mean_auc=0.681, val_mean_ap=0.368, val_accuracy=0.604, val_f1=0.454, train_loss_epoch=0.889]
Epoch 8:  42%|████▏     | 50/120 [11:06<15:32,  0.08it/s, v_num=6, train_loss_step=0.699, val_loss=0.875, val_mean_auc=0.681, val_mean_ap=0.368, val_accuracy=0.604, val_f1=0.454, train_loss_epoch=0.889]
Epoch 8:  42%|████▏     | 50/120 [11:06<15:33,  0.08it/s, v_num=6, train_loss_step=0.950, val_loss=0.875, val_mean_auc=0.681, val_mean_ap=0.368, val_accuracy=0.604, val_f1=0.454, train_loss_epoch=0.889]
Epoch 8:  42%|████▎     | 51/120 [11:36<15:42,  0.07it/s, v_num=6, train_loss_step=0.950, val_loss=0.875, val_mean_auc=0.681, val_mean_ap=0.368, val_accuracy=0.604, val_f1=0.454, train_loss_epoch=0.889]
Epoch 8:  42%|████▎     | 51/120 [11:37<15:43,  0.07it/s, v_num=6, train_loss_step=0.883, val_loss=0.875, val_mean_auc=0.681, val_mean_ap=0.368, val_accuracy=0.604, val_f1=0.454, train_loss_epoch=0.889]
Epoch 8:  43%|████▎     | 52/120 [11:37<15:11,  0.07it/s, v_num=6, train_loss_step=0.883, val_loss=0.875, val_mean_auc=0.681, val_mean_ap=0.368, val_accuracy=0.604, val_f1=0.454, train_loss_epoch=0.889]
Epoch 8:  43%|████▎     | 52/120 [11:37<15:12,  0.07it/s, v_num=6, train_loss_step=0.765, val_loss=0.875, val_mean_auc=0.681, val_mean_ap=0.368, val_accuracy=0.604, val_f1=0.454, train_loss_epoch=0.889]
Epoch 8:  44%|████▍     | 53/120 [12:08<15:21,  0.07it/s, v_num=6, train_loss_step=0.765, val_loss=0.875, val_mean_auc=0.681, val_mean_ap=0.368, val_accuracy=0.604, val_f1=0.454, train_loss_epoch=0.889]
Epoch 8:  44%|████▍     | 53/120 [12:09<15:21,  0.07it/s, v_num=6, train_loss_step=0.831, val_loss=0.875, val_mean_auc=0.681, val_mean_ap=0.368, val_accuracy=0.604, val_f1=0.454, train_loss_epoch=0.889]
Epoch 8:  45%|████▌     | 54/120 [12:09<14:51,  0.07it/s, v_num=6, train_loss_step=0.831, val_loss=0.875, val_mean_auc=0.681, val_mean_ap=0.368, val_accuracy=0.604, val_f1=0.454, train_loss_epoch=0.889]
Epoch 8:  45%|████▌     | 54/120 [12:09<14:51,  0.07it/s, v_num=6, train_loss_step=1.490, val_loss=0.875, val_mean_auc=0.681, val_mean_ap=0.368, val_accuracy=0.604, val_f1=0.454, train_loss_epoch=0.889]
Epoch 8:  46%|████▌     | 55/120 [12:27<14:43,  0.07it/s, v_num=6, train_loss_step=1.490, val_loss=0.875, val_mean_auc=0.681, val_mean_ap=0.368, val_accuracy=0.604, val_f1=0.454, train_loss_epoch=0.889]
Epoch 8:  46%|████▌     | 55/120 [12:28<14:44,  0.07it/s, v_num=6, train_loss_step=1.020, val_loss=0.875, val_mean_auc=0.681, val_mean_ap=0.368, val_accuracy=0.604, val_f1=0.454, train_loss_epoch=0.889]
Epoch 8:  47%|████▋     | 56/120 [12:28<14:15,  0.07it/s, v_num=6, train_loss_step=1.020, val_loss=0.875, val_mean_auc=0.681, val_mean_ap=0.368, val_accuracy=0.604, val_f1=0.454, train_loss_epoch=0.889]
Epoch 8:  47%|████▋     | 56/120 [12:28<14:15,  0.07it/s, v_num=6, train_loss_step=0.529, val_loss=0.875, val_mean_auc=0.681, val_mean_ap=0.368, val_accuracy=0.604, val_f1=0.454, train_loss_epoch=0.889]
Epoch 8:  48%|████▊     | 57/120 [12:54<14:15,  0.07it/s, v_num=6, train_loss_step=0.529, val_loss=0.875, val_mean_auc=0.681, val_mean_ap=0.368, val_accuracy=0.604, val_f1=0.454, train_loss_epoch=0.889]
Epoch 8:  48%|████▊     | 57/120 [12:54<14:15,  0.07it/s, v_num=6, train_loss_step=0.929, val_loss=0.875, val_mean_auc=0.681, val_mean_ap=0.368, val_accuracy=0.604, val_f1=0.454, train_loss_epoch=0.889]
Epoch 8:  48%|████▊     | 58/120 [12:54<13:47,  0.07it/s, v_num=6, train_loss_step=0.929, val_loss=0.875, val_mean_auc=0.681, val_mean_ap=0.368, val_accuracy=0.604, val_f1=0.454, train_loss_epoch=0.889]
Epoch 8:  48%|████▊     | 58/120 [12:54<13:48,  0.07it/s, v_num=6, train_loss_step=1.000, val_loss=0.875, val_mean_auc=0.681, val_mean_ap=0.368, val_accuracy=0.604, val_f1=0.454, train_loss_epoch=0.889]
Epoch 8:  49%|████▉     | 59/120 [13:20<13:47,  0.07it/s, v_num=6, train_loss_step=1.000, val_loss=0.875, val_mean_auc=0.681, val_mean_ap=0.368, val_accuracy=0.604, val_f1=0.454, train_loss_epoch=0.889]
Epoch 8:  49%|████▉     | 59/120 [13:20<13:47,  0.07it/s, v_num=6, train_loss_step=1.290, val_loss=0.875, val_mean_auc=0.681, val_mean_ap=0.368, val_accuracy=0.604, val_f1=0.454, train_loss_epoch=0.889]
Epoch 8:  50%|█████     | 60/120 [13:20<13:20,  0.07it/s, v_num=6, train_loss_step=1.290, val_loss=0.875, val_mean_auc=0.681, val_mean_ap=0.368, val_accuracy=0.604, val_f1=0.454, train_loss_epoch=0.889]
Epoch 8:  50%|█████     | 60/120 [13:21<13:21,  0.07it/s, v_num=6, train_loss_step=0.532, val_loss=0.875, val_mean_auc=0.681, val_mean_ap=0.368, val_accuracy=0.604, val_f1=0.454, train_loss_epoch=0.889]
Epoch 8:  51%|█████     | 61/120 [13:48<13:21,  0.07it/s, v_num=6, train_loss_step=0.532, val_loss=0.875, val_mean_auc=0.681, val_mean_ap=0.368, val_accuracy=0.604, val_f1=0.454, train_loss_epoch=0.889]
Epoch 8:  51%|█████     | 61/120 [13:48<13:21,  0.07it/s, v_num=6, train_loss_step=1.250, val_loss=0.875, val_mean_auc=0.681, val_mean_ap=0.368, val_accuracy=0.604, val_f1=0.454, train_loss_epoch=0.889]
Epoch 8:  52%|█████▏    | 62/120 [13:48<12:55,  0.07it/s, v_num=6, train_loss_step=1.250, val_loss=0.875, val_mean_auc=0.681, val_mean_ap=0.368, val_accuracy=0.604, val_f1=0.454, train_loss_epoch=0.889]
Epoch 8:  52%|█████▏    | 62/120 [13:49<12:55,  0.07it/s, v_num=6, train_loss_step=0.848, val_loss=0.875, val_mean_auc=0.681, val_mean_ap=0.368, val_accuracy=0.604, val_f1=0.454, train_loss_epoch=0.889]
Epoch 8:  52%|█████▎    | 63/120 [14:21<12:59,  0.07it/s, v_num=6, train_loss_step=0.848, val_loss=0.875, val_mean_auc=0.681, val_mean_ap=0.368, val_accuracy=0.604, val_f1=0.454, train_loss_epoch=0.889]
Epoch 8:  52%|█████▎    | 63/120 [14:21<12:59,  0.07it/s, v_num=6, train_loss_step=0.524, val_loss=0.875, val_mean_auc=0.681, val_mean_ap=0.368, val_accuracy=0.604, val_f1=0.454, train_loss_epoch=0.889]
Epoch 8:  53%|█████▎    | 64/120 [14:21<12:33,  0.07it/s, v_num=6, train_loss_step=0.524, val_loss=0.875, val_mean_auc=0.681, val_mean_ap=0.368, val_accuracy=0.604, val_f1=0.454, train_loss_epoch=0.889]
Epoch 8:  53%|█████▎    | 64/120 [14:21<12:34,  0.07it/s, v_num=6, train_loss_step=0.990, val_loss=0.875, val_mean_auc=0.681, val_mean_ap=0.368, val_accuracy=0.604, val_f1=0.454, train_loss_epoch=0.889]
Epoch 8:  54%|█████▍    | 65/120 [14:54<12:36,  0.07it/s, v_num=6, train_loss_step=0.990, val_loss=0.875, val_mean_auc=0.681, val_mean_ap=0.368, val_accuracy=0.604, val_f1=0.454, train_loss_epoch=0.889]
Epoch 8:  54%|█████▍    | 65/120 [14:55<12:37,  0.07it/s, v_num=6, train_loss_step=0.709, val_loss=0.875, val_mean_auc=0.681, val_mean_ap=0.368, val_accuracy=0.604, val_f1=0.454, train_loss_epoch=0.889]
Epoch 8:  55%|█████▌    | 66/120 [14:55<12:12,  0.07it/s, v_num=6, train_loss_step=0.709, val_loss=0.875, val_mean_auc=0.681, val_mean_ap=0.368, val_accuracy=0.604, val_f1=0.454, train_loss_epoch=0.889]
Epoch 8:  55%|█████▌    | 66/120 [14:55<12:12,  0.07it/s, v_num=6, train_loss_step=1.460, val_loss=0.875, val_mean_auc=0.681, val_mean_ap=0.368, val_accuracy=0.604, val_f1=0.454, train_loss_epoch=0.889]
Epoch 8:  56%|█████▌    | 67/120 [15:17<12:06,  0.07it/s, v_num=6, train_loss_step=1.460, val_loss=0.875, val_mean_auc=0.681, val_mean_ap=0.368, val_accuracy=0.604, val_f1=0.454, train_loss_epoch=0.889]
Epoch 8:  56%|█████▌    | 67/120 [15:18<12:06,  0.07it/s, v_num=6, train_loss_step=0.800, val_loss=0.875, val_mean_auc=0.681, val_mean_ap=0.368, val_accuracy=0.604, val_f1=0.454, train_loss_epoch=0.889]
Epoch 8:  57%|█████▋    | 68/120 [15:18<11:42,  0.07it/s, v_num=6, train_loss_step=0.800, val_loss=0.875, val_mean_auc=0.681, val_mean_ap=0.368, val_accuracy=0.604, val_f1=0.454, train_loss_epoch=0.889]
Epoch 8:  57%|█████▋    | 68/120 [15:18<11:42,  0.07it/s, v_num=6, train_loss_step=0.787, val_loss=0.875, val_mean_auc=0.681, val_mean_ap=0.368, val_accuracy=0.604, val_f1=0.454, train_loss_epoch=0.889]
Epoch 8:  57%|█████▊    | 69/120 [15:45<11:39,  0.07it/s, v_num=6, train_loss_step=0.787, val_loss=0.875, val_mean_auc=0.681, val_mean_ap=0.368, val_accuracy=0.604, val_f1=0.454, train_loss_epoch=0.889]
Epoch 8:  57%|█████▊    | 69/120 [15:46<11:39,  0.07it/s, v_num=6, train_loss_step=0.601, val_loss=0.875, val_mean_auc=0.681, val_mean_ap=0.368, val_accuracy=0.604, val_f1=0.454, train_loss_epoch=0.889]
Epoch 8:  58%|█████▊    | 70/120 [15:46<11:16,  0.07it/s, v_num=6, train_loss_step=0.601, val_loss=0.875, val_mean_auc=0.681, val_mean_ap=0.368, val_accuracy=0.604, val_f1=0.454, train_loss_epoch=0.889]
Epoch 8:  58%|█████▊    | 70/120 [15:46<11:16,  0.07it/s, v_num=6, train_loss_step=1.140, val_loss=0.875, val_mean_auc=0.681, val_mean_ap=0.368, val_accuracy=0.604, val_f1=0.454, train_loss_epoch=0.889]
Epoch 8:  59%|█████▉    | 71/120 [16:09<11:08,  0.07it/s, v_num=6, train_loss_step=1.140, val_loss=0.875, val_mean_auc=0.681, val_mean_ap=0.368, val_accuracy=0.604, val_f1=0.454, train_loss_epoch=0.889]
Epoch 8:  59%|█████▉    | 71/120 [16:09<11:09,  0.07it/s, v_num=6, train_loss_step=0.700, val_loss=0.875, val_mean_auc=0.681, val_mean_ap=0.368, val_accuracy=0.604, val_f1=0.454, train_loss_epoch=0.889]
Epoch 8:  60%|██████    | 72/120 [16:09<10:46,  0.07it/s, v_num=6, train_loss_step=0.700, val_loss=0.875, val_mean_auc=0.681, val_mean_ap=0.368, val_accuracy=0.604, val_f1=0.454, train_loss_epoch=0.889]
Epoch 8:  60%|██████    | 72/120 [16:10<10:46,  0.07it/s, v_num=6, train_loss_step=0.988, val_loss=0.875, val_mean_auc=0.681, val_mean_ap=0.368, val_accuracy=0.604, val_f1=0.454, train_loss_epoch=0.889]
Epoch 8:  61%|██████    | 73/120 [16:39<10:43,  0.07it/s, v_num=6, train_loss_step=0.988, val_loss=0.875, val_mean_auc=0.681, val_mean_ap=0.368, val_accuracy=0.604, val_f1=0.454, train_loss_epoch=0.889]
Epoch 8:  61%|██████    | 73/120 [16:40<10:44,  0.07it/s, v_num=6, train_loss_step=0.967, val_loss=0.875, val_mean_auc=0.681, val_mean_ap=0.368, val_accuracy=0.604, val_f1=0.454, train_loss_epoch=0.889]
Epoch 8:  62%|██████▏   | 74/120 [16:40<10:21,  0.07it/s, v_num=6, train_loss_step=0.967, val_loss=0.875, val_mean_auc=0.681, val_mean_ap=0.368, val_accuracy=0.604, val_f1=0.454, train_loss_epoch=0.889]
Epoch 8:  62%|██████▏   | 74/120 [16:40<10:22,  0.07it/s, v_num=6, train_loss_step=1.210, val_loss=0.875, val_mean_auc=0.681, val_mean_ap=0.368, val_accuracy=0.604, val_f1=0.454, train_loss_epoch=0.889]
Epoch 8:  62%|██████▎   | 75/120 [17:06<10:15,  0.07it/s, v_num=6, train_loss_step=1.210, val_loss=0.875, val_mean_auc=0.681, val_mean_ap=0.368, val_accuracy=0.604, val_f1=0.454, train_loss_epoch=0.889]
Epoch 8:  62%|██████▎   | 75/120 [17:06<10:16,  0.07it/s, v_num=6, train_loss_step=0.574, val_loss=0.875, val_mean_auc=0.681, val_mean_ap=0.368, val_accuracy=0.604, val_f1=0.454, train_loss_epoch=0.889]
Epoch 8:  63%|██████▎   | 76/120 [17:06<09:54,  0.07it/s, v_num=6, train_loss_step=0.574, val_loss=0.875, val_mean_auc=0.681, val_mean_ap=0.368, val_accuracy=0.604, val_f1=0.454, train_loss_epoch=0.889]
Epoch 8:  63%|██████▎   | 76/120 [17:07<09:54,  0.07it/s, v_num=6, train_loss_step=0.714, val_loss=0.875, val_mean_auc=0.681, val_mean_ap=0.368, val_accuracy=0.604, val_f1=0.454, train_loss_epoch=0.889]
Epoch 8:  64%|██████▍   | 77/120 [17:22<09:42,  0.07it/s, v_num=6, train_loss_step=0.714, val_loss=0.875, val_mean_auc=0.681, val_mean_ap=0.368, val_accuracy=0.604, val_f1=0.454, train_loss_epoch=0.889]
Epoch 8:  64%|██████▍   | 77/120 [17:23<09:42,  0.07it/s, v_num=6, train_loss_step=0.859, val_loss=0.875, val_mean_auc=0.681, val_mean_ap=0.368, val_accuracy=0.604, val_f1=0.454, train_loss_epoch=0.889]
Epoch 8:  65%|██████▌   | 78/120 [17:23<09:21,  0.07it/s, v_num=6, train_loss_step=0.859, val_loss=0.875, val_mean_auc=0.681, val_mean_ap=0.368, val_accuracy=0.604, val_f1=0.454, train_loss_epoch=0.889]
Epoch 8:  65%|██████▌   | 78/120 [17:23<09:21,  0.07it/s, v_num=6, train_loss_step=0.982, val_loss=0.875, val_mean_auc=0.681, val_mean_ap=0.368, val_accuracy=0.604, val_f1=0.454, train_loss_epoch=0.889]
Epoch 8:  66%|██████▌   | 79/120 [17:48<09:14,  0.07it/s, v_num=6, train_loss_step=0.982, val_loss=0.875, val_mean_auc=0.681, val_mean_ap=0.368, val_accuracy=0.604, val_f1=0.454, train_loss_epoch=0.889]
Epoch 8:  66%|██████▌   | 79/120 [17:49<09:14,  0.07it/s, v_num=6, train_loss_step=1.350, val_loss=0.875, val_mean_auc=0.681, val_mean_ap=0.368, val_accuracy=0.604, val_f1=0.454, train_loss_epoch=0.889]
Epoch 8:  67%|██████▋   | 80/120 [17:49<08:54,  0.07it/s, v_num=6, train_loss_step=1.350, val_loss=0.875, val_mean_auc=0.681, val_mean_ap=0.368, val_accuracy=0.604, val_f1=0.454, train_loss_epoch=0.889]
Epoch 8:  67%|██████▋   | 80/120 [17:49<08:54,  0.07it/s, v_num=6, train_loss_step=0.871, val_loss=0.875, val_mean_auc=0.681, val_mean_ap=0.368, val_accuracy=0.604, val_f1=0.454, train_loss_epoch=0.889]
Epoch 8:  68%|██████▊   | 81/120 [18:19<08:49,  0.07it/s, v_num=6, train_loss_step=0.871, val_loss=0.875, val_mean_auc=0.681, val_mean_ap=0.368, val_accuracy=0.604, val_f1=0.454, train_loss_epoch=0.889]
Epoch 8:  68%|██████▊   | 81/120 [18:20<08:49,  0.07it/s, v_num=6, train_loss_step=0.585, val_loss=0.875, val_mean_auc=0.681, val_mean_ap=0.368, val_accuracy=0.604, val_f1=0.454, train_loss_epoch=0.889]
Epoch 8:  68%|██████▊   | 82/120 [18:20<08:29,  0.07it/s, v_num=6, train_loss_step=0.585, val_loss=0.875, val_mean_auc=0.681, val_mean_ap=0.368, val_accuracy=0.604, val_f1=0.454, train_loss_epoch=0.889]
Epoch 8:  68%|██████▊   | 82/120 [18:20<08:30,  0.07it/s, v_num=6, train_loss_step=0.904, val_loss=0.875, val_mean_auc=0.681, val_mean_ap=0.368, val_accuracy=0.604, val_f1=0.454, train_loss_epoch=0.889]
Epoch 8:  69%|██████▉   | 83/120 [18:43<08:20,  0.07it/s, v_num=6, train_loss_step=0.904, val_loss=0.875, val_mean_auc=0.681, val_mean_ap=0.368, val_accuracy=0.604, val_f1=0.454, train_loss_epoch=0.889]
Epoch 8:  69%|██████▉   | 83/120 [18:43<08:21,  0.07it/s, v_num=6, train_loss_step=1.300, val_loss=0.875, val_mean_auc=0.681, val_mean_ap=0.368, val_accuracy=0.604, val_f1=0.454, train_loss_epoch=0.889]
Epoch 8:  70%|███████   | 84/120 [18:43<08:01,  0.07it/s, v_num=6, train_loss_step=1.300, val_loss=0.875, val_mean_auc=0.681, val_mean_ap=0.368, val_accuracy=0.604, val_f1=0.454, train_loss_epoch=0.889]
Epoch 8:  70%|███████   | 84/120 [18:44<08:01,  0.07it/s, v_num=6, train_loss_step=0.823, val_loss=0.875, val_mean_auc=0.681, val_mean_ap=0.368, val_accuracy=0.604, val_f1=0.454, train_loss_epoch=0.889]
Epoch 8:  71%|███████   | 85/120 [19:10<07:53,  0.07it/s, v_num=6, train_loss_step=0.823, val_loss=0.875, val_mean_auc=0.681, val_mean_ap=0.368, val_accuracy=0.604, val_f1=0.454, train_loss_epoch=0.889]
Epoch 8:  71%|███████   | 85/120 [19:11<07:53,  0.07it/s, v_num=6, train_loss_step=0.990, val_loss=0.875, val_mean_auc=0.681, val_mean_ap=0.368, val_accuracy=0.604, val_f1=0.454, train_loss_epoch=0.889]
Epoch 8:  72%|███████▏  | 86/120 [19:11<07:35,  0.07it/s, v_num=6, train_loss_step=0.990, val_loss=0.875, val_mean_auc=0.681, val_mean_ap=0.368, val_accuracy=0.604, val_f1=0.454, train_loss_epoch=0.889]
Epoch 8:  72%|███████▏  | 86/120 [19:11<07:35,  0.07it/s, v_num=6, train_loss_step=0.639, val_loss=0.875, val_mean_auc=0.681, val_mean_ap=0.368, val_accuracy=0.604, val_f1=0.454, train_loss_epoch=0.889]
Epoch 8:  72%|███████▎  | 87/120 [19:36<07:26,  0.07it/s, v_num=6, train_loss_step=0.639, val_loss=0.875, val_mean_auc=0.681, val_mean_ap=0.368, val_accuracy=0.604, val_f1=0.454, train_loss_epoch=0.889]
Epoch 8:  72%|███████▎  | 87/120 [19:36<07:26,  0.07it/s, v_num=6, train_loss_step=0.550, val_loss=0.875, val_mean_auc=0.681, val_mean_ap=0.368, val_accuracy=0.604, val_f1=0.454, train_loss_epoch=0.889]
Epoch 8:  73%|███████▎  | 88/120 [19:36<07:07,  0.07it/s, v_num=6, train_loss_step=0.550, val_loss=0.875, val_mean_auc=0.681, val_mean_ap=0.368, val_accuracy=0.604, val_f1=0.454, train_loss_epoch=0.889]
Epoch 8:  73%|███████▎  | 88/120 [19:36<07:07,  0.07it/s, v_num=6, train_loss_step=0.793, val_loss=0.875, val_mean_auc=0.681, val_mean_ap=0.368, val_accuracy=0.604, val_f1=0.454, train_loss_epoch=0.889]
Epoch 8:  74%|███████▍  | 89/120 [19:59<06:57,  0.07it/s, v_num=6, train_loss_step=0.793, val_loss=0.875, val_mean_auc=0.681, val_mean_ap=0.368, val_accuracy=0.604, val_f1=0.454, train_loss_epoch=0.889]
Epoch 8:  74%|███████▍  | 89/120 [20:00<06:58,  0.07it/s, v_num=6, train_loss_step=0.809, val_loss=0.875, val_mean_auc=0.681, val_mean_ap=0.368, val_accuracy=0.604, val_f1=0.454, train_loss_epoch=0.889]
Epoch 8:  75%|███████▌  | 90/120 [20:00<06:40,  0.07it/s, v_num=6, train_loss_step=0.809, val_loss=0.875, val_mean_auc=0.681, val_mean_ap=0.368, val_accuracy=0.604, val_f1=0.454, train_loss_epoch=0.889]
Epoch 8:  75%|███████▌  | 90/120 [20:00<06:40,  0.07it/s, v_num=6, train_loss_step=0.906, val_loss=0.875, val_mean_auc=0.681, val_mean_ap=0.368, val_accuracy=0.604, val_f1=0.454, train_loss_epoch=0.889]
Epoch 8:  76%|███████▌  | 91/120 [20:20<06:28,  0.07it/s, v_num=6, train_loss_step=0.906, val_loss=0.875, val_mean_auc=0.681, val_mean_ap=0.368, val_accuracy=0.604, val_f1=0.454, train_loss_epoch=0.889]
Epoch 8:  76%|███████▌  | 91/120 [20:20<06:28,  0.07it/s, v_num=6, train_loss_step=1.320, val_loss=0.875, val_mean_auc=0.681, val_mean_ap=0.368, val_accuracy=0.604, val_f1=0.454, train_loss_epoch=0.889]
Epoch 8:  77%|███████▋  | 92/120 [20:20<06:11,  0.08it/s, v_num=6, train_loss_step=1.320, val_loss=0.875, val_mean_auc=0.681, val_mean_ap=0.368, val_accuracy=0.604, val_f1=0.454, train_loss_epoch=0.889]
Epoch 8:  77%|███████▋  | 92/120 [20:21<06:11,  0.08it/s, v_num=6, train_loss_step=0.947, val_loss=0.875, val_mean_auc=0.681, val_mean_ap=0.368, val_accuracy=0.604, val_f1=0.454, train_loss_epoch=0.889]
Epoch 8:  78%|███████▊  | 93/120 [20:45<06:01,  0.07it/s, v_num=6, train_loss_step=0.947, val_loss=0.875, val_mean_auc=0.681, val_mean_ap=0.368, val_accuracy=0.604, val_f1=0.454, train_loss_epoch=0.889]
Epoch 8:  78%|███████▊  | 93/120 [20:46<06:01,  0.07it/s, v_num=6, train_loss_step=0.863, val_loss=0.875, val_mean_auc=0.681, val_mean_ap=0.368, val_accuracy=0.604, val_f1=0.454, train_loss_epoch=0.889]
Epoch 8:  78%|███████▊  | 94/120 [20:46<05:44,  0.08it/s, v_num=6, train_loss_step=0.863, val_loss=0.875, val_mean_auc=0.681, val_mean_ap=0.368, val_accuracy=0.604, val_f1=0.454, train_loss_epoch=0.889]
Epoch 8:  78%|███████▊  | 94/120 [20:46<05:44,  0.08it/s, v_num=6, train_loss_step=0.689, val_loss=0.875, val_mean_auc=0.681, val_mean_ap=0.368, val_accuracy=0.604, val_f1=0.454, train_loss_epoch=0.889]
Epoch 8:  79%|███████▉  | 95/120 [21:17<05:36,  0.07it/s, v_num=6, train_loss_step=0.689, val_loss=0.875, val_mean_auc=0.681, val_mean_ap=0.368, val_accuracy=0.604, val_f1=0.454, train_loss_epoch=0.889]
Epoch 8:  79%|███████▉  | 95/120 [21:17<05:36,  0.07it/s, v_num=6, train_loss_step=0.709, val_loss=0.875, val_mean_auc=0.681, val_mean_ap=0.368, val_accuracy=0.604, val_f1=0.454, train_loss_epoch=0.889]
Epoch 8:  80%|████████  | 96/120 [21:18<05:19,  0.08it/s, v_num=6, train_loss_step=0.709, val_loss=0.875, val_mean_auc=0.681, val_mean_ap=0.368, val_accuracy=0.604, val_f1=0.454, train_loss_epoch=0.889]
Epoch 8:  80%|████████  | 96/120 [21:18<05:19,  0.08it/s, v_num=6, train_loss_step=1.120, val_loss=0.875, val_mean_auc=0.681, val_mean_ap=0.368, val_accuracy=0.604, val_f1=0.454, train_loss_epoch=0.889]
Epoch 8:  81%|████████  | 97/120 [21:36<05:07,  0.07it/s, v_num=6, train_loss_step=1.120, val_loss=0.875, val_mean_auc=0.681, val_mean_ap=0.368, val_accuracy=0.604, val_f1=0.454, train_loss_epoch=0.889]
Epoch 8:  81%|████████  | 97/120 [21:37<05:07,  0.07it/s, v_num=6, train_loss_step=0.761, val_loss=0.875, val_mean_auc=0.681, val_mean_ap=0.368, val_accuracy=0.604, val_f1=0.454, train_loss_epoch=0.889]
Epoch 8:  82%|████████▏ | 98/120 [21:41<04:52,  0.08it/s, v_num=6, train_loss_step=0.761, val_loss=0.875, val_mean_auc=0.681, val_mean_ap=0.368, val_accuracy=0.604, val_f1=0.454, train_loss_epoch=0.889]
Epoch 8:  82%|████████▏ | 98/120 [21:42<04:52,  0.08it/s, v_num=6, train_loss_step=0.794, val_loss=0.875, val_mean_auc=0.681, val_mean_ap=0.368, val_accuracy=0.604, val_f1=0.454, train_loss_epoch=0.889]
Epoch 8:  82%|████████▎ | 99/120 [22:03<04:40,  0.07it/s, v_num=6, train_loss_step=0.794, val_loss=0.875, val_mean_auc=0.681, val_mean_ap=0.368, val_accuracy=0.604, val_f1=0.454, train_loss_epoch=0.889]
Epoch 8:  82%|████████▎ | 99/120 [22:03<04:40,  0.07it/s, v_num=6, train_loss_step=0.734, val_loss=0.875, val_mean_auc=0.681, val_mean_ap=0.368, val_accuracy=0.604, val_f1=0.454, train_loss_epoch=0.889]
Epoch 8:  83%|████████▎ | 100/120 [22:09<04:25,  0.08it/s, v_num=6, train_loss_step=0.734, val_loss=0.875, val_mean_auc=0.681, val_mean_ap=0.368, val_accuracy=0.604, val_f1=0.454, train_loss_epoch=0.889]
Epoch 8:  83%|████████▎ | 100/120 [22:10<04:26,  0.08it/s, v_num=6, train_loss_step=0.786, val_loss=0.875, val_mean_auc=0.681, val_mean_ap=0.368, val_accuracy=0.604, val_f1=0.454, train_loss_epoch=0.889]
Epoch 8:  84%|████████▍ | 101/120 [22:31<04:14,  0.07it/s, v_num=6, train_loss_step=0.786, val_loss=0.875, val_mean_auc=0.681, val_mean_ap=0.368, val_accuracy=0.604, val_f1=0.454, train_loss_epoch=0.889]
Epoch 8:  84%|████████▍ | 101/120 [22:32<04:14,  0.07it/s, v_num=6, train_loss_step=1.070, val_loss=0.875, val_mean_auc=0.681, val_mean_ap=0.368, val_accuracy=0.604, val_f1=0.454, train_loss_epoch=0.889]
Epoch 8:  85%|████████▌ | 102/120 [22:37<03:59,  0.08it/s, v_num=6, train_loss_step=1.070, val_loss=0.875, val_mean_auc=0.681, val_mean_ap=0.368, val_accuracy=0.604, val_f1=0.454, train_loss_epoch=0.889]
Epoch 8:  85%|████████▌ | 102/120 [22:37<03:59,  0.08it/s, v_num=6, train_loss_step=1.040, val_loss=0.875, val_mean_auc=0.681, val_mean_ap=0.368, val_accuracy=0.604, val_f1=0.454, train_loss_epoch=0.889]
Epoch 8:  86%|████████▌ | 103/120 [23:03<03:48,  0.07it/s, v_num=6, train_loss_step=1.040, val_loss=0.875, val_mean_auc=0.681, val_mean_ap=0.368, val_accuracy=0.604, val_f1=0.454, train_loss_epoch=0.889]
Epoch 8:  86%|████████▌ | 103/120 [23:04<03:48,  0.07it/s, v_num=6, train_loss_step=1.210, val_loss=0.875, val_mean_auc=0.681, val_mean_ap=0.368, val_accuracy=0.604, val_f1=0.454, train_loss_epoch=0.889]
Epoch 8:  87%|████████▋ | 104/120 [23:14<03:34,  0.07it/s, v_num=6, train_loss_step=1.210, val_loss=0.875, val_mean_auc=0.681, val_mean_ap=0.368, val_accuracy=0.604, val_f1=0.454, train_loss_epoch=0.889]
Epoch 8:  87%|████████▋ | 104/120 [23:15<03:34,  0.07it/s, v_num=6, train_loss_step=1.070, val_loss=0.875, val_mean_auc=0.681, val_mean_ap=0.368, val_accuracy=0.604, val_f1=0.454, train_loss_epoch=0.889]
Epoch 8:  88%|████████▊ | 105/120 [23:27<03:21,  0.07it/s, v_num=6, train_loss_step=1.070, val_loss=0.875, val_mean_auc=0.681, val_mean_ap=0.368, val_accuracy=0.604, val_f1=0.454, train_loss_epoch=0.889]
Epoch 8:  88%|████████▊ | 105/120 [23:28<03:21,  0.07it/s, v_num=6, train_loss_step=0.508, val_loss=0.875, val_mean_auc=0.681, val_mean_ap=0.368, val_accuracy=0.604, val_f1=0.454, train_loss_epoch=0.889]
Epoch 8:  88%|████████▊ | 106/120 [23:37<03:07,  0.07it/s, v_num=6, train_loss_step=0.508, val_loss=0.875, val_mean_auc=0.681, val_mean_ap=0.368, val_accuracy=0.604, val_f1=0.454, train_loss_epoch=0.889]
Epoch 8:  88%|████████▊ | 106/120 [23:38<03:07,  0.07it/s, v_num=6, train_loss_step=0.858, val_loss=0.875, val_mean_auc=0.681, val_mean_ap=0.368, val_accuracy=0.604, val_f1=0.454, train_loss_epoch=0.889]
Epoch 8:  89%|████████▉ | 107/120 [23:58<02:54,  0.07it/s, v_num=6, train_loss_step=0.858, val_loss=0.875, val_mean_auc=0.681, val_mean_ap=0.368, val_accuracy=0.604, val_f1=0.454, train_loss_epoch=0.889]
Epoch 8:  89%|████████▉ | 107/120 [23:58<02:54,  0.07it/s, v_num=6, train_loss_step=0.811, val_loss=0.875, val_mean_auc=0.681, val_mean_ap=0.368, val_accuracy=0.604, val_f1=0.454, train_loss_epoch=0.889]
Epoch 8:  90%|█████████ | 108/120 [24:09<02:41,  0.07it/s, v_num=6, train_loss_step=0.811, val_loss=0.875, val_mean_auc=0.681, val_mean_ap=0.368, val_accuracy=0.604, val_f1=0.454, train_loss_epoch=0.889]
Epoch 8:  90%|█████████ | 108/120 [24:09<02:41,  0.07it/s, v_num=6, train_loss_step=0.886, val_loss=0.875, val_mean_auc=0.681, val_mean_ap=0.368, val_accuracy=0.604, val_f1=0.454, train_loss_epoch=0.889]
Epoch 8:  91%|█████████ | 109/120 [24:24<02:27,  0.07it/s, v_num=6, train_loss_step=0.886, val_loss=0.875, val_mean_auc=0.681, val_mean_ap=0.368, val_accuracy=0.604, val_f1=0.454, train_loss_epoch=0.889]
Epoch 8:  91%|█████████ | 109/120 [24:24<02:27,  0.07it/s, v_num=6, train_loss_step=1.220, val_loss=0.875, val_mean_auc=0.681, val_mean_ap=0.368, val_accuracy=0.604, val_f1=0.454, train_loss_epoch=0.889]
Epoch 8:  92%|█████████▏| 110/120 [24:37<02:14,  0.07it/s, v_num=6, train_loss_step=1.220, val_loss=0.875, val_mean_auc=0.681, val_mean_ap=0.368, val_accuracy=0.604, val_f1=0.454, train_loss_epoch=0.889]
Epoch 8:  92%|█████████▏| 110/120 [24:37<02:14,  0.07it/s, v_num=6, train_loss_step=1.610, val_loss=0.875, val_mean_auc=0.681, val_mean_ap=0.368, val_accuracy=0.604, val_f1=0.454, train_loss_epoch=0.889]
Epoch 8:  92%|█████████▎| 111/120 [24:48<02:00,  0.07it/s, v_num=6, train_loss_step=1.610, val_loss=0.875, val_mean_auc=0.681, val_mean_ap=0.368, val_accuracy=0.604, val_f1=0.454, train_loss_epoch=0.889]
Epoch 8:  92%|█████████▎| 111/120 [24:48<02:00,  0.07it/s, v_num=6, train_loss_step=0.710, val_loss=0.875, val_mean_auc=0.681, val_mean_ap=0.368, val_accuracy=0.604, val_f1=0.454, train_loss_epoch=0.889]
Epoch 8:  93%|█████████▎| 112/120 [24:59<01:47,  0.07it/s, v_num=6, train_loss_step=0.710, val_loss=0.875, val_mean_auc=0.681, val_mean_ap=0.368, val_accuracy=0.604, val_f1=0.454, train_loss_epoch=0.889]
Epoch 8:  93%|█████████▎| 112/120 [24:59<01:47,  0.07it/s, v_num=6, train_loss_step=0.919, val_loss=0.875, val_mean_auc=0.681, val_mean_ap=0.368, val_accuracy=0.604, val_f1=0.454, train_loss_epoch=0.889]
Epoch 8:  94%|█████████▍| 113/120 [25:09<01:33,  0.07it/s, v_num=6, train_loss_step=0.919, val_loss=0.875, val_mean_auc=0.681, val_mean_ap=0.368, val_accuracy=0.604, val_f1=0.454, train_loss_epoch=0.889]
Epoch 8:  94%|█████████▍| 113/120 [25:09<01:33,  0.07it/s, v_num=6, train_loss_step=0.583, val_loss=0.875, val_mean_auc=0.681, val_mean_ap=0.368, val_accuracy=0.604, val_f1=0.454, train_loss_epoch=0.889]
Epoch 8:  95%|█████████▌| 114/120 [25:29<01:20,  0.07it/s, v_num=6, train_loss_step=0.583, val_loss=0.875, val_mean_auc=0.681, val_mean_ap=0.368, val_accuracy=0.604, val_f1=0.454, train_loss_epoch=0.889]
Epoch 8:  95%|█████████▌| 114/120 [25:30<01:20,  0.07it/s, v_num=6, train_loss_step=0.685, val_loss=0.875, val_mean_auc=0.681, val_mean_ap=0.368, val_accuracy=0.604, val_f1=0.454, train_loss_epoch=0.889]
Epoch 8:  96%|█████████▌| 115/120 [25:34<01:06,  0.07it/s, v_num=6, train_loss_step=0.685, val_loss=0.875, val_mean_auc=0.681, val_mean_ap=0.368, val_accuracy=0.604, val_f1=0.454, train_loss_epoch=0.889]
Epoch 8:  96%|█████████▌| 115/120 [25:34<01:06,  0.07it/s, v_num=6, train_loss_step=1.070, val_loss=0.875, val_mean_auc=0.681, val_mean_ap=0.368, val_accuracy=0.604, val_f1=0.454, train_loss_epoch=0.889]
Epoch 8:  97%|█████████▋| 116/120 [25:59<00:53,  0.07it/s, v_num=6, train_loss_step=1.070, val_loss=0.875, val_mean_auc=0.681, val_mean_ap=0.368, val_accuracy=0.604, val_f1=0.454, train_loss_epoch=0.889]
Epoch 8:  97%|█████████▋| 116/120 [25:59<00:53,  0.07it/s, v_num=6, train_loss_step=1.300, val_loss=0.875, val_mean_auc=0.681, val_mean_ap=0.368, val_accuracy=0.604, val_f1=0.454, train_loss_epoch=0.889]
Epoch 8:  98%|█████████▊| 117/120 [26:03<00:40,  0.07it/s, v_num=6, train_loss_step=1.300, val_loss=0.875, val_mean_auc=0.681, val_mean_ap=0.368, val_accuracy=0.604, val_f1=0.454, train_loss_epoch=0.889]
Epoch 8:  98%|█████████▊| 117/120 [26:03<00:40,  0.07it/s, v_num=6, train_loss_step=0.610, val_loss=0.875, val_mean_auc=0.681, val_mean_ap=0.368, val_accuracy=0.604, val_f1=0.454, train_loss_epoch=0.889]
Epoch 8:  98%|█████████▊| 118/120 [26:25<00:26,  0.07it/s, v_num=6, train_loss_step=0.610, val_loss=0.875, val_mean_auc=0.681, val_mean_ap=0.368, val_accuracy=0.604, val_f1=0.454, train_loss_epoch=0.889]
Epoch 8:  98%|█████████▊| 118/120 [26:25<00:26,  0.07it/s, v_num=6, train_loss_step=0.903, val_loss=0.875, val_mean_auc=0.681, val_mean_ap=0.368, val_accuracy=0.604, val_f1=0.454, train_loss_epoch=0.889]
Epoch 8:  99%|█████████▉| 119/120 [26:25<00:13,  0.08it/s, v_num=6, train_loss_step=0.903, val_loss=0.875, val_mean_auc=0.681, val_mean_ap=0.368, val_accuracy=0.604, val_f1=0.454, train_loss_epoch=0.889]
Epoch 8:  99%|█████████▉| 119/120 [26:26<00:13,  0.08it/s, v_num=6, train_loss_step=1.190, val_loss=0.875, val_mean_auc=0.681, val_mean_ap=0.368, val_accuracy=0.604, val_f1=0.454, train_loss_epoch=0.889]
Epoch 8: 100%|██████████| 120/120 [26:47<00:00,  0.07it/s, v_num=6, train_loss_step=1.190, val_loss=0.875, val_mean_auc=0.681, val_mean_ap=0.368, val_accuracy=0.604, val_f1=0.454, train_loss_epoch=0.889]
Epoch 8: 100%|██████████| 120/120 [26:48<00:00,  0.07it/s, v_num=6, train_loss_step=0.763, val_loss=0.875, val_mean_auc=0.681, val_mean_ap=0.368, val_accuracy=0.604, val_f1=0.454, train_loss_epoch=0.889]

Validation: |          | 0/? [00:00<?, ?it/s][A

Validation: |          | 0/? [00:00<?, ?it/s][A

Validation DataLoader 0:   0%|          | 0/15 [00:00<?, ?it/s][A

Validation DataLoader 0:   7%|▋         | 1/15 [00:00<00:06,  2.08it/s][A

Validation DataLoader 0:  13%|█▎        | 2/15 [00:00<00:06,  2.10it/s][A

Validation DataLoader 0:  20%|██        | 3/15 [00:21<01:26,  0.14it/s][A

Validation DataLoader 0:  27%|██▋       | 4/15 [00:22<01:01,  0.18it/s][A

Validation DataLoader 0:  33%|███▎      | 5/15 [00:45<01:31,  0.11it/s][A

Validation DataLoader 0:  40%|████      | 6/15 [00:46<01:09,  0.13it/s][A

Validation DataLoader 0:  47%|████▋     | 7/15 [01:06<01:16,  0.10it/s][A

Validation DataLoader 0:  53%|█████▎    | 8/15 [01:08<01:00,  0.12it/s][A

Validation DataLoader 0:  60%|██████    | 9/15 [01:24<00:56,  0.11it/s][A

Validation DataLoader 0:  67%|██████▋   | 10/15 [01:34<00:47,  0.11it/s][A

Validation DataLoader 0:  73%|███████▎  | 11/15 [01:50<00:40,  0.10it/s][A

Validation DataLoader 0:  80%|████████  | 12/15 [01:54<00:28,  0.10it/s][A

Validation DataLoader 0:  87%|████████▋ | 13/15 [02:14<00:20,  0.10it/s][A

Validation DataLoader 0:  93%|█████████▎| 14/15 [02:19<00:09,  0.10it/s][A

Validation DataLoader 0: 100%|██████████| 15/15 [02:34<00:00,  0.10it/s][A

                                                                        [A
Epoch 8: 100%|██████████| 120/120 [29:48<00:00,  0.07it/s, v_num=6, train_loss_step=0.763, val_loss=0.882, val_mean_auc=0.684, val_mean_ap=0.376, val_accuracy=0.684, val_f1=0.476, train_loss_epoch=0.889]
Epoch 8: 100%|██████████| 120/120 [29:48<00:00,  0.07it/s, v_num=6, train_loss_step=0.763, val_loss=0.882, val_mean_auc=0.684, val_mean_ap=0.376, val_accuracy=0.684, val_f1=0.476, train_loss_epoch=0.880]
Epoch 8:   0%|          | 0/120 [00:00<?, ?it/s, v_num=6, train_loss_step=0.763, val_loss=0.882, val_mean_auc=0.684, val_mean_ap=0.376, val_accuracy=0.684, val_f1=0.476, train_loss_epoch=0.880]          
Epoch 9:   0%|          | 0/120 [00:00<?, ?it/s, v_num=6, train_loss_step=0.763, val_loss=0.882, val_mean_auc=0.684, val_mean_ap=0.376, val_accuracy=0.684, val_f1=0.476, train_loss_epoch=0.880]
Epoch 9:   1%|          | 1/120 [00:29<57:49,  0.03it/s, v_num=6, train_loss_step=0.763, val_loss=0.882, val_mean_auc=0.684, val_mean_ap=0.376, val_accuracy=0.684, val_f1=0.476, train_loss_epoch=0.880]
Epoch 9:   1%|          | 1/120 [00:29<58:41,  0.03it/s, v_num=6, train_loss_step=0.536, val_loss=0.882, val_mean_auc=0.684, val_mean_ap=0.376, val_accuracy=0.684, val_f1=0.476, train_loss_epoch=0.880]
Epoch 9:   2%|▏         | 2/120 [00:29<29:08,  0.07it/s, v_num=6, train_loss_step=0.536, val_loss=0.882, val_mean_auc=0.684, val_mean_ap=0.376, val_accuracy=0.684, val_f1=0.476, train_loss_epoch=0.880]
Epoch 9:   2%|▏         | 2/120 [00:30<29:33,  0.07it/s, v_num=6, train_loss_step=1.150, val_loss=0.882, val_mean_auc=0.684, val_mean_ap=0.376, val_accuracy=0.684, val_f1=0.476, train_loss_epoch=0.880]
Epoch 9:   2%|▎         | 3/120 [00:52<34:13,  0.06it/s, v_num=6, train_loss_step=1.150, val_loss=0.882, val_mean_auc=0.684, val_mean_ap=0.376, val_accuracy=0.684, val_f1=0.476, train_loss_epoch=0.880]
Epoch 9:   2%|▎         | 3/120 [00:53<34:30,  0.06it/s, v_num=6, train_loss_step=0.959, val_loss=0.882, val_mean_auc=0.684, val_mean_ap=0.376, val_accuracy=0.684, val_f1=0.476, train_loss_epoch=0.880]
Epoch 9:   3%|▎         | 4/120 [00:53<25:40,  0.08it/s, v_num=6, train_loss_step=0.959, val_loss=0.882, val_mean_auc=0.684, val_mean_ap=0.376, val_accuracy=0.684, val_f1=0.476, train_loss_epoch=0.880]
Epoch 9:   3%|▎         | 4/120 [00:53<25:52,  0.07it/s, v_num=6, train_loss_step=0.961, val_loss=0.882, val_mean_auc=0.684, val_mean_ap=0.376, val_accuracy=0.684, val_f1=0.476, train_loss_epoch=0.880]
Epoch 9:   4%|▍         | 5/120 [01:23<31:52,  0.06it/s, v_num=6, train_loss_step=0.961, val_loss=0.882, val_mean_auc=0.684, val_mean_ap=0.376, val_accuracy=0.684, val_f1=0.476, train_loss_epoch=0.880]
Epoch 9:   4%|▍         | 5/120 [01:23<32:02,  0.06it/s, v_num=6, train_loss_step=0.578, val_loss=0.882, val_mean_auc=0.684, val_mean_ap=0.376, val_accuracy=0.684, val_f1=0.476, train_loss_epoch=0.880]
Epoch 9:   5%|▌         | 6/120 [01:23<26:28,  0.07it/s, v_num=6, train_loss_step=0.578, val_loss=0.882, val_mean_auc=0.684, val_mean_ap=0.376, val_accuracy=0.684, val_f1=0.476, train_loss_epoch=0.880]
Epoch 9:   5%|▌         | 6/120 [01:24<26:36,  0.07it/s, v_num=6, train_loss_step=0.800, val_loss=0.882, val_mean_auc=0.684, val_mean_ap=0.376, val_accuracy=0.684, val_f1=0.476, train_loss_epoch=0.880]
Epoch 9:   6%|▌         | 7/120 [01:58<31:53,  0.06it/s, v_num=6, train_loss_step=0.800, val_loss=0.882, val_mean_auc=0.684, val_mean_ap=0.376, val_accuracy=0.684, val_f1=0.476, train_loss_epoch=0.880]
Epoch 9:   6%|▌         | 7/120 [01:58<32:00,  0.06it/s, v_num=6, train_loss_step=0.501, val_loss=0.882, val_mean_auc=0.684, val_mean_ap=0.376, val_accuracy=0.684, val_f1=0.476, train_loss_epoch=0.880]
Epoch 9:   7%|▋         | 8/120 [01:58<27:45,  0.07it/s, v_num=6, train_loss_step=0.501, val_loss=0.882, val_mean_auc=0.684, val_mean_ap=0.376, val_accuracy=0.684, val_f1=0.476, train_loss_epoch=0.880]
Epoch 9:   7%|▋         | 8/120 [01:59<27:51,  0.07it/s, v_num=6, train_loss_step=0.943, val_loss=0.882, val_mean_auc=0.684, val_mean_ap=0.376, val_accuracy=0.684, val_f1=0.476, train_loss_epoch=0.880]
Epoch 9:   8%|▊         | 9/120 [02:22<29:20,  0.06it/s, v_num=6, train_loss_step=0.943, val_loss=0.882, val_mean_auc=0.684, val_mean_ap=0.376, val_accuracy=0.684, val_f1=0.476, train_loss_epoch=0.880]
Epoch 9:   8%|▊         | 9/120 [02:23<29:25,  0.06it/s, v_num=6, train_loss_step=1.000, val_loss=0.882, val_mean_auc=0.684, val_mean_ap=0.376, val_accuracy=0.684, val_f1=0.476, train_loss_epoch=0.880]
Epoch 9:   8%|▊         | 10/120 [02:23<26:15,  0.07it/s, v_num=6, train_loss_step=1.000, val_loss=0.882, val_mean_auc=0.684, val_mean_ap=0.376, val_accuracy=0.684, val_f1=0.476, train_loss_epoch=0.880]
Epoch 9:   8%|▊         | 10/120 [02:23<26:19,  0.07it/s, v_num=6, train_loss_step=0.754, val_loss=0.882, val_mean_auc=0.684, val_mean_ap=0.376, val_accuracy=0.684, val_f1=0.476, train_loss_epoch=0.880]
Epoch 9:   9%|▉         | 11/120 [02:52<28:27,  0.06it/s, v_num=6, train_loss_step=0.754, val_loss=0.882, val_mean_auc=0.684, val_mean_ap=0.376, val_accuracy=0.684, val_f1=0.476, train_loss_epoch=0.880]
Epoch 9:   9%|▉         | 11/120 [02:52<28:31,  0.06it/s, v_num=6, train_loss_step=0.996, val_loss=0.882, val_mean_auc=0.684, val_mean_ap=0.376, val_accuracy=0.684, val_f1=0.476, train_loss_epoch=0.880]
Epoch 9:  10%|█         | 12/120 [02:52<25:54,  0.07it/s, v_num=6, train_loss_step=0.996, val_loss=0.882, val_mean_auc=0.684, val_mean_ap=0.376, val_accuracy=0.684, val_f1=0.476, train_loss_epoch=0.880]
Epoch 9:  10%|█         | 12/120 [02:53<25:58,  0.07it/s, v_num=6, train_loss_step=1.030, val_loss=0.882, val_mean_auc=0.684, val_mean_ap=0.376, val_accuracy=0.684, val_f1=0.476, train_loss_epoch=0.880]
Epoch 9:  11%|█         | 13/120 [03:16<26:57,  0.07it/s, v_num=6, train_loss_step=1.030, val_loss=0.882, val_mean_auc=0.684, val_mean_ap=0.376, val_accuracy=0.684, val_f1=0.476, train_loss_epoch=0.880]
Epoch 9:  11%|█         | 13/120 [03:16<27:01,  0.07it/s, v_num=6, train_loss_step=0.805, val_loss=0.882, val_mean_auc=0.684, val_mean_ap=0.376, val_accuracy=0.684, val_f1=0.476, train_loss_epoch=0.880]
Epoch 9:  12%|█▏        | 14/120 [03:16<24:51,  0.07it/s, v_num=6, train_loss_step=0.805, val_loss=0.882, val_mean_auc=0.684, val_mean_ap=0.376, val_accuracy=0.684, val_f1=0.476, train_loss_epoch=0.880]
Epoch 9:  12%|█▏        | 14/120 [03:17<24:54,  0.07it/s, v_num=6, train_loss_step=0.930, val_loss=0.882, val_mean_auc=0.684, val_mean_ap=0.376, val_accuracy=0.684, val_f1=0.476, train_loss_epoch=0.880]
Epoch 9:  12%|█▎        | 15/120 [03:49<26:47,  0.07it/s, v_num=6, train_loss_step=0.930, val_loss=0.882, val_mean_auc=0.684, val_mean_ap=0.376, val_accuracy=0.684, val_f1=0.476, train_loss_epoch=0.880]
Epoch 9:  12%|█▎        | 15/120 [03:50<26:50,  0.07it/s, v_num=6, train_loss_step=0.483, val_loss=0.882, val_mean_auc=0.684, val_mean_ap=0.376, val_accuracy=0.684, val_f1=0.476, train_loss_epoch=0.880]
Epoch 9:  13%|█▎        | 16/120 [03:50<24:56,  0.07it/s, v_num=6, train_loss_step=0.483, val_loss=0.882, val_mean_auc=0.684, val_mean_ap=0.376, val_accuracy=0.684, val_f1=0.476, train_loss_epoch=0.880]
Epoch 9:  13%|█▎        | 16/120 [03:50<24:58,  0.07it/s, v_num=6, train_loss_step=1.100, val_loss=0.882, val_mean_auc=0.684, val_mean_ap=0.376, val_accuracy=0.684, val_f1=0.476, train_loss_epoch=0.880]
Epoch 9:  14%|█▍        | 17/120 [04:16<25:54,  0.07it/s, v_num=6, train_loss_step=1.100, val_loss=0.882, val_mean_auc=0.684, val_mean_ap=0.376, val_accuracy=0.684, val_f1=0.476, train_loss_epoch=0.880]
Epoch 9:  14%|█▍        | 17/120 [04:17<25:57,  0.07it/s, v_num=6, train_loss_step=0.585, val_loss=0.882, val_mean_auc=0.684, val_mean_ap=0.376, val_accuracy=0.684, val_f1=0.476, train_loss_epoch=0.880]
Epoch 9:  15%|█▌        | 18/120 [04:17<24:16,  0.07it/s, v_num=6, train_loss_step=0.585, val_loss=0.882, val_mean_auc=0.684, val_mean_ap=0.376, val_accuracy=0.684, val_f1=0.476, train_loss_epoch=0.880]
Epoch 9:  15%|█▌        | 18/120 [04:17<24:19,  0.07it/s, v_num=6, train_loss_step=1.080, val_loss=0.882, val_mean_auc=0.684, val_mean_ap=0.376, val_accuracy=0.684, val_f1=0.476, train_loss_epoch=0.880]
Epoch 9:  16%|█▌        | 19/120 [04:41<24:56,  0.07it/s, v_num=6, train_loss_step=1.080, val_loss=0.882, val_mean_auc=0.684, val_mean_ap=0.376, val_accuracy=0.684, val_f1=0.476, train_loss_epoch=0.880]
Epoch 9:  16%|█▌        | 19/120 [04:42<24:59,  0.07it/s, v_num=6, train_loss_step=1.000, val_loss=0.882, val_mean_auc=0.684, val_mean_ap=0.376, val_accuracy=0.684, val_f1=0.476, train_loss_epoch=0.880]
Epoch 9:  17%|█▋        | 20/120 [04:42<23:30,  0.07it/s, v_num=6, train_loss_step=1.000, val_loss=0.882, val_mean_auc=0.684, val_mean_ap=0.376, val_accuracy=0.684, val_f1=0.476, train_loss_epoch=0.880]
Epoch 9:  17%|█▋        | 20/120 [04:42<23:32,  0.07it/s, v_num=6, train_loss_step=0.738, val_loss=0.882, val_mean_auc=0.684, val_mean_ap=0.376, val_accuracy=0.684, val_f1=0.476, train_loss_epoch=0.880]
Epoch 9:  18%|█▊        | 21/120 [05:11<24:28,  0.07it/s, v_num=6, train_loss_step=0.738, val_loss=0.882, val_mean_auc=0.684, val_mean_ap=0.376, val_accuracy=0.684, val_f1=0.476, train_loss_epoch=0.880]
Epoch 9:  18%|█▊        | 21/120 [05:12<24:30,  0.07it/s, v_num=6, train_loss_step=0.623, val_loss=0.882, val_mean_auc=0.684, val_mean_ap=0.376, val_accuracy=0.684, val_f1=0.476, train_loss_epoch=0.880]
Epoch 9:  18%|█▊        | 22/120 [05:12<23:10,  0.07it/s, v_num=6, train_loss_step=0.623, val_loss=0.882, val_mean_auc=0.684, val_mean_ap=0.376, val_accuracy=0.684, val_f1=0.476, train_loss_epoch=0.880]
Epoch 9:  18%|█▊        | 22/120 [05:12<23:12,  0.07it/s, v_num=6, train_loss_step=1.050, val_loss=0.882, val_mean_auc=0.684, val_mean_ap=0.376, val_accuracy=0.684, val_f1=0.476, train_loss_epoch=0.880]
Epoch 9:  19%|█▉        | 23/120 [05:37<23:42,  0.07it/s, v_num=6, train_loss_step=1.050, val_loss=0.882, val_mean_auc=0.684, val_mean_ap=0.376, val_accuracy=0.684, val_f1=0.476, train_loss_epoch=0.880]
Epoch 9:  19%|█▉        | 23/120 [05:37<23:44,  0.07it/s, v_num=6, train_loss_step=0.905, val_loss=0.882, val_mean_auc=0.684, val_mean_ap=0.376, val_accuracy=0.684, val_f1=0.476, train_loss_epoch=0.880]
Epoch 9:  20%|██        | 24/120 [05:37<22:31,  0.07it/s, v_num=6, train_loss_step=0.905, val_loss=0.882, val_mean_auc=0.684, val_mean_ap=0.376, val_accuracy=0.684, val_f1=0.476, train_loss_epoch=0.880]
Epoch 9:  20%|██        | 24/120 [05:38<22:32,  0.07it/s, v_num=6, train_loss_step=1.070, val_loss=0.882, val_mean_auc=0.684, val_mean_ap=0.376, val_accuracy=0.684, val_f1=0.476, train_loss_epoch=0.880]
Epoch 9:  21%|██        | 25/120 [06:04<23:04,  0.07it/s, v_num=6, train_loss_step=1.070, val_loss=0.882, val_mean_auc=0.684, val_mean_ap=0.376, val_accuracy=0.684, val_f1=0.476, train_loss_epoch=0.880]
Epoch 9:  21%|██        | 25/120 [06:04<23:06,  0.07it/s, v_num=6, train_loss_step=0.733, val_loss=0.882, val_mean_auc=0.684, val_mean_ap=0.376, val_accuracy=0.684, val_f1=0.476, train_loss_epoch=0.880]
Epoch 9:  22%|██▏       | 26/120 [06:04<21:59,  0.07it/s, v_num=6, train_loss_step=0.733, val_loss=0.882, val_mean_auc=0.684, val_mean_ap=0.376, val_accuracy=0.684, val_f1=0.476, train_loss_epoch=0.880]
Epoch 9:  22%|██▏       | 26/120 [06:05<22:00,  0.07it/s, v_num=6, train_loss_step=0.694, val_loss=0.882, val_mean_auc=0.684, val_mean_ap=0.376, val_accuracy=0.684, val_f1=0.476, train_loss_epoch=0.880]
Epoch 9:  22%|██▎       | 27/120 [06:28<22:18,  0.07it/s, v_num=6, train_loss_step=0.694, val_loss=0.882, val_mean_auc=0.684, val_mean_ap=0.376, val_accuracy=0.684, val_f1=0.476, train_loss_epoch=0.880]
Epoch 9:  22%|██▎       | 27/120 [06:28<22:19,  0.07it/s, v_num=6, train_loss_step=0.544, val_loss=0.882, val_mean_auc=0.684, val_mean_ap=0.376, val_accuracy=0.684, val_f1=0.476, train_loss_epoch=0.880]
Epoch 9:  23%|██▎       | 28/120 [06:28<21:18,  0.07it/s, v_num=6, train_loss_step=0.544, val_loss=0.882, val_mean_auc=0.684, val_mean_ap=0.376, val_accuracy=0.684, val_f1=0.476, train_loss_epoch=0.880]
Epoch 9:  23%|██▎       | 28/120 [06:29<21:19,  0.07it/s, v_num=6, train_loss_step=1.430, val_loss=0.882, val_mean_auc=0.684, val_mean_ap=0.376, val_accuracy=0.684, val_f1=0.476, train_loss_epoch=0.880]
Epoch 9:  24%|██▍       | 29/120 [07:01<22:02,  0.07it/s, v_num=6, train_loss_step=1.430, val_loss=0.882, val_mean_auc=0.684, val_mean_ap=0.376, val_accuracy=0.684, val_f1=0.476, train_loss_epoch=0.880]
Epoch 9:  24%|██▍       | 29/120 [07:01<22:03,  0.07it/s, v_num=6, train_loss_step=1.040, val_loss=0.882, val_mean_auc=0.684, val_mean_ap=0.376, val_accuracy=0.684, val_f1=0.476, train_loss_epoch=0.880]
Epoch 9:  25%|██▌       | 30/120 [07:01<21:05,  0.07it/s, v_num=6, train_loss_step=1.040, val_loss=0.882, val_mean_auc=0.684, val_mean_ap=0.376, val_accuracy=0.684, val_f1=0.476, train_loss_epoch=0.880]
Epoch 9:  25%|██▌       | 30/120 [07:02<21:06,  0.07it/s, v_num=6, train_loss_step=0.990, val_loss=0.882, val_mean_auc=0.684, val_mean_ap=0.376, val_accuracy=0.684, val_f1=0.476, train_loss_epoch=0.880]
Epoch 9:  26%|██▌       | 31/120 [07:27<21:26,  0.07it/s, v_num=6, train_loss_step=0.990, val_loss=0.882, val_mean_auc=0.684, val_mean_ap=0.376, val_accuracy=0.684, val_f1=0.476, train_loss_epoch=0.880]
Epoch 9:  26%|██▌       | 31/120 [07:28<21:27,  0.07it/s, v_num=6, train_loss_step=0.852, val_loss=0.882, val_mean_auc=0.684, val_mean_ap=0.376, val_accuracy=0.684, val_f1=0.476, train_loss_epoch=0.880]
Epoch 9:  27%|██▋       | 32/120 [07:28<20:33,  0.07it/s, v_num=6, train_loss_step=0.852, val_loss=0.882, val_mean_auc=0.684, val_mean_ap=0.376, val_accuracy=0.684, val_f1=0.476, train_loss_epoch=0.880]
Epoch 9:  27%|██▋       | 32/120 [07:28<20:34,  0.07it/s, v_num=6, train_loss_step=1.230, val_loss=0.882, val_mean_auc=0.684, val_mean_ap=0.376, val_accuracy=0.684, val_f1=0.476, train_loss_epoch=0.880]
Epoch 9:  28%|██▊       | 33/120 [07:54<20:50,  0.07it/s, v_num=6, train_loss_step=1.230, val_loss=0.882, val_mean_auc=0.684, val_mean_ap=0.376, val_accuracy=0.684, val_f1=0.476, train_loss_epoch=0.880]
Epoch 9:  28%|██▊       | 33/120 [07:54<20:51,  0.07it/s, v_num=6, train_loss_step=0.631, val_loss=0.882, val_mean_auc=0.684, val_mean_ap=0.376, val_accuracy=0.684, val_f1=0.476, train_loss_epoch=0.880]
Epoch 9:  28%|██▊       | 34/120 [07:54<20:01,  0.07it/s, v_num=6, train_loss_step=0.631, val_loss=0.882, val_mean_auc=0.684, val_mean_ap=0.376, val_accuracy=0.684, val_f1=0.476, train_loss_epoch=0.880]
Epoch 9:  28%|██▊       | 34/120 [07:55<20:02,  0.07it/s, v_num=6, train_loss_step=0.723, val_loss=0.882, val_mean_auc=0.684, val_mean_ap=0.376, val_accuracy=0.684, val_f1=0.476, train_loss_epoch=0.880]
Epoch 9:  29%|██▉       | 35/120 [08:19<20:14,  0.07it/s, v_num=6, train_loss_step=0.723, val_loss=0.882, val_mean_auc=0.684, val_mean_ap=0.376, val_accuracy=0.684, val_f1=0.476, train_loss_epoch=0.880]
Epoch 9:  29%|██▉       | 35/120 [08:20<20:15,  0.07it/s, v_num=6, train_loss_step=0.486, val_loss=0.882, val_mean_auc=0.684, val_mean_ap=0.376, val_accuracy=0.684, val_f1=0.476, train_loss_epoch=0.880]
Epoch 9:  30%|███       | 36/120 [08:20<19:27,  0.07it/s, v_num=6, train_loss_step=0.486, val_loss=0.882, val_mean_auc=0.684, val_mean_ap=0.376, val_accuracy=0.684, val_f1=0.476, train_loss_epoch=0.880]
Epoch 9:  30%|███       | 36/120 [08:20<19:28,  0.07it/s, v_num=6, train_loss_step=0.984, val_loss=0.882, val_mean_auc=0.684, val_mean_ap=0.376, val_accuracy=0.684, val_f1=0.476, train_loss_epoch=0.880]
Epoch 9:  31%|███       | 37/120 [08:39<19:26,  0.07it/s, v_num=6, train_loss_step=0.984, val_loss=0.882, val_mean_auc=0.684, val_mean_ap=0.376, val_accuracy=0.684, val_f1=0.476, train_loss_epoch=0.880]
Epoch 9:  31%|███       | 37/120 [08:40<19:27,  0.07it/s, v_num=6, train_loss_step=0.739, val_loss=0.882, val_mean_auc=0.684, val_mean_ap=0.376, val_accuracy=0.684, val_f1=0.476, train_loss_epoch=0.880]
Epoch 9:  32%|███▏      | 38/120 [08:40<18:43,  0.07it/s, v_num=6, train_loss_step=0.739, val_loss=0.882, val_mean_auc=0.684, val_mean_ap=0.376, val_accuracy=0.684, val_f1=0.476, train_loss_epoch=0.880]
Epoch 9:  32%|███▏      | 38/120 [08:40<18:43,  0.07it/s, v_num=6, train_loss_step=1.240, val_loss=0.882, val_mean_auc=0.684, val_mean_ap=0.376, val_accuracy=0.684, val_f1=0.476, train_loss_epoch=0.880]
Epoch 9:  32%|███▎      | 39/120 [09:01<18:43,  0.07it/s, v_num=6, train_loss_step=1.240, val_loss=0.882, val_mean_auc=0.684, val_mean_ap=0.376, val_accuracy=0.684, val_f1=0.476, train_loss_epoch=0.880]
Epoch 9:  32%|███▎      | 39/120 [09:01<18:44,  0.07it/s, v_num=6, train_loss_step=0.806, val_loss=0.882, val_mean_auc=0.684, val_mean_ap=0.376, val_accuracy=0.684, val_f1=0.476, train_loss_epoch=0.880]
Epoch 9:  33%|███▎      | 40/120 [09:08<18:16,  0.07it/s, v_num=6, train_loss_step=0.806, val_loss=0.882, val_mean_auc=0.684, val_mean_ap=0.376, val_accuracy=0.684, val_f1=0.476, train_loss_epoch=0.880]
Epoch 9:  33%|███▎      | 40/120 [09:08<18:16,  0.07it/s, v_num=6, train_loss_step=0.547, val_loss=0.882, val_mean_auc=0.684, val_mean_ap=0.376, val_accuracy=0.684, val_f1=0.476, train_loss_epoch=0.880]
Epoch 9:  34%|███▍      | 41/120 [09:27<18:13,  0.07it/s, v_num=6, train_loss_step=0.547, val_loss=0.882, val_mean_auc=0.684, val_mean_ap=0.376, val_accuracy=0.684, val_f1=0.476, train_loss_epoch=0.880]
Epoch 9:  34%|███▍      | 41/120 [09:27<18:14,  0.07it/s, v_num=6, train_loss_step=0.757, val_loss=0.882, val_mean_auc=0.684, val_mean_ap=0.376, val_accuracy=0.684, val_f1=0.476, train_loss_epoch=0.880]
Epoch 9:  35%|███▌      | 42/120 [09:38<17:55,  0.07it/s, v_num=6, train_loss_step=0.757, val_loss=0.882, val_mean_auc=0.684, val_mean_ap=0.376, val_accuracy=0.684, val_f1=0.476, train_loss_epoch=0.880]
Epoch 9:  35%|███▌      | 42/120 [09:39<17:55,  0.07it/s, v_num=6, train_loss_step=0.585, val_loss=0.882, val_mean_auc=0.684, val_mean_ap=0.376, val_accuracy=0.684, val_f1=0.476, train_loss_epoch=0.880]
Epoch 9:  36%|███▌      | 43/120 [09:55<17:45,  0.07it/s, v_num=6, train_loss_step=0.585, val_loss=0.882, val_mean_auc=0.684, val_mean_ap=0.376, val_accuracy=0.684, val_f1=0.476, train_loss_epoch=0.880]
Epoch 9:  36%|███▌      | 43/120 [09:55<17:46,  0.07it/s, v_num=6, train_loss_step=0.755, val_loss=0.882, val_mean_auc=0.684, val_mean_ap=0.376, val_accuracy=0.684, val_f1=0.476, train_loss_epoch=0.880]
Epoch 9:  37%|███▋      | 44/120 [10:01<17:19,  0.07it/s, v_num=6, train_loss_step=0.755, val_loss=0.882, val_mean_auc=0.684, val_mean_ap=0.376, val_accuracy=0.684, val_f1=0.476, train_loss_epoch=0.880]
Epoch 9:  37%|███▋      | 44/120 [10:02<17:20,  0.07it/s, v_num=6, train_loss_step=0.840, val_loss=0.882, val_mean_auc=0.684, val_mean_ap=0.376, val_accuracy=0.684, val_f1=0.476, train_loss_epoch=0.880]
Epoch 9:  38%|███▊      | 45/120 [10:23<17:18,  0.07it/s, v_num=6, train_loss_step=0.840, val_loss=0.882, val_mean_auc=0.684, val_mean_ap=0.376, val_accuracy=0.684, val_f1=0.476, train_loss_epoch=0.880]
Epoch 9:  38%|███▊      | 45/120 [10:23<17:19,  0.07it/s, v_num=6, train_loss_step=0.856, val_loss=0.882, val_mean_auc=0.684, val_mean_ap=0.376, val_accuracy=0.684, val_f1=0.476, train_loss_epoch=0.880]
Epoch 9:  38%|███▊      | 46/120 [10:26<16:47,  0.07it/s, v_num=6, train_loss_step=0.856, val_loss=0.882, val_mean_auc=0.684, val_mean_ap=0.376, val_accuracy=0.684, val_f1=0.476, train_loss_epoch=0.880]
Epoch 9:  38%|███▊      | 46/120 [10:26<16:48,  0.07it/s, v_num=6, train_loss_step=0.567, val_loss=0.882, val_mean_auc=0.684, val_mean_ap=0.376, val_accuracy=0.684, val_f1=0.476, train_loss_epoch=0.880]
Epoch 9:  39%|███▉      | 47/120 [10:56<17:00,  0.07it/s, v_num=6, train_loss_step=0.567, val_loss=0.882, val_mean_auc=0.684, val_mean_ap=0.376, val_accuracy=0.684, val_f1=0.476, train_loss_epoch=0.880]
Epoch 9:  39%|███▉      | 47/120 [10:57<17:00,  0.07it/s, v_num=6, train_loss_step=0.629, val_loss=0.882, val_mean_auc=0.684, val_mean_ap=0.376, val_accuracy=0.684, val_f1=0.476, train_loss_epoch=0.880]
Epoch 9:  40%|████      | 48/120 [10:57<16:25,  0.07it/s, v_num=6, train_loss_step=0.629, val_loss=0.882, val_mean_auc=0.684, val_mean_ap=0.376, val_accuracy=0.684, val_f1=0.476, train_loss_epoch=0.880]
Epoch 9:  40%|████      | 48/120 [10:57<16:26,  0.07it/s, v_num=6, train_loss_step=0.601, val_loss=0.882, val_mean_auc=0.684, val_mean_ap=0.376, val_accuracy=0.684, val_f1=0.476, train_loss_epoch=0.880]
Epoch 9:  41%|████      | 49/120 [11:23<16:30,  0.07it/s, v_num=6, train_loss_step=0.601, val_loss=0.882, val_mean_auc=0.684, val_mean_ap=0.376, val_accuracy=0.684, val_f1=0.476, train_loss_epoch=0.880]
Epoch 9:  41%|████      | 49/120 [11:24<16:31,  0.07it/s, v_num=6, train_loss_step=0.572, val_loss=0.882, val_mean_auc=0.684, val_mean_ap=0.376, val_accuracy=0.684, val_f1=0.476, train_loss_epoch=0.880]
Epoch 9:  42%|████▏     | 50/120 [11:24<15:57,  0.07it/s, v_num=6, train_loss_step=0.572, val_loss=0.882, val_mean_auc=0.684, val_mean_ap=0.376, val_accuracy=0.684, val_f1=0.476, train_loss_epoch=0.880]
Epoch 9:  42%|████▏     | 50/120 [11:24<15:58,  0.07it/s, v_num=6, train_loss_step=1.220, val_loss=0.882, val_mean_auc=0.684, val_mean_ap=0.376, val_accuracy=0.684, val_f1=0.476, train_loss_epoch=0.880]
Epoch 9:  42%|████▎     | 51/120 [11:53<16:05,  0.07it/s, v_num=6, train_loss_step=1.220, val_loss=0.882, val_mean_auc=0.684, val_mean_ap=0.376, val_accuracy=0.684, val_f1=0.476, train_loss_epoch=0.880]
Epoch 9:  42%|████▎     | 51/120 [11:54<16:06,  0.07it/s, v_num=6, train_loss_step=1.260, val_loss=0.882, val_mean_auc=0.684, val_mean_ap=0.376, val_accuracy=0.684, val_f1=0.476, train_loss_epoch=0.880]
Epoch 9:  43%|████▎     | 52/120 [11:54<15:34,  0.07it/s, v_num=6, train_loss_step=1.260, val_loss=0.882, val_mean_auc=0.684, val_mean_ap=0.376, val_accuracy=0.684, val_f1=0.476, train_loss_epoch=0.880]
Epoch 9:  43%|████▎     | 52/120 [11:54<15:34,  0.07it/s, v_num=6, train_loss_step=0.552, val_loss=0.882, val_mean_auc=0.684, val_mean_ap=0.376, val_accuracy=0.684, val_f1=0.476, train_loss_epoch=0.880]
Epoch 9:  44%|████▍     | 53/120 [12:20<15:36,  0.07it/s, v_num=6, train_loss_step=0.552, val_loss=0.882, val_mean_auc=0.684, val_mean_ap=0.376, val_accuracy=0.684, val_f1=0.476, train_loss_epoch=0.880]
Epoch 9:  44%|████▍     | 53/120 [12:20<15:36,  0.07it/s, v_num=6, train_loss_step=0.767, val_loss=0.882, val_mean_auc=0.684, val_mean_ap=0.376, val_accuracy=0.684, val_f1=0.476, train_loss_epoch=0.880]
Epoch 9:  45%|████▌     | 54/120 [12:21<15:05,  0.07it/s, v_num=6, train_loss_step=0.767, val_loss=0.882, val_mean_auc=0.684, val_mean_ap=0.376, val_accuracy=0.684, val_f1=0.476, train_loss_epoch=0.880]
Epoch 9:  45%|████▌     | 54/120 [12:21<15:06,  0.07it/s, v_num=6, train_loss_step=1.200, val_loss=0.882, val_mean_auc=0.684, val_mean_ap=0.376, val_accuracy=0.684, val_f1=0.476, train_loss_epoch=0.880]
Epoch 9:  46%|████▌     | 55/120 [12:43<15:01,  0.07it/s, v_num=6, train_loss_step=1.200, val_loss=0.882, val_mean_auc=0.684, val_mean_ap=0.376, val_accuracy=0.684, val_f1=0.476, train_loss_epoch=0.880]
Epoch 9:  46%|████▌     | 55/120 [12:43<15:02,  0.07it/s, v_num=6, train_loss_step=0.726, val_loss=0.882, val_mean_auc=0.684, val_mean_ap=0.376, val_accuracy=0.684, val_f1=0.476, train_loss_epoch=0.880]
Epoch 9:  47%|████▋     | 56/120 [12:43<14:32,  0.07it/s, v_num=6, train_loss_step=0.726, val_loss=0.882, val_mean_auc=0.684, val_mean_ap=0.376, val_accuracy=0.684, val_f1=0.476, train_loss_epoch=0.880]
Epoch 9:  47%|████▋     | 56/120 [12:44<14:33,  0.07it/s, v_num=6, train_loss_step=1.720, val_loss=0.882, val_mean_auc=0.684, val_mean_ap=0.376, val_accuracy=0.684, val_f1=0.476, train_loss_epoch=0.880]
Epoch 9:  48%|████▊     | 57/120 [13:08<14:31,  0.07it/s, v_num=6, train_loss_step=1.720, val_loss=0.882, val_mean_auc=0.684, val_mean_ap=0.376, val_accuracy=0.684, val_f1=0.476, train_loss_epoch=0.880]
Epoch 9:  48%|████▊     | 57/120 [13:08<14:31,  0.07it/s, v_num=6, train_loss_step=0.808, val_loss=0.882, val_mean_auc=0.684, val_mean_ap=0.376, val_accuracy=0.684, val_f1=0.476, train_loss_epoch=0.880]
Epoch 9:  48%|████▊     | 58/120 [13:08<14:03,  0.07it/s, v_num=6, train_loss_step=0.808, val_loss=0.882, val_mean_auc=0.684, val_mean_ap=0.376, val_accuracy=0.684, val_f1=0.476, train_loss_epoch=0.880]
Epoch 9:  48%|████▊     | 58/120 [13:09<14:03,  0.07it/s, v_num=6, train_loss_step=1.060, val_loss=0.882, val_mean_auc=0.684, val_mean_ap=0.376, val_accuracy=0.684, val_f1=0.476, train_loss_epoch=0.880]
Epoch 9:  49%|████▉     | 59/120 [13:34<14:01,  0.07it/s, v_num=6, train_loss_step=1.060, val_loss=0.882, val_mean_auc=0.684, val_mean_ap=0.376, val_accuracy=0.684, val_f1=0.476, train_loss_epoch=0.880]
Epoch 9:  49%|████▉     | 59/120 [13:34<14:02,  0.07it/s, v_num=6, train_loss_step=1.050, val_loss=0.882, val_mean_auc=0.684, val_mean_ap=0.376, val_accuracy=0.684, val_f1=0.476, train_loss_epoch=0.880]
Epoch 9:  50%|█████     | 60/120 [13:34<13:34,  0.07it/s, v_num=6, train_loss_step=1.050, val_loss=0.882, val_mean_auc=0.684, val_mean_ap=0.376, val_accuracy=0.684, val_f1=0.476, train_loss_epoch=0.880]
Epoch 9:  50%|█████     | 60/120 [13:34<13:34,  0.07it/s, v_num=6, train_loss_step=1.210, val_loss=0.882, val_mean_auc=0.684, val_mean_ap=0.376, val_accuracy=0.684, val_f1=0.476, train_loss_epoch=0.880]
Epoch 9:  51%|█████     | 61/120 [14:03<13:35,  0.07it/s, v_num=6, train_loss_step=1.210, val_loss=0.882, val_mean_auc=0.684, val_mean_ap=0.376, val_accuracy=0.684, val_f1=0.476, train_loss_epoch=0.880]
Epoch 9:  51%|█████     | 61/120 [14:04<13:36,  0.07it/s, v_num=6, train_loss_step=0.830, val_loss=0.882, val_mean_auc=0.684, val_mean_ap=0.376, val_accuracy=0.684, val_f1=0.476, train_loss_epoch=0.880]
Epoch 9:  52%|█████▏    | 62/120 [14:04<13:09,  0.07it/s, v_num=6, train_loss_step=0.830, val_loss=0.882, val_mean_auc=0.684, val_mean_ap=0.376, val_accuracy=0.684, val_f1=0.476, train_loss_epoch=0.880]
Epoch 9:  52%|█████▏    | 62/120 [14:04<13:09,  0.07it/s, v_num=6, train_loss_step=1.030, val_loss=0.882, val_mean_auc=0.684, val_mean_ap=0.376, val_accuracy=0.684, val_f1=0.476, train_loss_epoch=0.880]
Epoch 9:  52%|█████▎    | 63/120 [14:24<13:01,  0.07it/s, v_num=6, train_loss_step=1.030, val_loss=0.882, val_mean_auc=0.684, val_mean_ap=0.376, val_accuracy=0.684, val_f1=0.476, train_loss_epoch=0.880]
Epoch 9:  52%|█████▎    | 63/120 [14:24<13:02,  0.07it/s, v_num=6, train_loss_step=0.909, val_loss=0.882, val_mean_auc=0.684, val_mean_ap=0.376, val_accuracy=0.684, val_f1=0.476, train_loss_epoch=0.880]
Epoch 9:  53%|█████▎    | 64/120 [14:24<12:36,  0.07it/s, v_num=6, train_loss_step=0.909, val_loss=0.882, val_mean_auc=0.684, val_mean_ap=0.376, val_accuracy=0.684, val_f1=0.476, train_loss_epoch=0.880]
Epoch 9:  53%|█████▎    | 64/120 [14:24<12:36,  0.07it/s, v_num=6, train_loss_step=0.617, val_loss=0.882, val_mean_auc=0.684, val_mean_ap=0.376, val_accuracy=0.684, val_f1=0.476, train_loss_epoch=0.880]
Epoch 9:  54%|█████▍    | 65/120 [14:49<12:32,  0.07it/s, v_num=6, train_loss_step=0.617, val_loss=0.882, val_mean_auc=0.684, val_mean_ap=0.376, val_accuracy=0.684, val_f1=0.476, train_loss_epoch=0.880]
Epoch 9:  54%|█████▍    | 65/120 [14:50<12:33,  0.07it/s, v_num=6, train_loss_step=0.866, val_loss=0.882, val_mean_auc=0.684, val_mean_ap=0.376, val_accuracy=0.684, val_f1=0.476, train_loss_epoch=0.880]
Epoch 9:  55%|█████▌    | 66/120 [14:50<12:08,  0.07it/s, v_num=6, train_loss_step=0.866, val_loss=0.882, val_mean_auc=0.684, val_mean_ap=0.376, val_accuracy=0.684, val_f1=0.476, train_loss_epoch=0.880]
Epoch 9:  55%|█████▌    | 66/120 [14:50<12:08,  0.07it/s, v_num=6, train_loss_step=0.545, val_loss=0.882, val_mean_auc=0.684, val_mean_ap=0.376, val_accuracy=0.684, val_f1=0.476, train_loss_epoch=0.880]
Epoch 9:  56%|█████▌    | 67/120 [15:09<11:59,  0.07it/s, v_num=6, train_loss_step=0.545, val_loss=0.882, val_mean_auc=0.684, val_mean_ap=0.376, val_accuracy=0.684, val_f1=0.476, train_loss_epoch=0.880]
Epoch 9:  56%|█████▌    | 67/120 [15:09<11:59,  0.07it/s, v_num=6, train_loss_step=1.080, val_loss=0.882, val_mean_auc=0.684, val_mean_ap=0.376, val_accuracy=0.684, val_f1=0.476, train_loss_epoch=0.880]
Epoch 9:  57%|█████▋    | 68/120 [15:09<11:35,  0.07it/s, v_num=6, train_loss_step=1.080, val_loss=0.882, val_mean_auc=0.684, val_mean_ap=0.376, val_accuracy=0.684, val_f1=0.476, train_loss_epoch=0.880]
Epoch 9:  57%|█████▋    | 68/120 [15:10<11:36,  0.07it/s, v_num=6, train_loss_step=1.040, val_loss=0.882, val_mean_auc=0.684, val_mean_ap=0.376, val_accuracy=0.684, val_f1=0.476, train_loss_epoch=0.880]
Epoch 9:  57%|█████▊    | 69/120 [15:41<11:36,  0.07it/s, v_num=6, train_loss_step=1.040, val_loss=0.882, val_mean_auc=0.684, val_mean_ap=0.376, val_accuracy=0.684, val_f1=0.476, train_loss_epoch=0.880]
Epoch 9:  57%|█████▊    | 69/120 [15:42<11:36,  0.07it/s, v_num=6, train_loss_step=0.742, val_loss=0.882, val_mean_auc=0.684, val_mean_ap=0.376, val_accuracy=0.684, val_f1=0.476, train_loss_epoch=0.880]
Epoch 9:  58%|█████▊    | 70/120 [15:42<11:13,  0.07it/s, v_num=6, train_loss_step=0.742, val_loss=0.882, val_mean_auc=0.684, val_mean_ap=0.376, val_accuracy=0.684, val_f1=0.476, train_loss_epoch=0.880]
Epoch 9:  58%|█████▊    | 70/120 [15:42<11:13,  0.07it/s, v_num=6, train_loss_step=1.060, val_loss=0.882, val_mean_auc=0.684, val_mean_ap=0.376, val_accuracy=0.684, val_f1=0.476, train_loss_epoch=0.880]
Epoch 9:  59%|█████▉    | 71/120 [16:10<11:09,  0.07it/s, v_num=6, train_loss_step=1.060, val_loss=0.882, val_mean_auc=0.684, val_mean_ap=0.376, val_accuracy=0.684, val_f1=0.476, train_loss_epoch=0.880]
Epoch 9:  59%|█████▉    | 71/120 [16:11<11:10,  0.07it/s, v_num=6, train_loss_step=1.190, val_loss=0.882, val_mean_auc=0.684, val_mean_ap=0.376, val_accuracy=0.684, val_f1=0.476, train_loss_epoch=0.880]
Epoch 9:  60%|██████    | 72/120 [16:11<10:47,  0.07it/s, v_num=6, train_loss_step=1.190, val_loss=0.882, val_mean_auc=0.684, val_mean_ap=0.376, val_accuracy=0.684, val_f1=0.476, train_loss_epoch=0.880]
Epoch 9:  60%|██████    | 72/120 [16:11<10:47,  0.07it/s, v_num=6, train_loss_step=0.556, val_loss=0.882, val_mean_auc=0.684, val_mean_ap=0.376, val_accuracy=0.684, val_f1=0.476, train_loss_epoch=0.880]
Epoch 9:  61%|██████    | 73/120 [16:37<10:42,  0.07it/s, v_num=6, train_loss_step=0.556, val_loss=0.882, val_mean_auc=0.684, val_mean_ap=0.376, val_accuracy=0.684, val_f1=0.476, train_loss_epoch=0.880]
Epoch 9:  61%|██████    | 73/120 [16:37<10:42,  0.07it/s, v_num=6, train_loss_step=1.000, val_loss=0.882, val_mean_auc=0.684, val_mean_ap=0.376, val_accuracy=0.684, val_f1=0.476, train_loss_epoch=0.880]
Epoch 9:  62%|██████▏   | 74/120 [16:37<10:20,  0.07it/s, v_num=6, train_loss_step=1.000, val_loss=0.882, val_mean_auc=0.684, val_mean_ap=0.376, val_accuracy=0.684, val_f1=0.476, train_loss_epoch=0.880]
Epoch 9:  62%|██████▏   | 74/120 [16:38<10:20,  0.07it/s, v_num=6, train_loss_step=0.699, val_loss=0.882, val_mean_auc=0.684, val_mean_ap=0.376, val_accuracy=0.684, val_f1=0.476, train_loss_epoch=0.880]
Epoch 9:  62%|██████▎   | 75/120 [17:00<10:12,  0.07it/s, v_num=6, train_loss_step=0.699, val_loss=0.882, val_mean_auc=0.684, val_mean_ap=0.376, val_accuracy=0.684, val_f1=0.476, train_loss_epoch=0.880]
Epoch 9:  62%|██████▎   | 75/120 [17:00<10:12,  0.07it/s, v_num=6, train_loss_step=0.599, val_loss=0.882, val_mean_auc=0.684, val_mean_ap=0.376, val_accuracy=0.684, val_f1=0.476, train_loss_epoch=0.880]
Epoch 9:  63%|██████▎   | 76/120 [17:00<09:51,  0.07it/s, v_num=6, train_loss_step=0.599, val_loss=0.882, val_mean_auc=0.684, val_mean_ap=0.376, val_accuracy=0.684, val_f1=0.476, train_loss_epoch=0.880]
Epoch 9:  63%|██████▎   | 76/120 [17:01<09:51,  0.07it/s, v_num=6, train_loss_step=0.729, val_loss=0.882, val_mean_auc=0.684, val_mean_ap=0.376, val_accuracy=0.684, val_f1=0.476, train_loss_epoch=0.880]
Epoch 9:  64%|██████▍   | 77/120 [17:28<09:45,  0.07it/s, v_num=6, train_loss_step=0.729, val_loss=0.882, val_mean_auc=0.684, val_mean_ap=0.376, val_accuracy=0.684, val_f1=0.476, train_loss_epoch=0.880]
Epoch 9:  64%|██████▍   | 77/120 [17:29<09:45,  0.07it/s, v_num=6, train_loss_step=0.794, val_loss=0.882, val_mean_auc=0.684, val_mean_ap=0.376, val_accuracy=0.684, val_f1=0.476, train_loss_epoch=0.880]
Epoch 9:  65%|██████▌   | 78/120 [17:29<09:25,  0.07it/s, v_num=6, train_loss_step=0.794, val_loss=0.882, val_mean_auc=0.684, val_mean_ap=0.376, val_accuracy=0.684, val_f1=0.476, train_loss_epoch=0.880]
Epoch 9:  65%|██████▌   | 78/120 [17:29<09:25,  0.07it/s, v_num=6, train_loss_step=1.140, val_loss=0.882, val_mean_auc=0.684, val_mean_ap=0.376, val_accuracy=0.684, val_f1=0.476, train_loss_epoch=0.880]
Epoch 9:  66%|██████▌   | 79/120 [18:05<09:23,  0.07it/s, v_num=6, train_loss_step=1.140, val_loss=0.882, val_mean_auc=0.684, val_mean_ap=0.376, val_accuracy=0.684, val_f1=0.476, train_loss_epoch=0.880]
Epoch 9:  66%|██████▌   | 79/120 [18:05<09:23,  0.07it/s, v_num=6, train_loss_step=1.110, val_loss=0.882, val_mean_auc=0.684, val_mean_ap=0.376, val_accuracy=0.684, val_f1=0.476, train_loss_epoch=0.880]
Epoch 9:  67%|██████▋   | 80/120 [18:05<09:02,  0.07it/s, v_num=6, train_loss_step=1.110, val_loss=0.882, val_mean_auc=0.684, val_mean_ap=0.376, val_accuracy=0.684, val_f1=0.476, train_loss_epoch=0.880]
Epoch 9:  67%|██████▋   | 80/120 [18:06<09:03,  0.07it/s, v_num=6, train_loss_step=0.719, val_loss=0.882, val_mean_auc=0.684, val_mean_ap=0.376, val_accuracy=0.684, val_f1=0.476, train_loss_epoch=0.880]
Epoch 9:  68%|██████▊   | 81/120 [18:35<08:57,  0.07it/s, v_num=6, train_loss_step=0.719, val_loss=0.882, val_mean_auc=0.684, val_mean_ap=0.376, val_accuracy=0.684, val_f1=0.476, train_loss_epoch=0.880]
Epoch 9:  68%|██████▊   | 81/120 [18:35<08:57,  0.07it/s, v_num=6, train_loss_step=0.436, val_loss=0.882, val_mean_auc=0.684, val_mean_ap=0.376, val_accuracy=0.684, val_f1=0.476, train_loss_epoch=0.880]
Epoch 9:  68%|██████▊   | 82/120 [18:35<08:37,  0.07it/s, v_num=6, train_loss_step=0.436, val_loss=0.882, val_mean_auc=0.684, val_mean_ap=0.376, val_accuracy=0.684, val_f1=0.476, train_loss_epoch=0.880]
Epoch 9:  68%|██████▊   | 82/120 [18:36<08:37,  0.07it/s, v_num=6, train_loss_step=1.070, val_loss=0.882, val_mean_auc=0.684, val_mean_ap=0.376, val_accuracy=0.684, val_f1=0.476, train_loss_epoch=0.880]
Epoch 9:  69%|██████▉   | 83/120 [19:03<08:29,  0.07it/s, v_num=6, train_loss_step=1.070, val_loss=0.882, val_mean_auc=0.684, val_mean_ap=0.376, val_accuracy=0.684, val_f1=0.476, train_loss_epoch=0.880]
Epoch 9:  69%|██████▉   | 83/120 [19:03<08:29,  0.07it/s, v_num=6, train_loss_step=0.776, val_loss=0.882, val_mean_auc=0.684, val_mean_ap=0.376, val_accuracy=0.684, val_f1=0.476, train_loss_epoch=0.880]
Epoch 9:  70%|███████   | 84/120 [19:03<08:10,  0.07it/s, v_num=6, train_loss_step=0.776, val_loss=0.882, val_mean_auc=0.684, val_mean_ap=0.376, val_accuracy=0.684, val_f1=0.476, train_loss_epoch=0.880]
Epoch 9:  70%|███████   | 84/120 [19:04<08:10,  0.07it/s, v_num=6, train_loss_step=0.727, val_loss=0.882, val_mean_auc=0.684, val_mean_ap=0.376, val_accuracy=0.684, val_f1=0.476, train_loss_epoch=0.880]
Epoch 9:  71%|███████   | 85/120 [19:25<08:00,  0.07it/s, v_num=6, train_loss_step=0.727, val_loss=0.882, val_mean_auc=0.684, val_mean_ap=0.376, val_accuracy=0.684, val_f1=0.476, train_loss_epoch=0.880]
Epoch 9:  71%|███████   | 85/120 [19:26<08:00,  0.07it/s, v_num=6, train_loss_step=1.600, val_loss=0.882, val_mean_auc=0.684, val_mean_ap=0.376, val_accuracy=0.684, val_f1=0.476, train_loss_epoch=0.880]
Epoch 9:  72%|███████▏  | 86/120 [19:26<07:41,  0.07it/s, v_num=6, train_loss_step=1.600, val_loss=0.882, val_mean_auc=0.684, val_mean_ap=0.376, val_accuracy=0.684, val_f1=0.476, train_loss_epoch=0.880]
Epoch 9:  72%|███████▏  | 86/120 [19:26<07:41,  0.07it/s, v_num=6, train_loss_step=1.130, val_loss=0.882, val_mean_auc=0.684, val_mean_ap=0.376, val_accuracy=0.684, val_f1=0.476, train_loss_epoch=0.880]
Epoch 9:  72%|███████▎  | 87/120 [19:48<07:30,  0.07it/s, v_num=6, train_loss_step=1.130, val_loss=0.882, val_mean_auc=0.684, val_mean_ap=0.376, val_accuracy=0.684, val_f1=0.476, train_loss_epoch=0.880]
Epoch 9:  72%|███████▎  | 87/120 [19:48<07:30,  0.07it/s, v_num=6, train_loss_step=1.190, val_loss=0.882, val_mean_auc=0.684, val_mean_ap=0.376, val_accuracy=0.684, val_f1=0.476, train_loss_epoch=0.880]
Epoch 9:  73%|███████▎  | 88/120 [19:48<07:12,  0.07it/s, v_num=6, train_loss_step=1.190, val_loss=0.882, val_mean_auc=0.684, val_mean_ap=0.376, val_accuracy=0.684, val_f1=0.476, train_loss_epoch=0.880]
Epoch 9:  73%|███████▎  | 88/120 [19:49<07:12,  0.07it/s, v_num=6, train_loss_step=0.635, val_loss=0.882, val_mean_auc=0.684, val_mean_ap=0.376, val_accuracy=0.684, val_f1=0.476, train_loss_epoch=0.880]
Epoch 9:  74%|███████▍  | 89/120 [20:14<07:03,  0.07it/s, v_num=6, train_loss_step=0.635, val_loss=0.882, val_mean_auc=0.684, val_mean_ap=0.376, val_accuracy=0.684, val_f1=0.476, train_loss_epoch=0.880]
Epoch 9:  74%|███████▍  | 89/120 [20:15<07:03,  0.07it/s, v_num=6, train_loss_step=0.679, val_loss=0.882, val_mean_auc=0.684, val_mean_ap=0.376, val_accuracy=0.684, val_f1=0.476, train_loss_epoch=0.880]
Epoch 9:  75%|███████▌  | 90/120 [20:15<06:45,  0.07it/s, v_num=6, train_loss_step=0.679, val_loss=0.882, val_mean_auc=0.684, val_mean_ap=0.376, val_accuracy=0.684, val_f1=0.476, train_loss_epoch=0.880]
Epoch 9:  75%|███████▌  | 90/120 [20:15<06:45,  0.07it/s, v_num=6, train_loss_step=0.656, val_loss=0.882, val_mean_auc=0.684, val_mean_ap=0.376, val_accuracy=0.684, val_f1=0.476, train_loss_epoch=0.880]
Epoch 9:  76%|███████▌  | 91/120 [20:39<06:34,  0.07it/s, v_num=6, train_loss_step=0.656, val_loss=0.882, val_mean_auc=0.684, val_mean_ap=0.376, val_accuracy=0.684, val_f1=0.476, train_loss_epoch=0.880]
Epoch 9:  76%|███████▌  | 91/120 [20:39<06:35,  0.07it/s, v_num=6, train_loss_step=0.634, val_loss=0.882, val_mean_auc=0.684, val_mean_ap=0.376, val_accuracy=0.684, val_f1=0.476, train_loss_epoch=0.880]
Epoch 9:  77%|███████▋  | 92/120 [20:39<06:17,  0.07it/s, v_num=6, train_loss_step=0.634, val_loss=0.882, val_mean_auc=0.684, val_mean_ap=0.376, val_accuracy=0.684, val_f1=0.476, train_loss_epoch=0.880]
Epoch 9:  77%|███████▋  | 92/120 [20:40<06:17,  0.07it/s, v_num=6, train_loss_step=0.843, val_loss=0.882, val_mean_auc=0.684, val_mean_ap=0.376, val_accuracy=0.684, val_f1=0.476, train_loss_epoch=0.880]
Epoch 9:  78%|███████▊  | 93/120 [21:04<06:07,  0.07it/s, v_num=6, train_loss_step=0.843, val_loss=0.882, val_mean_auc=0.684, val_mean_ap=0.376, val_accuracy=0.684, val_f1=0.476, train_loss_epoch=0.880]
Epoch 9:  78%|███████▊  | 93/120 [21:05<06:07,  0.07it/s, v_num=6, train_loss_step=0.881, val_loss=0.882, val_mean_auc=0.684, val_mean_ap=0.376, val_accuracy=0.684, val_f1=0.476, train_loss_epoch=0.880]
Epoch 9:  78%|███████▊  | 94/120 [21:05<05:49,  0.07it/s, v_num=6, train_loss_step=0.881, val_loss=0.882, val_mean_auc=0.684, val_mean_ap=0.376, val_accuracy=0.684, val_f1=0.476, train_loss_epoch=0.880]
Epoch 9:  78%|███████▊  | 94/120 [21:05<05:50,  0.07it/s, v_num=6, train_loss_step=0.763, val_loss=0.882, val_mean_auc=0.684, val_mean_ap=0.376, val_accuracy=0.684, val_f1=0.476, train_loss_epoch=0.880]
Epoch 9:  79%|███████▉  | 95/120 [21:30<05:39,  0.07it/s, v_num=6, train_loss_step=0.763, val_loss=0.882, val_mean_auc=0.684, val_mean_ap=0.376, val_accuracy=0.684, val_f1=0.476, train_loss_epoch=0.880]
Epoch 9:  79%|███████▉  | 95/120 [21:31<05:39,  0.07it/s, v_num=6, train_loss_step=0.745, val_loss=0.882, val_mean_auc=0.684, val_mean_ap=0.376, val_accuracy=0.684, val_f1=0.476, train_loss_epoch=0.880]
Epoch 9:  80%|████████  | 96/120 [21:31<05:22,  0.07it/s, v_num=6, train_loss_step=0.745, val_loss=0.882, val_mean_auc=0.684, val_mean_ap=0.376, val_accuracy=0.684, val_f1=0.476, train_loss_epoch=0.880]
Epoch 9:  80%|████████  | 96/120 [21:31<05:22,  0.07it/s, v_num=6, train_loss_step=0.810, val_loss=0.882, val_mean_auc=0.684, val_mean_ap=0.376, val_accuracy=0.684, val_f1=0.476, train_loss_epoch=0.880]
Epoch 9:  81%|████████  | 97/120 [21:55<05:11,  0.07it/s, v_num=6, train_loss_step=0.810, val_loss=0.882, val_mean_auc=0.684, val_mean_ap=0.376, val_accuracy=0.684, val_f1=0.476, train_loss_epoch=0.880]
Epoch 9:  81%|████████  | 97/120 [21:55<05:11,  0.07it/s, v_num=6, train_loss_step=0.789, val_loss=0.882, val_mean_auc=0.684, val_mean_ap=0.376, val_accuracy=0.684, val_f1=0.476, train_loss_epoch=0.880]
Epoch 9:  82%|████████▏ | 98/120 [21:55<04:55,  0.07it/s, v_num=6, train_loss_step=0.789, val_loss=0.882, val_mean_auc=0.684, val_mean_ap=0.376, val_accuracy=0.684, val_f1=0.476, train_loss_epoch=0.880]
Epoch 9:  82%|████████▏ | 98/120 [21:56<04:55,  0.07it/s, v_num=6, train_loss_step=0.757, val_loss=0.882, val_mean_auc=0.684, val_mean_ap=0.376, val_accuracy=0.684, val_f1=0.476, train_loss_epoch=0.880]
Epoch 9:  82%|████████▎ | 99/120 [22:14<04:43,  0.07it/s, v_num=6, train_loss_step=0.757, val_loss=0.882, val_mean_auc=0.684, val_mean_ap=0.376, val_accuracy=0.684, val_f1=0.476, train_loss_epoch=0.880]
Epoch 9:  82%|████████▎ | 99/120 [22:15<04:43,  0.07it/s, v_num=6, train_loss_step=0.874, val_loss=0.882, val_mean_auc=0.684, val_mean_ap=0.376, val_accuracy=0.684, val_f1=0.476, train_loss_epoch=0.880]
Epoch 9:  83%|████████▎ | 100/120 [22:15<04:27,  0.07it/s, v_num=6, train_loss_step=0.874, val_loss=0.882, val_mean_auc=0.684, val_mean_ap=0.376, val_accuracy=0.684, val_f1=0.476, train_loss_epoch=0.880]
Epoch 9:  83%|████████▎ | 100/120 [22:15<04:27,  0.07it/s, v_num=6, train_loss_step=0.675, val_loss=0.882, val_mean_auc=0.684, val_mean_ap=0.376, val_accuracy=0.684, val_f1=0.476, train_loss_epoch=0.880]
Epoch 9:  84%|████████▍ | 101/120 [22:46<04:17,  0.07it/s, v_num=6, train_loss_step=0.675, val_loss=0.882, val_mean_auc=0.684, val_mean_ap=0.376, val_accuracy=0.684, val_f1=0.476, train_loss_epoch=0.880]
Epoch 9:  84%|████████▍ | 101/120 [22:47<04:17,  0.07it/s, v_num=6, train_loss_step=0.883, val_loss=0.882, val_mean_auc=0.684, val_mean_ap=0.376, val_accuracy=0.684, val_f1=0.476, train_loss_epoch=0.880]
Epoch 9:  85%|████████▌ | 102/120 [22:47<04:01,  0.07it/s, v_num=6, train_loss_step=0.883, val_loss=0.882, val_mean_auc=0.684, val_mean_ap=0.376, val_accuracy=0.684, val_f1=0.476, train_loss_epoch=0.880]
Epoch 9:  85%|████████▌ | 102/120 [22:47<04:01,  0.07it/s, v_num=6, train_loss_step=0.699, val_loss=0.882, val_mean_auc=0.684, val_mean_ap=0.376, val_accuracy=0.684, val_f1=0.476, train_loss_epoch=0.880]
Epoch 9:  86%|████████▌ | 103/120 [23:15<03:50,  0.07it/s, v_num=6, train_loss_step=0.699, val_loss=0.882, val_mean_auc=0.684, val_mean_ap=0.376, val_accuracy=0.684, val_f1=0.476, train_loss_epoch=0.880]
Epoch 9:  86%|████████▌ | 103/120 [23:15<03:50,  0.07it/s, v_num=6, train_loss_step=0.675, val_loss=0.882, val_mean_auc=0.684, val_mean_ap=0.376, val_accuracy=0.684, val_f1=0.476, train_loss_epoch=0.880]
Epoch 9:  87%|████████▋ | 104/120 [23:15<03:34,  0.07it/s, v_num=6, train_loss_step=0.675, val_loss=0.882, val_mean_auc=0.684, val_mean_ap=0.376, val_accuracy=0.684, val_f1=0.476, train_loss_epoch=0.880]
Epoch 9:  87%|████████▋ | 104/120 [23:16<03:34,  0.07it/s, v_num=6, train_loss_step=0.796, val_loss=0.882, val_mean_auc=0.684, val_mean_ap=0.376, val_accuracy=0.684, val_f1=0.476, train_loss_epoch=0.880]
Epoch 9:  88%|████████▊ | 105/120 [23:37<03:22,  0.07it/s, v_num=6, train_loss_step=0.796, val_loss=0.882, val_mean_auc=0.684, val_mean_ap=0.376, val_accuracy=0.684, val_f1=0.476, train_loss_epoch=0.880]
Epoch 9:  88%|████████▊ | 105/120 [23:38<03:22,  0.07it/s, v_num=6, train_loss_step=0.952, val_loss=0.882, val_mean_auc=0.684, val_mean_ap=0.376, val_accuracy=0.684, val_f1=0.476, train_loss_epoch=0.880]
Epoch 9:  88%|████████▊ | 106/120 [23:38<03:07,  0.07it/s, v_num=6, train_loss_step=0.952, val_loss=0.882, val_mean_auc=0.684, val_mean_ap=0.376, val_accuracy=0.684, val_f1=0.476, train_loss_epoch=0.880]
Epoch 9:  88%|████████▊ | 106/120 [23:38<03:07,  0.07it/s, v_num=6, train_loss_step=1.060, val_loss=0.882, val_mean_auc=0.684, val_mean_ap=0.376, val_accuracy=0.684, val_f1=0.476, train_loss_epoch=0.880]
Epoch 9:  89%|████████▉ | 107/120 [24:04<02:55,  0.07it/s, v_num=6, train_loss_step=1.060, val_loss=0.882, val_mean_auc=0.684, val_mean_ap=0.376, val_accuracy=0.684, val_f1=0.476, train_loss_epoch=0.880]
Epoch 9:  89%|████████▉ | 107/120 [24:05<02:55,  0.07it/s, v_num=6, train_loss_step=1.000, val_loss=0.882, val_mean_auc=0.684, val_mean_ap=0.376, val_accuracy=0.684, val_f1=0.476, train_loss_epoch=0.880]
Epoch 9:  90%|█████████ | 108/120 [24:05<02:40,  0.07it/s, v_num=6, train_loss_step=1.000, val_loss=0.882, val_mean_auc=0.684, val_mean_ap=0.376, val_accuracy=0.684, val_f1=0.476, train_loss_epoch=0.880]
Epoch 9:  90%|█████████ | 108/120 [24:05<02:40,  0.07it/s, v_num=6, train_loss_step=0.965, val_loss=0.882, val_mean_auc=0.684, val_mean_ap=0.376, val_accuracy=0.684, val_f1=0.476, train_loss_epoch=0.880]
Epoch 9:  91%|█████████ | 109/120 [24:28<02:28,  0.07it/s, v_num=6, train_loss_step=0.965, val_loss=0.882, val_mean_auc=0.684, val_mean_ap=0.376, val_accuracy=0.684, val_f1=0.476, train_loss_epoch=0.880]
Epoch 9:  91%|█████████ | 109/120 [24:29<02:28,  0.07it/s, v_num=6, train_loss_step=1.010, val_loss=0.882, val_mean_auc=0.684, val_mean_ap=0.376, val_accuracy=0.684, val_f1=0.476, train_loss_epoch=0.880]
Epoch 9:  92%|█████████▏| 110/120 [24:29<02:13,  0.07it/s, v_num=6, train_loss_step=1.010, val_loss=0.882, val_mean_auc=0.684, val_mean_ap=0.376, val_accuracy=0.684, val_f1=0.476, train_loss_epoch=0.880]
Epoch 9:  92%|█████████▏| 110/120 [24:29<02:13,  0.07it/s, v_num=6, train_loss_step=1.080, val_loss=0.882, val_mean_auc=0.684, val_mean_ap=0.376, val_accuracy=0.684, val_f1=0.476, train_loss_epoch=0.880]
Epoch 9:  92%|█████████▎| 111/120 [24:51<02:00,  0.07it/s, v_num=6, train_loss_step=1.080, val_loss=0.882, val_mean_auc=0.684, val_mean_ap=0.376, val_accuracy=0.684, val_f1=0.476, train_loss_epoch=0.880]
Epoch 9:  92%|█████████▎| 111/120 [24:51<02:00,  0.07it/s, v_num=6, train_loss_step=0.830, val_loss=0.882, val_mean_auc=0.684, val_mean_ap=0.376, val_accuracy=0.684, val_f1=0.476, train_loss_epoch=0.880]
Epoch 9:  93%|█████████▎| 112/120 [24:51<01:46,  0.08it/s, v_num=6, train_loss_step=0.830, val_loss=0.882, val_mean_auc=0.684, val_mean_ap=0.376, val_accuracy=0.684, val_f1=0.476, train_loss_epoch=0.880]
Epoch 9:  93%|█████████▎| 112/120 [24:52<01:46,  0.08it/s, v_num=6, train_loss_step=0.683, val_loss=0.882, val_mean_auc=0.684, val_mean_ap=0.376, val_accuracy=0.684, val_f1=0.476, train_loss_epoch=0.880]
Epoch 9:  94%|█████████▍| 113/120 [25:18<01:34,  0.07it/s, v_num=6, train_loss_step=0.683, val_loss=0.882, val_mean_auc=0.684, val_mean_ap=0.376, val_accuracy=0.684, val_f1=0.476, train_loss_epoch=0.880]
Epoch 9:  94%|█████████▍| 113/120 [25:18<01:34,  0.07it/s, v_num=6, train_loss_step=0.550, val_loss=0.882, val_mean_auc=0.684, val_mean_ap=0.376, val_accuracy=0.684, val_f1=0.476, train_loss_epoch=0.880]
Epoch 9:  95%|█████████▌| 114/120 [25:18<01:19,  0.08it/s, v_num=6, train_loss_step=0.550, val_loss=0.882, val_mean_auc=0.684, val_mean_ap=0.376, val_accuracy=0.684, val_f1=0.476, train_loss_epoch=0.880]
Epoch 9:  95%|█████████▌| 114/120 [25:19<01:19,  0.08it/s, v_num=6, train_loss_step=0.653, val_loss=0.882, val_mean_auc=0.684, val_mean_ap=0.376, val_accuracy=0.684, val_f1=0.476, train_loss_epoch=0.880]
Epoch 9:  96%|█████████▌| 115/120 [25:44<01:07,  0.07it/s, v_num=6, train_loss_step=0.653, val_loss=0.882, val_mean_auc=0.684, val_mean_ap=0.376, val_accuracy=0.684, val_f1=0.476, train_loss_epoch=0.880]
Epoch 9:  96%|█████████▌| 115/120 [25:44<01:07,  0.07it/s, v_num=6, train_loss_step=1.350, val_loss=0.882, val_mean_auc=0.684, val_mean_ap=0.376, val_accuracy=0.684, val_f1=0.476, train_loss_epoch=0.880]
Epoch 9:  97%|█████████▋| 116/120 [25:45<00:53,  0.08it/s, v_num=6, train_loss_step=1.350, val_loss=0.882, val_mean_auc=0.684, val_mean_ap=0.376, val_accuracy=0.684, val_f1=0.476, train_loss_epoch=0.880]
Epoch 9:  97%|█████████▋| 116/120 [25:45<00:53,  0.08it/s, v_num=6, train_loss_step=1.010, val_loss=0.882, val_mean_auc=0.684, val_mean_ap=0.376, val_accuracy=0.684, val_f1=0.476, train_loss_epoch=0.880]
Epoch 9:  98%|█████████▊| 117/120 [26:15<00:40,  0.07it/s, v_num=6, train_loss_step=1.010, val_loss=0.882, val_mean_auc=0.684, val_mean_ap=0.376, val_accuracy=0.684, val_f1=0.476, train_loss_epoch=0.880]
Epoch 9:  98%|█████████▊| 117/120 [26:15<00:40,  0.07it/s, v_num=6, train_loss_step=0.780, val_loss=0.882, val_mean_auc=0.684, val_mean_ap=0.376, val_accuracy=0.684, val_f1=0.476, train_loss_epoch=0.880]
Epoch 9:  98%|█████████▊| 118/120 [26:15<00:26,  0.07it/s, v_num=6, train_loss_step=0.780, val_loss=0.882, val_mean_auc=0.684, val_mean_ap=0.376, val_accuracy=0.684, val_f1=0.476, train_loss_epoch=0.880]
Epoch 9:  98%|█████████▊| 118/120 [26:16<00:26,  0.07it/s, v_num=6, train_loss_step=0.650, val_loss=0.882, val_mean_auc=0.684, val_mean_ap=0.376, val_accuracy=0.684, val_f1=0.476, train_loss_epoch=0.880]
Epoch 9:  99%|█████████▉| 119/120 [26:40<00:13,  0.07it/s, v_num=6, train_loss_step=0.650, val_loss=0.882, val_mean_auc=0.684, val_mean_ap=0.376, val_accuracy=0.684, val_f1=0.476, train_loss_epoch=0.880]
Epoch 9:  99%|█████████▉| 119/120 [26:41<00:13,  0.07it/s, v_num=6, train_loss_step=0.953, val_loss=0.882, val_mean_auc=0.684, val_mean_ap=0.376, val_accuracy=0.684, val_f1=0.476, train_loss_epoch=0.880]
Epoch 9: 100%|██████████| 120/120 [26:41<00:00,  0.07it/s, v_num=6, train_loss_step=0.953, val_loss=0.882, val_mean_auc=0.684, val_mean_ap=0.376, val_accuracy=0.684, val_f1=0.476, train_loss_epoch=0.880]
Epoch 9: 100%|██████████| 120/120 [26:41<00:00,  0.07it/s, v_num=6, train_loss_step=0.911, val_loss=0.882, val_mean_auc=0.684, val_mean_ap=0.376, val_accuracy=0.684, val_f1=0.476, train_loss_epoch=0.880]

Validation: |          | 0/? [00:00<?, ?it/s][A

Validation: |          | 0/? [00:00<?, ?it/s][A

Validation DataLoader 0:   0%|          | 0/15 [00:00<?, ?it/s][A

Validation DataLoader 0:   7%|▋         | 1/15 [00:00<00:06,  2.03it/s][A

Validation DataLoader 0:  13%|█▎        | 2/15 [00:00<00:06,  2.07it/s][A

Validation DataLoader 0:  20%|██        | 3/15 [00:23<01:32,  0.13it/s][A

Validation DataLoader 0:  27%|██▋       | 4/15 [00:23<01:05,  0.17it/s][A

Validation DataLoader 0:  33%|███▎      | 5/15 [00:48<01:37,  0.10it/s][A

Validation DataLoader 0:  40%|████      | 6/15 [00:49<01:13,  0.12it/s][A

Validation DataLoader 0:  47%|████▋     | 7/15 [01:11<01:22,  0.10it/s][A

Validation DataLoader 0:  53%|█████▎    | 8/15 [01:12<01:03,  0.11it/s][A

Validation DataLoader 0:  60%|██████    | 9/15 [01:31<01:00,  0.10it/s][A

Validation DataLoader 0:  67%|██████▋   | 10/15 [01:31<00:45,  0.11it/s][A

Validation DataLoader 0:  73%|███████▎  | 11/15 [01:59<00:43,  0.09it/s][A

Validation DataLoader 0:  80%|████████  | 12/15 [01:59<00:29,  0.10it/s][A

Validation DataLoader 0:  87%|████████▋ | 13/15 [02:24<00:22,  0.09it/s][A

Validation DataLoader 0:  93%|█████████▎| 14/15 [02:24<00:10,  0.10it/s][A

Validation DataLoader 0: 100%|██████████| 15/15 [02:44<00:00,  0.09it/s][A

                                                                        [A
Epoch 9: 100%|██████████| 120/120 [29:54<00:00,  0.07it/s, v_num=6, train_loss_step=0.911, val_loss=0.856, val_mean_auc=0.687, val_mean_ap=0.374, val_accuracy=0.656, val_f1=0.461, train_loss_epoch=0.880]
Epoch 9: 100%|██████████| 120/120 [29:54<00:00,  0.07it/s, v_num=6, train_loss_step=0.911, val_loss=0.856, val_mean_auc=0.687, val_mean_ap=0.374, val_accuracy=0.656, val_f1=0.461, train_loss_epoch=0.862]
Epoch 9:   0%|          | 0/120 [00:00<?, ?it/s, v_num=6, train_loss_step=0.911, val_loss=0.856, val_mean_auc=0.687, val_mean_ap=0.374, val_accuracy=0.656, val_f1=0.461, train_loss_epoch=0.862]          
Epoch 10:   0%|          | 0/120 [00:00<?, ?it/s, v_num=6, train_loss_step=0.911, val_loss=0.856, val_mean_auc=0.687, val_mean_ap=0.374, val_accuracy=0.656, val_f1=0.461, train_loss_epoch=0.862]
Epoch 10:   1%|          | 1/120 [00:25<50:25,  0.04it/s, v_num=6, train_loss_step=0.911, val_loss=0.856, val_mean_auc=0.687, val_mean_ap=0.374, val_accuracy=0.656, val_f1=0.461, train_loss_epoch=0.862]
Epoch 10:   1%|          | 1/120 [00:25<51:16,  0.04it/s, v_num=6, train_loss_step=0.901, val_loss=0.856, val_mean_auc=0.687, val_mean_ap=0.374, val_accuracy=0.656, val_f1=0.461, train_loss_epoch=0.862]
Epoch 10:   2%|▏         | 2/120 [00:27<27:11,  0.07it/s, v_num=6, train_loss_step=0.901, val_loss=0.856, val_mean_auc=0.687, val_mean_ap=0.374, val_accuracy=0.656, val_f1=0.461, train_loss_epoch=0.862]
Epoch 10:   2%|▏         | 2/120 [00:28<27:36,  0.07it/s, v_num=6, train_loss_step=0.830, val_loss=0.856, val_mean_auc=0.687, val_mean_ap=0.374, val_accuracy=0.656, val_f1=0.461, train_loss_epoch=0.862]
Epoch 10:   2%|▎         | 3/120 [00:44<28:37,  0.07it/s, v_num=6, train_loss_step=0.830, val_loss=0.856, val_mean_auc=0.687, val_mean_ap=0.374, val_accuracy=0.656, val_f1=0.461, train_loss_epoch=0.862]
Epoch 10:   2%|▎         | 3/120 [00:44<28:54,  0.07it/s, v_num=6, train_loss_step=0.969, val_loss=0.856, val_mean_auc=0.687, val_mean_ap=0.374, val_accuracy=0.656, val_f1=0.461, train_loss_epoch=0.862]
Epoch 10:   3%|▎         | 4/120 [00:50<24:32,  0.08it/s, v_num=6, train_loss_step=0.969, val_loss=0.856, val_mean_auc=0.687, val_mean_ap=0.374, val_accuracy=0.656, val_f1=0.461, train_loss_epoch=0.862]
Epoch 10:   3%|▎         | 4/120 [00:51<24:45,  0.08it/s, v_num=6, train_loss_step=1.150, val_loss=0.856, val_mean_auc=0.687, val_mean_ap=0.374, val_accuracy=0.656, val_f1=0.461, train_loss_epoch=0.862]
Epoch 10:   4%|▍         | 5/120 [01:11<27:18,  0.07it/s, v_num=6, train_loss_step=1.150, val_loss=0.856, val_mean_auc=0.687, val_mean_ap=0.374, val_accuracy=0.656, val_f1=0.461, train_loss_epoch=0.862]
Epoch 10:   4%|▍         | 5/120 [01:11<27:27,  0.07it/s, v_num=6, train_loss_step=0.761, val_loss=0.856, val_mean_auc=0.687, val_mean_ap=0.374, val_accuracy=0.656, val_f1=0.461, train_loss_epoch=0.862]
Epoch 10:   5%|▌         | 6/120 [01:16<24:09,  0.08it/s, v_num=6, train_loss_step=0.761, val_loss=0.856, val_mean_auc=0.687, val_mean_ap=0.374, val_accuracy=0.656, val_f1=0.461, train_loss_epoch=0.862]
Epoch 10:   5%|▌         | 6/120 [01:16<24:17,  0.08it/s, v_num=6, train_loss_step=0.850, val_loss=0.856, val_mean_auc=0.687, val_mean_ap=0.374, val_accuracy=0.656, val_f1=0.461, train_loss_epoch=0.862]
Epoch 10:   6%|▌         | 7/120 [01:32<24:52,  0.08it/s, v_num=6, train_loss_step=0.850, val_loss=0.856, val_mean_auc=0.687, val_mean_ap=0.374, val_accuracy=0.656, val_f1=0.461, train_loss_epoch=0.862]
Epoch 10:   6%|▌         | 7/120 [01:32<24:59,  0.08it/s, v_num=6, train_loss_step=1.110, val_loss=0.856, val_mean_auc=0.687, val_mean_ap=0.374, val_accuracy=0.656, val_f1=0.461, train_loss_epoch=0.862]
Epoch 10:   7%|▋         | 8/120 [01:42<23:59,  0.08it/s, v_num=6, train_loss_step=1.110, val_loss=0.856, val_mean_auc=0.687, val_mean_ap=0.374, val_accuracy=0.656, val_f1=0.461, train_loss_epoch=0.862]
Epoch 10:   7%|▋         | 8/120 [01:43<24:06,  0.08it/s, v_num=6, train_loss_step=1.050, val_loss=0.856, val_mean_auc=0.687, val_mean_ap=0.374, val_accuracy=0.656, val_f1=0.461, train_loss_epoch=0.862]
Epoch 10:   8%|▊         | 9/120 [01:55<23:39,  0.08it/s, v_num=6, train_loss_step=1.050, val_loss=0.856, val_mean_auc=0.687, val_mean_ap=0.374, val_accuracy=0.656, val_f1=0.461, train_loss_epoch=0.862]
Epoch 10:   8%|▊         | 9/120 [01:55<23:44,  0.08it/s, v_num=6, train_loss_step=0.844, val_loss=0.856, val_mean_auc=0.687, val_mean_ap=0.374, val_accuracy=0.656, val_f1=0.461, train_loss_epoch=0.862]
Epoch 10:   8%|▊         | 10/120 [02:10<23:57,  0.08it/s, v_num=6, train_loss_step=0.844, val_loss=0.856, val_mean_auc=0.687, val_mean_ap=0.374, val_accuracy=0.656, val_f1=0.461, train_loss_epoch=0.862]
Epoch 10:   8%|▊         | 10/120 [02:11<24:02,  0.08it/s, v_num=6, train_loss_step=0.804, val_loss=0.856, val_mean_auc=0.687, val_mean_ap=0.374, val_accuracy=0.656, val_f1=0.461, train_loss_epoch=0.862]
Epoch 10:   9%|▉         | 11/120 [02:21<23:25,  0.08it/s, v_num=6, train_loss_step=0.804, val_loss=0.856, val_mean_auc=0.687, val_mean_ap=0.374, val_accuracy=0.656, val_f1=0.461, train_loss_epoch=0.862]
Epoch 10:   9%|▉         | 11/120 [02:22<23:29,  0.08it/s, v_num=6, train_loss_step=0.918, val_loss=0.856, val_mean_auc=0.687, val_mean_ap=0.374, val_accuracy=0.656, val_f1=0.461, train_loss_epoch=0.862]
Epoch 10:  10%|█         | 12/120 [02:35<23:17,  0.08it/s, v_num=6, train_loss_step=0.918, val_loss=0.856, val_mean_auc=0.687, val_mean_ap=0.374, val_accuracy=0.656, val_f1=0.461, train_loss_epoch=0.862]
Epoch 10:  10%|█         | 12/120 [02:35<23:21,  0.08it/s, v_num=6, train_loss_step=0.789, val_loss=0.856, val_mean_auc=0.687, val_mean_ap=0.374, val_accuracy=0.656, val_f1=0.461, train_loss_epoch=0.862]
Epoch 10:  11%|█         | 13/120 [02:43<22:26,  0.08it/s, v_num=6, train_loss_step=0.789, val_loss=0.856, val_mean_auc=0.687, val_mean_ap=0.374, val_accuracy=0.656, val_f1=0.461, train_loss_epoch=0.862]
Epoch 10:  11%|█         | 13/120 [02:44<22:30,  0.08it/s, v_num=6, train_loss_step=1.160, val_loss=0.856, val_mean_auc=0.687, val_mean_ap=0.374, val_accuracy=0.656, val_f1=0.461, train_loss_epoch=0.862]
Epoch 10:  12%|█▏        | 14/120 [03:06<23:28,  0.08it/s, v_num=6, train_loss_step=1.160, val_loss=0.856, val_mean_auc=0.687, val_mean_ap=0.374, val_accuracy=0.656, val_f1=0.461, train_loss_epoch=0.862]
Epoch 10:  12%|█▏        | 14/120 [03:06<23:32,  0.08it/s, v_num=6, train_loss_step=0.884, val_loss=0.856, val_mean_auc=0.687, val_mean_ap=0.374, val_accuracy=0.656, val_f1=0.461, train_loss_epoch=0.862]
Epoch 10:  12%|█▎        | 15/120 [03:12<22:27,  0.08it/s, v_num=6, train_loss_step=0.884, val_loss=0.856, val_mean_auc=0.687, val_mean_ap=0.374, val_accuracy=0.656, val_f1=0.461, train_loss_epoch=0.862]
Epoch 10:  12%|█▎        | 15/120 [03:12<22:30,  0.08it/s, v_num=6, train_loss_step=0.649, val_loss=0.856, val_mean_auc=0.687, val_mean_ap=0.374, val_accuracy=0.656, val_f1=0.461, train_loss_epoch=0.862]
Epoch 10:  13%|█▎        | 16/120 [03:34<23:17,  0.07it/s, v_num=6, train_loss_step=0.649, val_loss=0.856, val_mean_auc=0.687, val_mean_ap=0.374, val_accuracy=0.656, val_f1=0.461, train_loss_epoch=0.862]
Epoch 10:  13%|█▎        | 16/120 [03:35<23:20,  0.07it/s, v_num=6, train_loss_step=0.722, val_loss=0.856, val_mean_auc=0.687, val_mean_ap=0.374, val_accuracy=0.656, val_f1=0.461, train_loss_epoch=0.862]
Epoch 10:  14%|█▍        | 17/120 [03:40<22:14,  0.08it/s, v_num=6, train_loss_step=0.722, val_loss=0.856, val_mean_auc=0.687, val_mean_ap=0.374, val_accuracy=0.656, val_f1=0.461, train_loss_epoch=0.862]
Epoch 10:  14%|█▍        | 17/120 [03:40<22:17,  0.08it/s, v_num=6, train_loss_step=0.766, val_loss=0.856, val_mean_auc=0.687, val_mean_ap=0.374, val_accuracy=0.656, val_f1=0.461, train_loss_epoch=0.862]
Epoch 10:  15%|█▌        | 18/120 [04:00<22:40,  0.07it/s, v_num=6, train_loss_step=0.766, val_loss=0.856, val_mean_auc=0.687, val_mean_ap=0.374, val_accuracy=0.656, val_f1=0.461, train_loss_epoch=0.862]
Epoch 10:  15%|█▌        | 18/120 [04:00<22:43,  0.07it/s, v_num=6, train_loss_step=0.821, val_loss=0.856, val_mean_auc=0.687, val_mean_ap=0.374, val_accuracy=0.656, val_f1=0.461, train_loss_epoch=0.862]
Epoch 10:  16%|█▌        | 19/120 [04:00<21:19,  0.08it/s, v_num=6, train_loss_step=0.821, val_loss=0.856, val_mean_auc=0.687, val_mean_ap=0.374, val_accuracy=0.656, val_f1=0.461, train_loss_epoch=0.862]
Epoch 10:  16%|█▌        | 19/120 [04:01<21:21,  0.08it/s, v_num=6, train_loss_step=1.140, val_loss=0.856, val_mean_auc=0.687, val_mean_ap=0.374, val_accuracy=0.656, val_f1=0.461, train_loss_epoch=0.862]
Epoch 10:  17%|█▋        | 20/120 [04:28<22:24,  0.07it/s, v_num=6, train_loss_step=1.140, val_loss=0.856, val_mean_auc=0.687, val_mean_ap=0.374, val_accuracy=0.656, val_f1=0.461, train_loss_epoch=0.862]
Epoch 10:  17%|█▋        | 20/120 [04:29<22:26,  0.07it/s, v_num=6, train_loss_step=1.020, val_loss=0.856, val_mean_auc=0.687, val_mean_ap=0.374, val_accuracy=0.656, val_f1=0.461, train_loss_epoch=0.862]
Epoch 10:  18%|█▊        | 21/120 [04:32<21:23,  0.08it/s, v_num=6, train_loss_step=1.020, val_loss=0.856, val_mean_auc=0.687, val_mean_ap=0.374, val_accuracy=0.656, val_f1=0.461, train_loss_epoch=0.862]
Epoch 10:  18%|█▊        | 21/120 [04:32<21:25,  0.08it/s, v_num=6, train_loss_step=0.816, val_loss=0.856, val_mean_auc=0.687, val_mean_ap=0.374, val_accuracy=0.656, val_f1=0.461, train_loss_epoch=0.862]
Epoch 10:  18%|█▊        | 22/120 [04:51<21:36,  0.08it/s, v_num=6, train_loss_step=0.816, val_loss=0.856, val_mean_auc=0.687, val_mean_ap=0.374, val_accuracy=0.656, val_f1=0.461, train_loss_epoch=0.862]
Epoch 10:  18%|█▊        | 22/120 [04:51<21:38,  0.08it/s, v_num=6, train_loss_step=0.620, val_loss=0.856, val_mean_auc=0.687, val_mean_ap=0.374, val_accuracy=0.656, val_f1=0.461, train_loss_epoch=0.862]
Epoch 10:  19%|█▉        | 23/120 [04:58<20:57,  0.08it/s, v_num=6, train_loss_step=0.620, val_loss=0.856, val_mean_auc=0.687, val_mean_ap=0.374, val_accuracy=0.656, val_f1=0.461, train_loss_epoch=0.862]
Epoch 10:  19%|█▉        | 23/120 [04:58<20:59,  0.08it/s, v_num=6, train_loss_step=0.703, val_loss=0.856, val_mean_auc=0.687, val_mean_ap=0.374, val_accuracy=0.656, val_f1=0.461, train_loss_epoch=0.862]
Epoch 10:  20%|██        | 24/120 [05:18<21:15,  0.08it/s, v_num=6, train_loss_step=0.703, val_loss=0.856, val_mean_auc=0.687, val_mean_ap=0.374, val_accuracy=0.656, val_f1=0.461, train_loss_epoch=0.862]
Epoch 10:  20%|██        | 24/120 [05:19<21:17,  0.08it/s, v_num=6, train_loss_step=0.749, val_loss=0.856, val_mean_auc=0.687, val_mean_ap=0.374, val_accuracy=0.656, val_f1=0.461, train_loss_epoch=0.862]
Epoch 10:  21%|██        | 25/120 [05:22<20:23,  0.08it/s, v_num=6, train_loss_step=0.749, val_loss=0.856, val_mean_auc=0.687, val_mean_ap=0.374, val_accuracy=0.656, val_f1=0.461, train_loss_epoch=0.862]
Epoch 10:  21%|██        | 25/120 [05:22<20:25,  0.08it/s, v_num=6, train_loss_step=0.632, val_loss=0.856, val_mean_auc=0.687, val_mean_ap=0.374, val_accuracy=0.656, val_f1=0.461, train_loss_epoch=0.862]
Epoch 10:  22%|██▏       | 26/120 [05:42<20:39,  0.08it/s, v_num=6, train_loss_step=0.632, val_loss=0.856, val_mean_auc=0.687, val_mean_ap=0.374, val_accuracy=0.656, val_f1=0.461, train_loss_epoch=0.862]
Epoch 10:  22%|██▏       | 26/120 [05:43<20:41,  0.08it/s, v_num=6, train_loss_step=0.819, val_loss=0.856, val_mean_auc=0.687, val_mean_ap=0.374, val_accuracy=0.656, val_f1=0.461, train_loss_epoch=0.862]
Epoch 10:  22%|██▎       | 27/120 [05:46<19:52,  0.08it/s, v_num=6, train_loss_step=0.819, val_loss=0.856, val_mean_auc=0.687, val_mean_ap=0.374, val_accuracy=0.656, val_f1=0.461, train_loss_epoch=0.862]
Epoch 10:  22%|██▎       | 27/120 [05:46<19:53,  0.08it/s, v_num=6, train_loss_step=0.602, val_loss=0.856, val_mean_auc=0.687, val_mean_ap=0.374, val_accuracy=0.656, val_f1=0.461, train_loss_epoch=0.862]
Epoch 10:  23%|██▎       | 28/120 [06:12<20:24,  0.08it/s, v_num=6, train_loss_step=0.602, val_loss=0.856, val_mean_auc=0.687, val_mean_ap=0.374, val_accuracy=0.656, val_f1=0.461, train_loss_epoch=0.862]
Epoch 10:  23%|██▎       | 28/120 [06:13<20:26,  0.08it/s, v_num=6, train_loss_step=0.866, val_loss=0.856, val_mean_auc=0.687, val_mean_ap=0.374, val_accuracy=0.656, val_f1=0.461, train_loss_epoch=0.862]
Epoch 10:  24%|██▍       | 29/120 [06:13<19:31,  0.08it/s, v_num=6, train_loss_step=0.866, val_loss=0.856, val_mean_auc=0.687, val_mean_ap=0.374, val_accuracy=0.656, val_f1=0.461, train_loss_epoch=0.862]
Epoch 10:  24%|██▍       | 29/120 [06:13<19:32,  0.08it/s, v_num=6, train_loss_step=1.200, val_loss=0.856, val_mean_auc=0.687, val_mean_ap=0.374, val_accuracy=0.656, val_f1=0.461, train_loss_epoch=0.862]
Epoch 10:  25%|██▌       | 30/120 [06:47<20:23,  0.07it/s, v_num=6, train_loss_step=1.200, val_loss=0.856, val_mean_auc=0.687, val_mean_ap=0.374, val_accuracy=0.656, val_f1=0.461, train_loss_epoch=0.862]
Epoch 10:  25%|██▌       | 30/120 [06:48<20:24,  0.07it/s, v_num=6, train_loss_step=0.779, val_loss=0.856, val_mean_auc=0.687, val_mean_ap=0.374, val_accuracy=0.656, val_f1=0.461, train_loss_epoch=0.862]
Epoch 10:  26%|██▌       | 31/120 [06:48<19:31,  0.08it/s, v_num=6, train_loss_step=0.779, val_loss=0.856, val_mean_auc=0.687, val_mean_ap=0.374, val_accuracy=0.656, val_f1=0.461, train_loss_epoch=0.862]
Epoch 10:  26%|██▌       | 31/120 [06:48<19:33,  0.08it/s, v_num=6, train_loss_step=0.689, val_loss=0.856, val_mean_auc=0.687, val_mean_ap=0.374, val_accuracy=0.656, val_f1=0.461, train_loss_epoch=0.862]
Epoch 10:  27%|██▋       | 32/120 [07:17<20:02,  0.07it/s, v_num=6, train_loss_step=0.689, val_loss=0.856, val_mean_auc=0.687, val_mean_ap=0.374, val_accuracy=0.656, val_f1=0.461, train_loss_epoch=0.862]
Epoch 10:  27%|██▋       | 32/120 [07:17<20:04,  0.07it/s, v_num=6, train_loss_step=0.467, val_loss=0.856, val_mean_auc=0.687, val_mean_ap=0.374, val_accuracy=0.656, val_f1=0.461, train_loss_epoch=0.862]
Epoch 10:  28%|██▊       | 33/120 [07:17<19:14,  0.08it/s, v_num=6, train_loss_step=0.467, val_loss=0.856, val_mean_auc=0.687, val_mean_ap=0.374, val_accuracy=0.656, val_f1=0.461, train_loss_epoch=0.862]
Epoch 10:  28%|██▊       | 33/120 [07:18<19:15,  0.08it/s, v_num=6, train_loss_step=0.940, val_loss=0.856, val_mean_auc=0.687, val_mean_ap=0.374, val_accuracy=0.656, val_f1=0.461, train_loss_epoch=0.862]
Epoch 10:  28%|██▊       | 34/120 [07:49<19:47,  0.07it/s, v_num=6, train_loss_step=0.940, val_loss=0.856, val_mean_auc=0.687, val_mean_ap=0.374, val_accuracy=0.656, val_f1=0.461, train_loss_epoch=0.862]
Epoch 10:  28%|██▊       | 34/120 [07:49<19:48,  0.07it/s, v_num=6, train_loss_step=0.970, val_loss=0.856, val_mean_auc=0.687, val_mean_ap=0.374, val_accuracy=0.656, val_f1=0.461, train_loss_epoch=0.862]
Epoch 10:  29%|██▉       | 35/120 [07:49<19:00,  0.07it/s, v_num=6, train_loss_step=0.970, val_loss=0.856, val_mean_auc=0.687, val_mean_ap=0.374, val_accuracy=0.656, val_f1=0.461, train_loss_epoch=0.862]
Epoch 10:  29%|██▉       | 35/120 [07:50<19:02,  0.07it/s, v_num=6, train_loss_step=0.861, val_loss=0.856, val_mean_auc=0.687, val_mean_ap=0.374, val_accuracy=0.656, val_f1=0.461, train_loss_epoch=0.862]
Epoch 10:  30%|███       | 36/120 [08:15<19:15,  0.07it/s, v_num=6, train_loss_step=0.861, val_loss=0.856, val_mean_auc=0.687, val_mean_ap=0.374, val_accuracy=0.656, val_f1=0.461, train_loss_epoch=0.862]
Epoch 10:  30%|███       | 36/120 [08:15<19:16,  0.07it/s, v_num=6, train_loss_step=0.649, val_loss=0.856, val_mean_auc=0.687, val_mean_ap=0.374, val_accuracy=0.656, val_f1=0.461, train_loss_epoch=0.862]
Epoch 10:  31%|███       | 37/120 [08:15<18:32,  0.07it/s, v_num=6, train_loss_step=0.649, val_loss=0.856, val_mean_auc=0.687, val_mean_ap=0.374, val_accuracy=0.656, val_f1=0.461, train_loss_epoch=0.862]
Epoch 10:  31%|███       | 37/120 [08:16<18:32,  0.07it/s, v_num=6, train_loss_step=0.672, val_loss=0.856, val_mean_auc=0.687, val_mean_ap=0.374, val_accuracy=0.656, val_f1=0.461, train_loss_epoch=0.862]
Epoch 10:  32%|███▏      | 38/120 [08:45<18:54,  0.07it/s, v_num=6, train_loss_step=0.672, val_loss=0.856, val_mean_auc=0.687, val_mean_ap=0.374, val_accuracy=0.656, val_f1=0.461, train_loss_epoch=0.862]
Epoch 10:  32%|███▏      | 38/120 [08:46<18:55,  0.07it/s, v_num=6, train_loss_step=1.090, val_loss=0.856, val_mean_auc=0.687, val_mean_ap=0.374, val_accuracy=0.656, val_f1=0.461, train_loss_epoch=0.862]
Epoch 10:  32%|███▎      | 39/120 [08:46<18:12,  0.07it/s, v_num=6, train_loss_step=1.090, val_loss=0.856, val_mean_auc=0.687, val_mean_ap=0.374, val_accuracy=0.656, val_f1=0.461, train_loss_epoch=0.862]
Epoch 10:  32%|███▎      | 39/120 [08:46<18:13,  0.07it/s, v_num=6, train_loss_step=0.502, val_loss=0.856, val_mean_auc=0.687, val_mean_ap=0.374, val_accuracy=0.656, val_f1=0.461, train_loss_epoch=0.862]
Epoch 10:  33%|███▎      | 40/120 [09:13<18:27,  0.07it/s, v_num=6, train_loss_step=0.502, val_loss=0.856, val_mean_auc=0.687, val_mean_ap=0.374, val_accuracy=0.656, val_f1=0.461, train_loss_epoch=0.862]
Epoch 10:  33%|███▎      | 40/120 [09:14<18:28,  0.07it/s, v_num=6, train_loss_step=0.610, val_loss=0.856, val_mean_auc=0.687, val_mean_ap=0.374, val_accuracy=0.656, val_f1=0.461, train_loss_epoch=0.862]
Epoch 10:  34%|███▍      | 41/120 [09:14<17:47,  0.07it/s, v_num=6, train_loss_step=0.610, val_loss=0.856, val_mean_auc=0.687, val_mean_ap=0.374, val_accuracy=0.656, val_f1=0.461, train_loss_epoch=0.862]
Epoch 10:  34%|███▍      | 41/120 [09:14<17:48,  0.07it/s, v_num=6, train_loss_step=0.486, val_loss=0.856, val_mean_auc=0.687, val_mean_ap=0.374, val_accuracy=0.656, val_f1=0.461, train_loss_epoch=0.862]
Epoch 10:  35%|███▌      | 42/120 [09:40<17:57,  0.07it/s, v_num=6, train_loss_step=0.486, val_loss=0.856, val_mean_auc=0.687, val_mean_ap=0.374, val_accuracy=0.656, val_f1=0.461, train_loss_epoch=0.862]
Epoch 10:  35%|███▌      | 42/120 [09:40<17:58,  0.07it/s, v_num=6, train_loss_step=0.810, val_loss=0.856, val_mean_auc=0.687, val_mean_ap=0.374, val_accuracy=0.656, val_f1=0.461, train_loss_epoch=0.862]
Epoch 10:  36%|███▌      | 43/120 [09:40<17:19,  0.07it/s, v_num=6, train_loss_step=0.810, val_loss=0.856, val_mean_auc=0.687, val_mean_ap=0.374, val_accuracy=0.656, val_f1=0.461, train_loss_epoch=0.862]
Epoch 10:  36%|███▌      | 43/120 [09:41<17:20,  0.07it/s, v_num=6, train_loss_step=1.050, val_loss=0.856, val_mean_auc=0.687, val_mean_ap=0.374, val_accuracy=0.656, val_f1=0.461, train_loss_epoch=0.862]
Epoch 10:  37%|███▋      | 44/120 [10:05<17:26,  0.07it/s, v_num=6, train_loss_step=1.050, val_loss=0.856, val_mean_auc=0.687, val_mean_ap=0.374, val_accuracy=0.656, val_f1=0.461, train_loss_epoch=0.862]
Epoch 10:  37%|███▋      | 44/120 [10:06<17:26,  0.07it/s, v_num=6, train_loss_step=0.833, val_loss=0.856, val_mean_auc=0.687, val_mean_ap=0.374, val_accuracy=0.656, val_f1=0.461, train_loss_epoch=0.862]
Epoch 10:  38%|███▊      | 45/120 [10:06<16:50,  0.07it/s, v_num=6, train_loss_step=0.833, val_loss=0.856, val_mean_auc=0.687, val_mean_ap=0.374, val_accuracy=0.656, val_f1=0.461, train_loss_epoch=0.862]
Epoch 10:  38%|███▊      | 45/120 [10:06<16:50,  0.07it/s, v_num=6, train_loss_step=0.772, val_loss=0.856, val_mean_auc=0.687, val_mean_ap=0.374, val_accuracy=0.656, val_f1=0.461, train_loss_epoch=0.862]
Epoch 10:  38%|███▊      | 46/120 [10:37<17:05,  0.07it/s, v_num=6, train_loss_step=0.772, val_loss=0.856, val_mean_auc=0.687, val_mean_ap=0.374, val_accuracy=0.656, val_f1=0.461, train_loss_epoch=0.862]
Epoch 10:  38%|███▊      | 46/120 [10:37<17:05,  0.07it/s, v_num=6, train_loss_step=1.390, val_loss=0.856, val_mean_auc=0.687, val_mean_ap=0.374, val_accuracy=0.656, val_f1=0.461, train_loss_epoch=0.862]
Epoch 10:  39%|███▉      | 47/120 [10:37<16:30,  0.07it/s, v_num=6, train_loss_step=1.390, val_loss=0.856, val_mean_auc=0.687, val_mean_ap=0.374, val_accuracy=0.656, val_f1=0.461, train_loss_epoch=0.862]
Epoch 10:  39%|███▉      | 47/120 [10:38<16:31,  0.07it/s, v_num=6, train_loss_step=0.753, val_loss=0.856, val_mean_auc=0.687, val_mean_ap=0.374, val_accuracy=0.656, val_f1=0.461, train_loss_epoch=0.862]
Epoch 10:  40%|████      | 48/120 [10:59<16:29,  0.07it/s, v_num=6, train_loss_step=0.753, val_loss=0.856, val_mean_auc=0.687, val_mean_ap=0.374, val_accuracy=0.656, val_f1=0.461, train_loss_epoch=0.862]
Epoch 10:  40%|████      | 48/120 [11:00<16:30,  0.07it/s, v_num=6, train_loss_step=0.797, val_loss=0.856, val_mean_auc=0.687, val_mean_ap=0.374, val_accuracy=0.656, val_f1=0.461, train_loss_epoch=0.862]
Epoch 10:  41%|████      | 49/120 [11:00<15:56,  0.07it/s, v_num=6, train_loss_step=0.797, val_loss=0.856, val_mean_auc=0.687, val_mean_ap=0.374, val_accuracy=0.656, val_f1=0.461, train_loss_epoch=0.862]
Epoch 10:  41%|████      | 49/120 [11:00<15:57,  0.07it/s, v_num=6, train_loss_step=0.783, val_loss=0.856, val_mean_auc=0.687, val_mean_ap=0.374, val_accuracy=0.656, val_f1=0.461, train_loss_epoch=0.862]
Epoch 10:  42%|████▏     | 50/120 [11:26<16:01,  0.07it/s, v_num=6, train_loss_step=0.783, val_loss=0.856, val_mean_auc=0.687, val_mean_ap=0.374, val_accuracy=0.656, val_f1=0.461, train_loss_epoch=0.862]
Epoch 10:  42%|████▏     | 50/120 [11:27<16:02,  0.07it/s, v_num=6, train_loss_step=0.942, val_loss=0.856, val_mean_auc=0.687, val_mean_ap=0.374, val_accuracy=0.656, val_f1=0.461, train_loss_epoch=0.862]
Epoch 10:  42%|████▎     | 51/120 [11:27<15:29,  0.07it/s, v_num=6, train_loss_step=0.942, val_loss=0.856, val_mean_auc=0.687, val_mean_ap=0.374, val_accuracy=0.656, val_f1=0.461, train_loss_epoch=0.862]
Epoch 10:  42%|████▎     | 51/120 [11:27<15:30,  0.07it/s, v_num=6, train_loss_step=0.744, val_loss=0.856, val_mean_auc=0.687, val_mean_ap=0.374, val_accuracy=0.656, val_f1=0.461, train_loss_epoch=0.862]
Epoch 10:  43%|████▎     | 52/120 [11:48<15:26,  0.07it/s, v_num=6, train_loss_step=0.744, val_loss=0.856, val_mean_auc=0.687, val_mean_ap=0.374, val_accuracy=0.656, val_f1=0.461, train_loss_epoch=0.862]
Epoch 10:  43%|████▎     | 52/120 [11:49<15:27,  0.07it/s, v_num=6, train_loss_step=1.600, val_loss=0.856, val_mean_auc=0.687, val_mean_ap=0.374, val_accuracy=0.656, val_f1=0.461, train_loss_epoch=0.862]
Epoch 10:  44%|████▍     | 53/120 [11:49<14:56,  0.07it/s, v_num=6, train_loss_step=1.600, val_loss=0.856, val_mean_auc=0.687, val_mean_ap=0.374, val_accuracy=0.656, val_f1=0.461, train_loss_epoch=0.862]
Epoch 10:  44%|████▍     | 53/120 [11:49<14:56,  0.07it/s, v_num=6, train_loss_step=0.997, val_loss=0.856, val_mean_auc=0.687, val_mean_ap=0.374, val_accuracy=0.656, val_f1=0.461, train_loss_epoch=0.862]
Epoch 10:  45%|████▌     | 54/120 [12:14<14:57,  0.07it/s, v_num=6, train_loss_step=0.997, val_loss=0.856, val_mean_auc=0.687, val_mean_ap=0.374, val_accuracy=0.656, val_f1=0.461, train_loss_epoch=0.862]
Epoch 10:  45%|████▌     | 54/120 [12:14<14:57,  0.07it/s, v_num=6, train_loss_step=0.774, val_loss=0.856, val_mean_auc=0.687, val_mean_ap=0.374, val_accuracy=0.656, val_f1=0.461, train_loss_epoch=0.862]
Epoch 10:  46%|████▌     | 55/120 [12:14<14:28,  0.07it/s, v_num=6, train_loss_step=0.774, val_loss=0.856, val_mean_auc=0.687, val_mean_ap=0.374, val_accuracy=0.656, val_f1=0.461, train_loss_epoch=0.862]
Epoch 10:  46%|████▌     | 55/120 [12:15<14:28,  0.07it/s, v_num=6, train_loss_step=0.626, val_loss=0.856, val_mean_auc=0.687, val_mean_ap=0.374, val_accuracy=0.656, val_f1=0.461, train_loss_epoch=0.862]
Epoch 10:  47%|████▋     | 56/120 [12:36<14:24,  0.07it/s, v_num=6, train_loss_step=0.626, val_loss=0.856, val_mean_auc=0.687, val_mean_ap=0.374, val_accuracy=0.656, val_f1=0.461, train_loss_epoch=0.862]
Epoch 10:  47%|████▋     | 56/120 [12:37<14:25,  0.07it/s, v_num=6, train_loss_step=0.601, val_loss=0.856, val_mean_auc=0.687, val_mean_ap=0.374, val_accuracy=0.656, val_f1=0.461, train_loss_epoch=0.862]
Epoch 10:  48%|████▊     | 57/120 [12:37<13:56,  0.08it/s, v_num=6, train_loss_step=0.601, val_loss=0.856, val_mean_auc=0.687, val_mean_ap=0.374, val_accuracy=0.656, val_f1=0.461, train_loss_epoch=0.862]
Epoch 10:  48%|████▊     | 57/120 [12:37<13:57,  0.08it/s, v_num=6, train_loss_step=1.010, val_loss=0.856, val_mean_auc=0.687, val_mean_ap=0.374, val_accuracy=0.656, val_f1=0.461, train_loss_epoch=0.862]
Epoch 10:  48%|████▊     | 58/120 [13:05<13:59,  0.07it/s, v_num=6, train_loss_step=1.010, val_loss=0.856, val_mean_auc=0.687, val_mean_ap=0.374, val_accuracy=0.656, val_f1=0.461, train_loss_epoch=0.862]
Epoch 10:  48%|████▊     | 58/120 [13:06<14:00,  0.07it/s, v_num=6, train_loss_step=0.471, val_loss=0.856, val_mean_auc=0.687, val_mean_ap=0.374, val_accuracy=0.656, val_f1=0.461, train_loss_epoch=0.862]
Epoch 10:  49%|████▉     | 59/120 [13:06<13:32,  0.08it/s, v_num=6, train_loss_step=0.471, val_loss=0.856, val_mean_auc=0.687, val_mean_ap=0.374, val_accuracy=0.656, val_f1=0.461, train_loss_epoch=0.862]
Epoch 10:  49%|████▉     | 59/120 [13:06<13:33,  0.08it/s, v_num=6, train_loss_step=0.867, val_loss=0.856, val_mean_auc=0.687, val_mean_ap=0.374, val_accuracy=0.656, val_f1=0.461, train_loss_epoch=0.862]
Epoch 10:  50%|█████     | 60/120 [13:31<13:31,  0.07it/s, v_num=6, train_loss_step=0.867, val_loss=0.856, val_mean_auc=0.687, val_mean_ap=0.374, val_accuracy=0.656, val_f1=0.461, train_loss_epoch=0.862]
Epoch 10:  50%|█████     | 60/120 [13:31<13:31,  0.07it/s, v_num=6, train_loss_step=0.697, val_loss=0.856, val_mean_auc=0.687, val_mean_ap=0.374, val_accuracy=0.656, val_f1=0.461, train_loss_epoch=0.862]
Epoch 10:  51%|█████     | 61/120 [13:32<13:05,  0.08it/s, v_num=6, train_loss_step=0.697, val_loss=0.856, val_mean_auc=0.687, val_mean_ap=0.374, val_accuracy=0.656, val_f1=0.461, train_loss_epoch=0.862]
Epoch 10:  51%|█████     | 61/120 [13:32<13:05,  0.08it/s, v_num=6, train_loss_step=1.030, val_loss=0.856, val_mean_auc=0.687, val_mean_ap=0.374, val_accuracy=0.656, val_f1=0.461, train_loss_epoch=0.862]
Epoch 10:  52%|█████▏    | 62/120 [13:57<13:03,  0.07it/s, v_num=6, train_loss_step=1.030, val_loss=0.856, val_mean_auc=0.687, val_mean_ap=0.374, val_accuracy=0.656, val_f1=0.461, train_loss_epoch=0.862]
Epoch 10:  52%|█████▏    | 62/120 [13:57<13:03,  0.07it/s, v_num=6, train_loss_step=0.755, val_loss=0.856, val_mean_auc=0.687, val_mean_ap=0.374, val_accuracy=0.656, val_f1=0.461, train_loss_epoch=0.862]
Epoch 10:  52%|█████▎    | 63/120 [13:57<12:37,  0.08it/s, v_num=6, train_loss_step=0.755, val_loss=0.856, val_mean_auc=0.687, val_mean_ap=0.374, val_accuracy=0.656, val_f1=0.461, train_loss_epoch=0.862]
Epoch 10:  52%|█████▎    | 63/120 [13:58<12:38,  0.08it/s, v_num=6, train_loss_step=0.909, val_loss=0.856, val_mean_auc=0.687, val_mean_ap=0.374, val_accuracy=0.656, val_f1=0.461, train_loss_epoch=0.862]
Epoch 10:  53%|█████▎    | 64/120 [14:25<12:37,  0.07it/s, v_num=6, train_loss_step=0.909, val_loss=0.856, val_mean_auc=0.687, val_mean_ap=0.374, val_accuracy=0.656, val_f1=0.461, train_loss_epoch=0.862]
Epoch 10:  53%|█████▎    | 64/120 [14:26<12:37,  0.07it/s, v_num=6, train_loss_step=0.725, val_loss=0.856, val_mean_auc=0.687, val_mean_ap=0.374, val_accuracy=0.656, val_f1=0.461, train_loss_epoch=0.862]
Epoch 10:  54%|█████▍    | 65/120 [14:26<12:12,  0.08it/s, v_num=6, train_loss_step=0.725, val_loss=0.856, val_mean_auc=0.687, val_mean_ap=0.374, val_accuracy=0.656, val_f1=0.461, train_loss_epoch=0.862]
Epoch 10:  54%|█████▍    | 65/120 [14:26<12:13,  0.07it/s, v_num=6, train_loss_step=0.806, val_loss=0.856, val_mean_auc=0.687, val_mean_ap=0.374, val_accuracy=0.656, val_f1=0.461, train_loss_epoch=0.862]
Epoch 10:  55%|█████▌    | 66/120 [14:51<12:09,  0.07it/s, v_num=6, train_loss_step=0.806, val_loss=0.856, val_mean_auc=0.687, val_mean_ap=0.374, val_accuracy=0.656, val_f1=0.461, train_loss_epoch=0.862]
Epoch 10:  55%|█████▌    | 66/120 [14:52<12:10,  0.07it/s, v_num=6, train_loss_step=0.633, val_loss=0.856, val_mean_auc=0.687, val_mean_ap=0.374, val_accuracy=0.656, val_f1=0.461, train_loss_epoch=0.862]
Epoch 10:  56%|█████▌    | 67/120 [14:52<11:45,  0.08it/s, v_num=6, train_loss_step=0.633, val_loss=0.856, val_mean_auc=0.687, val_mean_ap=0.374, val_accuracy=0.656, val_f1=0.461, train_loss_epoch=0.862]
Epoch 10:  56%|█████▌    | 67/120 [14:52<11:46,  0.08it/s, v_num=6, train_loss_step=0.960, val_loss=0.856, val_mean_auc=0.687, val_mean_ap=0.374, val_accuracy=0.656, val_f1=0.461, train_loss_epoch=0.862]
Epoch 10:  57%|█████▋    | 68/120 [15:14<11:39,  0.07it/s, v_num=6, train_loss_step=0.960, val_loss=0.856, val_mean_auc=0.687, val_mean_ap=0.374, val_accuracy=0.656, val_f1=0.461, train_loss_epoch=0.862]
Epoch 10:  57%|█████▋    | 68/120 [15:15<11:39,  0.07it/s, v_num=6, train_loss_step=0.859, val_loss=0.856, val_mean_auc=0.687, val_mean_ap=0.374, val_accuracy=0.656, val_f1=0.461, train_loss_epoch=0.862]
Epoch 10:  57%|█████▊    | 69/120 [15:15<11:16,  0.08it/s, v_num=6, train_loss_step=0.859, val_loss=0.856, val_mean_auc=0.687, val_mean_ap=0.374, val_accuracy=0.656, val_f1=0.461, train_loss_epoch=0.862]
Epoch 10:  57%|█████▊    | 69/120 [15:15<11:16,  0.08it/s, v_num=6, train_loss_step=0.731, val_loss=0.856, val_mean_auc=0.687, val_mean_ap=0.374, val_accuracy=0.656, val_f1=0.461, train_loss_epoch=0.862]
Epoch 10:  58%|█████▊    | 70/120 [15:43<11:13,  0.07it/s, v_num=6, train_loss_step=0.731, val_loss=0.856, val_mean_auc=0.687, val_mean_ap=0.374, val_accuracy=0.656, val_f1=0.461, train_loss_epoch=0.862]
Epoch 10:  58%|█████▊    | 70/120 [15:43<11:14,  0.07it/s, v_num=6, train_loss_step=0.906, val_loss=0.856, val_mean_auc=0.687, val_mean_ap=0.374, val_accuracy=0.656, val_f1=0.461, train_loss_epoch=0.862]
Epoch 10:  59%|█████▉    | 71/120 [15:43<10:51,  0.08it/s, v_num=6, train_loss_step=0.906, val_loss=0.856, val_mean_auc=0.687, val_mean_ap=0.374, val_accuracy=0.656, val_f1=0.461, train_loss_epoch=0.862]
Epoch 10:  59%|█████▉    | 71/120 [15:44<10:51,  0.08it/s, v_num=6, train_loss_step=0.621, val_loss=0.856, val_mean_auc=0.687, val_mean_ap=0.374, val_accuracy=0.656, val_f1=0.461, train_loss_epoch=0.862]
Epoch 10:  60%|██████    | 72/120 [16:04<10:43,  0.07it/s, v_num=6, train_loss_step=0.621, val_loss=0.856, val_mean_auc=0.687, val_mean_ap=0.374, val_accuracy=0.656, val_f1=0.461, train_loss_epoch=0.862]
Epoch 10:  60%|██████    | 72/120 [16:05<10:43,  0.07it/s, v_num=6, train_loss_step=0.705, val_loss=0.856, val_mean_auc=0.687, val_mean_ap=0.374, val_accuracy=0.656, val_f1=0.461, train_loss_epoch=0.862]
Epoch 10:  61%|██████    | 73/120 [16:05<10:21,  0.08it/s, v_num=6, train_loss_step=0.705, val_loss=0.856, val_mean_auc=0.687, val_mean_ap=0.374, val_accuracy=0.656, val_f1=0.461, train_loss_epoch=0.862]
Epoch 10:  61%|██████    | 73/120 [16:05<10:21,  0.08it/s, v_num=6, train_loss_step=0.710, val_loss=0.856, val_mean_auc=0.687, val_mean_ap=0.374, val_accuracy=0.656, val_f1=0.461, train_loss_epoch=0.862]
Epoch 10:  62%|██████▏   | 74/120 [16:31<10:16,  0.07it/s, v_num=6, train_loss_step=0.710, val_loss=0.856, val_mean_auc=0.687, val_mean_ap=0.374, val_accuracy=0.656, val_f1=0.461, train_loss_epoch=0.862]
Epoch 10:  62%|██████▏   | 74/120 [16:31<10:16,  0.07it/s, v_num=6, train_loss_step=0.572, val_loss=0.856, val_mean_auc=0.687, val_mean_ap=0.374, val_accuracy=0.656, val_f1=0.461, train_loss_epoch=0.862]
Epoch 10:  62%|██████▎   | 75/120 [16:31<09:54,  0.08it/s, v_num=6, train_loss_step=0.572, val_loss=0.856, val_mean_auc=0.687, val_mean_ap=0.374, val_accuracy=0.656, val_f1=0.461, train_loss_epoch=0.862]
Epoch 10:  62%|██████▎   | 75/120 [16:32<09:55,  0.08it/s, v_num=6, train_loss_step=1.160, val_loss=0.856, val_mean_auc=0.687, val_mean_ap=0.374, val_accuracy=0.656, val_f1=0.461, train_loss_epoch=0.862]
Epoch 10:  63%|██████▎   | 76/120 [17:04<09:53,  0.07it/s, v_num=6, train_loss_step=1.160, val_loss=0.856, val_mean_auc=0.687, val_mean_ap=0.374, val_accuracy=0.656, val_f1=0.461, train_loss_epoch=0.862]
Epoch 10:  63%|██████▎   | 76/120 [17:04<09:53,  0.07it/s, v_num=6, train_loss_step=0.853, val_loss=0.856, val_mean_auc=0.687, val_mean_ap=0.374, val_accuracy=0.656, val_f1=0.461, train_loss_epoch=0.862]
Epoch 10:  64%|██████▍   | 77/120 [17:04<09:32,  0.08it/s, v_num=6, train_loss_step=0.853, val_loss=0.856, val_mean_auc=0.687, val_mean_ap=0.374, val_accuracy=0.656, val_f1=0.461, train_loss_epoch=0.862]
Epoch 10:  64%|██████▍   | 77/120 [17:05<09:32,  0.08it/s, v_num=6, train_loss_step=1.130, val_loss=0.856, val_mean_auc=0.687, val_mean_ap=0.374, val_accuracy=0.656, val_f1=0.461, train_loss_epoch=0.862]
Epoch 10:  65%|██████▌   | 78/120 [17:30<09:25,  0.07it/s, v_num=6, train_loss_step=1.130, val_loss=0.856, val_mean_auc=0.687, val_mean_ap=0.374, val_accuracy=0.656, val_f1=0.461, train_loss_epoch=0.862]
Epoch 10:  65%|██████▌   | 78/120 [17:30<09:25,  0.07it/s, v_num=6, train_loss_step=0.678, val_loss=0.856, val_mean_auc=0.687, val_mean_ap=0.374, val_accuracy=0.656, val_f1=0.461, train_loss_epoch=0.862]
Epoch 10:  66%|██████▌   | 79/120 [17:30<09:05,  0.08it/s, v_num=6, train_loss_step=0.678, val_loss=0.856, val_mean_auc=0.687, val_mean_ap=0.374, val_accuracy=0.656, val_f1=0.461, train_loss_epoch=0.862]
Epoch 10:  66%|██████▌   | 79/120 [17:30<09:05,  0.08it/s, v_num=6, train_loss_step=0.994, val_loss=0.856, val_mean_auc=0.687, val_mean_ap=0.374, val_accuracy=0.656, val_f1=0.461, train_loss_epoch=0.862]
Epoch 10:  67%|██████▋   | 80/120 [17:54<08:57,  0.07it/s, v_num=6, train_loss_step=0.994, val_loss=0.856, val_mean_auc=0.687, val_mean_ap=0.374, val_accuracy=0.656, val_f1=0.461, train_loss_epoch=0.862]
Epoch 10:  67%|██████▋   | 80/120 [17:55<08:57,  0.07it/s, v_num=6, train_loss_step=0.758, val_loss=0.856, val_mean_auc=0.687, val_mean_ap=0.374, val_accuracy=0.656, val_f1=0.461, train_loss_epoch=0.862]
Epoch 10:  68%|██████▊   | 81/120 [17:55<08:37,  0.08it/s, v_num=6, train_loss_step=0.758, val_loss=0.856, val_mean_auc=0.687, val_mean_ap=0.374, val_accuracy=0.656, val_f1=0.461, train_loss_epoch=0.862]
Epoch 10:  68%|██████▊   | 81/120 [17:55<08:37,  0.08it/s, v_num=6, train_loss_step=1.030, val_loss=0.856, val_mean_auc=0.687, val_mean_ap=0.374, val_accuracy=0.656, val_f1=0.461, train_loss_epoch=0.862]
Epoch 10:  68%|██████▊   | 82/120 [18:25<08:32,  0.07it/s, v_num=6, train_loss_step=1.030, val_loss=0.856, val_mean_auc=0.687, val_mean_ap=0.374, val_accuracy=0.656, val_f1=0.461, train_loss_epoch=0.862]
Epoch 10:  68%|██████▊   | 82/120 [18:26<08:32,  0.07it/s, v_num=6, train_loss_step=0.960, val_loss=0.856, val_mean_auc=0.687, val_mean_ap=0.374, val_accuracy=0.656, val_f1=0.461, train_loss_epoch=0.862]
Epoch 10:  69%|██████▉   | 83/120 [18:26<08:13,  0.08it/s, v_num=6, train_loss_step=0.960, val_loss=0.856, val_mean_auc=0.687, val_mean_ap=0.374, val_accuracy=0.656, val_f1=0.461, train_loss_epoch=0.862]
Epoch 10:  69%|██████▉   | 83/120 [18:26<08:13,  0.07it/s, v_num=6, train_loss_step=0.492, val_loss=0.856, val_mean_auc=0.687, val_mean_ap=0.374, val_accuracy=0.656, val_f1=0.461, train_loss_epoch=0.862]
Epoch 10:  70%|███████   | 84/120 [18:54<08:06,  0.07it/s, v_num=6, train_loss_step=0.492, val_loss=0.856, val_mean_auc=0.687, val_mean_ap=0.374, val_accuracy=0.656, val_f1=0.461, train_loss_epoch=0.862]
Epoch 10:  70%|███████   | 84/120 [18:55<08:06,  0.07it/s, v_num=6, train_loss_step=0.615, val_loss=0.856, val_mean_auc=0.687, val_mean_ap=0.374, val_accuracy=0.656, val_f1=0.461, train_loss_epoch=0.862]
Epoch 10:  71%|███████   | 85/120 [18:55<07:47,  0.07it/s, v_num=6, train_loss_step=0.615, val_loss=0.856, val_mean_auc=0.687, val_mean_ap=0.374, val_accuracy=0.656, val_f1=0.461, train_loss_epoch=0.862]
Epoch 10:  71%|███████   | 85/120 [18:55<07:47,  0.07it/s, v_num=6, train_loss_step=0.826, val_loss=0.856, val_mean_auc=0.687, val_mean_ap=0.374, val_accuracy=0.656, val_f1=0.461, train_loss_epoch=0.862]
Epoch 10:  72%|███████▏  | 86/120 [19:25<07:40,  0.07it/s, v_num=6, train_loss_step=0.826, val_loss=0.856, val_mean_auc=0.687, val_mean_ap=0.374, val_accuracy=0.656, val_f1=0.461, train_loss_epoch=0.862]
Epoch 10:  72%|███████▏  | 86/120 [19:25<07:40,  0.07it/s, v_num=6, train_loss_step=0.528, val_loss=0.856, val_mean_auc=0.687, val_mean_ap=0.374, val_accuracy=0.656, val_f1=0.461, train_loss_epoch=0.862]
Epoch 10:  72%|███████▎  | 87/120 [19:25<07:22,  0.07it/s, v_num=6, train_loss_step=0.528, val_loss=0.856, val_mean_auc=0.687, val_mean_ap=0.374, val_accuracy=0.656, val_f1=0.461, train_loss_epoch=0.862]
Epoch 10:  72%|███████▎  | 87/120 [19:26<07:22,  0.07it/s, v_num=6, train_loss_step=1.260, val_loss=0.856, val_mean_auc=0.687, val_mean_ap=0.374, val_accuracy=0.656, val_f1=0.461, train_loss_epoch=0.862]
Epoch 10:  73%|███████▎  | 88/120 [19:50<07:13,  0.07it/s, v_num=6, train_loss_step=1.260, val_loss=0.856, val_mean_auc=0.687, val_mean_ap=0.374, val_accuracy=0.656, val_f1=0.461, train_loss_epoch=0.862]
Epoch 10:  73%|███████▎  | 88/120 [19:51<07:13,  0.07it/s, v_num=6, train_loss_step=0.614, val_loss=0.856, val_mean_auc=0.687, val_mean_ap=0.374, val_accuracy=0.656, val_f1=0.461, train_loss_epoch=0.862]
Epoch 10:  74%|███████▍  | 89/120 [19:51<06:54,  0.07it/s, v_num=6, train_loss_step=0.614, val_loss=0.856, val_mean_auc=0.687, val_mean_ap=0.374, val_accuracy=0.656, val_f1=0.461, train_loss_epoch=0.862]
Epoch 10:  74%|███████▍  | 89/120 [19:51<06:55,  0.07it/s, v_num=6, train_loss_step=1.110, val_loss=0.856, val_mean_auc=0.687, val_mean_ap=0.374, val_accuracy=0.656, val_f1=0.461, train_loss_epoch=0.862]
Epoch 10:  75%|███████▌  | 90/120 [20:18<06:46,  0.07it/s, v_num=6, train_loss_step=1.110, val_loss=0.856, val_mean_auc=0.687, val_mean_ap=0.374, val_accuracy=0.656, val_f1=0.461, train_loss_epoch=0.862]
Epoch 10:  75%|███████▌  | 90/120 [20:18<06:46,  0.07it/s, v_num=6, train_loss_step=0.670, val_loss=0.856, val_mean_auc=0.687, val_mean_ap=0.374, val_accuracy=0.656, val_f1=0.461, train_loss_epoch=0.862]
Epoch 10:  76%|███████▌  | 91/120 [20:19<06:28,  0.07it/s, v_num=6, train_loss_step=0.670, val_loss=0.856, val_mean_auc=0.687, val_mean_ap=0.374, val_accuracy=0.656, val_f1=0.461, train_loss_epoch=0.862]
Epoch 10:  76%|███████▌  | 91/120 [20:19<06:28,  0.07it/s, v_num=6, train_loss_step=1.220, val_loss=0.856, val_mean_auc=0.687, val_mean_ap=0.374, val_accuracy=0.656, val_f1=0.461, train_loss_epoch=0.862]
Epoch 10:  77%|███████▋  | 92/120 [20:45<06:18,  0.07it/s, v_num=6, train_loss_step=1.220, val_loss=0.856, val_mean_auc=0.687, val_mean_ap=0.374, val_accuracy=0.656, val_f1=0.461, train_loss_epoch=0.862]
Epoch 10:  77%|███████▋  | 92/120 [20:45<06:19,  0.07it/s, v_num=6, train_loss_step=0.660, val_loss=0.856, val_mean_auc=0.687, val_mean_ap=0.374, val_accuracy=0.656, val_f1=0.461, train_loss_epoch=0.862]
Epoch 10:  78%|███████▊  | 93/120 [20:45<06:01,  0.07it/s, v_num=6, train_loss_step=0.660, val_loss=0.856, val_mean_auc=0.687, val_mean_ap=0.374, val_accuracy=0.656, val_f1=0.461, train_loss_epoch=0.862]
Epoch 10:  78%|███████▊  | 93/120 [20:45<06:01,  0.07it/s, v_num=6, train_loss_step=0.523, val_loss=0.856, val_mean_auc=0.687, val_mean_ap=0.374, val_accuracy=0.656, val_f1=0.461, train_loss_epoch=0.862]
Epoch 10:  78%|███████▊  | 94/120 [21:14<05:52,  0.07it/s, v_num=6, train_loss_step=0.523, val_loss=0.856, val_mean_auc=0.687, val_mean_ap=0.374, val_accuracy=0.656, val_f1=0.461, train_loss_epoch=0.862]
Epoch 10:  78%|███████▊  | 94/120 [21:15<05:52,  0.07it/s, v_num=6, train_loss_step=0.983, val_loss=0.856, val_mean_auc=0.687, val_mean_ap=0.374, val_accuracy=0.656, val_f1=0.461, train_loss_epoch=0.862]
Epoch 10:  79%|███████▉  | 95/120 [21:15<05:35,  0.07it/s, v_num=6, train_loss_step=0.983, val_loss=0.856, val_mean_auc=0.687, val_mean_ap=0.374, val_accuracy=0.656, val_f1=0.461, train_loss_epoch=0.862]
Epoch 10:  79%|███████▉  | 95/120 [21:15<05:35,  0.07it/s, v_num=6, train_loss_step=0.708, val_loss=0.856, val_mean_auc=0.687, val_mean_ap=0.374, val_accuracy=0.656, val_f1=0.461, train_loss_epoch=0.862]
Epoch 10:  80%|████████  | 96/120 [21:40<05:25,  0.07it/s, v_num=6, train_loss_step=0.708, val_loss=0.856, val_mean_auc=0.687, val_mean_ap=0.374, val_accuracy=0.656, val_f1=0.461, train_loss_epoch=0.862]
Epoch 10:  80%|████████  | 96/120 [21:41<05:25,  0.07it/s, v_num=6, train_loss_step=1.140, val_loss=0.856, val_mean_auc=0.687, val_mean_ap=0.374, val_accuracy=0.656, val_f1=0.461, train_loss_epoch=0.862]
Epoch 10:  81%|████████  | 97/120 [21:41<05:08,  0.07it/s, v_num=6, train_loss_step=1.140, val_loss=0.856, val_mean_auc=0.687, val_mean_ap=0.374, val_accuracy=0.656, val_f1=0.461, train_loss_epoch=0.862]
Epoch 10:  81%|████████  | 97/120 [21:41<05:08,  0.07it/s, v_num=6, train_loss_step=0.533, val_loss=0.856, val_mean_auc=0.687, val_mean_ap=0.374, val_accuracy=0.656, val_f1=0.461, train_loss_epoch=0.862]
Epoch 10:  82%|████████▏ | 98/120 [22:11<04:58,  0.07it/s, v_num=6, train_loss_step=0.533, val_loss=0.856, val_mean_auc=0.687, val_mean_ap=0.374, val_accuracy=0.656, val_f1=0.461, train_loss_epoch=0.862]
Epoch 10:  82%|████████▏ | 98/120 [22:11<04:58,  0.07it/s, v_num=6, train_loss_step=0.891, val_loss=0.856, val_mean_auc=0.687, val_mean_ap=0.374, val_accuracy=0.656, val_f1=0.461, train_loss_epoch=0.862]
Epoch 10:  82%|████████▎ | 99/120 [22:11<04:42,  0.07it/s, v_num=6, train_loss_step=0.891, val_loss=0.856, val_mean_auc=0.687, val_mean_ap=0.374, val_accuracy=0.656, val_f1=0.461, train_loss_epoch=0.862]
Epoch 10:  82%|████████▎ | 99/120 [22:12<04:42,  0.07it/s, v_num=6, train_loss_step=0.801, val_loss=0.856, val_mean_auc=0.687, val_mean_ap=0.374, val_accuracy=0.656, val_f1=0.461, train_loss_epoch=0.862]
Epoch 10:  83%|████████▎ | 100/120 [22:41<04:32,  0.07it/s, v_num=6, train_loss_step=0.801, val_loss=0.856, val_mean_auc=0.687, val_mean_ap=0.374, val_accuracy=0.656, val_f1=0.461, train_loss_epoch=0.862]
Epoch 10:  83%|████████▎ | 100/120 [22:42<04:32,  0.07it/s, v_num=6, train_loss_step=0.811, val_loss=0.856, val_mean_auc=0.687, val_mean_ap=0.374, val_accuracy=0.656, val_f1=0.461, train_loss_epoch=0.862]
Epoch 10:  84%|████████▍ | 101/120 [22:42<04:16,  0.07it/s, v_num=6, train_loss_step=0.811, val_loss=0.856, val_mean_auc=0.687, val_mean_ap=0.374, val_accuracy=0.656, val_f1=0.461, train_loss_epoch=0.862]
Epoch 10:  84%|████████▍ | 101/120 [22:42<04:16,  0.07it/s, v_num=6, train_loss_step=0.940, val_loss=0.856, val_mean_auc=0.687, val_mean_ap=0.374, val_accuracy=0.656, val_f1=0.461, train_loss_epoch=0.862]
Epoch 10:  85%|████████▌ | 102/120 [23:05<04:04,  0.07it/s, v_num=6, train_loss_step=0.940, val_loss=0.856, val_mean_auc=0.687, val_mean_ap=0.374, val_accuracy=0.656, val_f1=0.461, train_loss_epoch=0.862]
Epoch 10:  85%|████████▌ | 102/120 [23:05<04:04,  0.07it/s, v_num=6, train_loss_step=0.532, val_loss=0.856, val_mean_auc=0.687, val_mean_ap=0.374, val_accuracy=0.656, val_f1=0.461, train_loss_epoch=0.862]
Epoch 10:  86%|████████▌ | 103/120 [23:05<03:48,  0.07it/s, v_num=6, train_loss_step=0.532, val_loss=0.856, val_mean_auc=0.687, val_mean_ap=0.374, val_accuracy=0.656, val_f1=0.461, train_loss_epoch=0.862]
Epoch 10:  86%|████████▌ | 103/120 [23:06<03:48,  0.07it/s, v_num=6, train_loss_step=0.749, val_loss=0.856, val_mean_auc=0.687, val_mean_ap=0.374, val_accuracy=0.656, val_f1=0.461, train_loss_epoch=0.862]
Epoch 10:  87%|████████▋ | 104/120 [23:32<03:37,  0.07it/s, v_num=6, train_loss_step=0.749, val_loss=0.856, val_mean_auc=0.687, val_mean_ap=0.374, val_accuracy=0.656, val_f1=0.461, train_loss_epoch=0.862]
Epoch 10:  87%|████████▋ | 104/120 [23:32<03:37,  0.07it/s, v_num=6, train_loss_step=0.992, val_loss=0.856, val_mean_auc=0.687, val_mean_ap=0.374, val_accuracy=0.656, val_f1=0.461, train_loss_epoch=0.862]
Epoch 10:  88%|████████▊ | 105/120 [23:32<03:21,  0.07it/s, v_num=6, train_loss_step=0.992, val_loss=0.856, val_mean_auc=0.687, val_mean_ap=0.374, val_accuracy=0.656, val_f1=0.461, train_loss_epoch=0.862]
Epoch 10:  88%|████████▊ | 105/120 [23:33<03:21,  0.07it/s, v_num=6, train_loss_step=0.787, val_loss=0.856, val_mean_auc=0.687, val_mean_ap=0.374, val_accuracy=0.656, val_f1=0.461, train_loss_epoch=0.862]
Epoch 10:  88%|████████▊ | 106/120 [23:55<03:09,  0.07it/s, v_num=6, train_loss_step=0.787, val_loss=0.856, val_mean_auc=0.687, val_mean_ap=0.374, val_accuracy=0.656, val_f1=0.461, train_loss_epoch=0.862]
Epoch 10:  88%|████████▊ | 106/120 [23:55<03:09,  0.07it/s, v_num=6, train_loss_step=0.868, val_loss=0.856, val_mean_auc=0.687, val_mean_ap=0.374, val_accuracy=0.656, val_f1=0.461, train_loss_epoch=0.862]
Epoch 10:  89%|████████▉ | 107/120 [23:55<02:54,  0.07it/s, v_num=6, train_loss_step=0.868, val_loss=0.856, val_mean_auc=0.687, val_mean_ap=0.374, val_accuracy=0.656, val_f1=0.461, train_loss_epoch=0.862]
Epoch 10:  89%|████████▉ | 107/120 [23:55<02:54,  0.07it/s, v_num=6, train_loss_step=1.180, val_loss=0.856, val_mean_auc=0.687, val_mean_ap=0.374, val_accuracy=0.656, val_f1=0.461, train_loss_epoch=0.862]
Epoch 10:  90%|█████████ | 108/120 [24:20<02:42,  0.07it/s, v_num=6, train_loss_step=1.180, val_loss=0.856, val_mean_auc=0.687, val_mean_ap=0.374, val_accuracy=0.656, val_f1=0.461, train_loss_epoch=0.862]
Epoch 10:  90%|█████████ | 108/120 [24:21<02:42,  0.07it/s, v_num=6, train_loss_step=0.556, val_loss=0.856, val_mean_auc=0.687, val_mean_ap=0.374, val_accuracy=0.656, val_f1=0.461, train_loss_epoch=0.862]
Epoch 10:  91%|█████████ | 109/120 [24:21<02:27,  0.07it/s, v_num=6, train_loss_step=0.556, val_loss=0.856, val_mean_auc=0.687, val_mean_ap=0.374, val_accuracy=0.656, val_f1=0.461, train_loss_epoch=0.862]
Epoch 10:  91%|█████████ | 109/120 [24:21<02:27,  0.07it/s, v_num=6, train_loss_step=1.190, val_loss=0.856, val_mean_auc=0.687, val_mean_ap=0.374, val_accuracy=0.656, val_f1=0.461, train_loss_epoch=0.862]
Epoch 10:  92%|█████████▏| 110/120 [24:45<02:15,  0.07it/s, v_num=6, train_loss_step=1.190, val_loss=0.856, val_mean_auc=0.687, val_mean_ap=0.374, val_accuracy=0.656, val_f1=0.461, train_loss_epoch=0.862]
Epoch 10:  92%|█████████▏| 110/120 [24:46<02:15,  0.07it/s, v_num=6, train_loss_step=0.821, val_loss=0.856, val_mean_auc=0.687, val_mean_ap=0.374, val_accuracy=0.656, val_f1=0.461, train_loss_epoch=0.862]
Epoch 10:  92%|█████████▎| 111/120 [24:46<02:00,  0.07it/s, v_num=6, train_loss_step=0.821, val_loss=0.856, val_mean_auc=0.687, val_mean_ap=0.374, val_accuracy=0.656, val_f1=0.461, train_loss_epoch=0.862]
Epoch 10:  92%|█████████▎| 111/120 [24:46<02:00,  0.07it/s, v_num=6, train_loss_step=1.030, val_loss=0.856, val_mean_auc=0.687, val_mean_ap=0.374, val_accuracy=0.656, val_f1=0.461, train_loss_epoch=0.862]
Epoch 10:  93%|█████████▎| 112/120 [25:07<01:47,  0.07it/s, v_num=6, train_loss_step=1.030, val_loss=0.856, val_mean_auc=0.687, val_mean_ap=0.374, val_accuracy=0.656, val_f1=0.461, train_loss_epoch=0.862]
Epoch 10:  93%|█████████▎| 112/120 [25:07<01:47,  0.07it/s, v_num=6, train_loss_step=0.906, val_loss=0.856, val_mean_auc=0.687, val_mean_ap=0.374, val_accuracy=0.656, val_f1=0.461, train_loss_epoch=0.862]
Epoch 10:  94%|█████████▍| 113/120 [25:07<01:33,  0.07it/s, v_num=6, train_loss_step=0.906, val_loss=0.856, val_mean_auc=0.687, val_mean_ap=0.374, val_accuracy=0.656, val_f1=0.461, train_loss_epoch=0.862]
Epoch 10:  94%|█████████▍| 113/120 [25:08<01:33,  0.07it/s, v_num=6, train_loss_step=0.859, val_loss=0.856, val_mean_auc=0.687, val_mean_ap=0.374, val_accuracy=0.656, val_f1=0.461, train_loss_epoch=0.862]
Epoch 10:  95%|█████████▌| 114/120 [25:34<01:20,  0.07it/s, v_num=6, train_loss_step=0.859, val_loss=0.856, val_mean_auc=0.687, val_mean_ap=0.374, val_accuracy=0.656, val_f1=0.461, train_loss_epoch=0.862]
Epoch 10:  95%|█████████▌| 114/120 [25:35<01:20,  0.07it/s, v_num=6, train_loss_step=0.763, val_loss=0.856, val_mean_auc=0.687, val_mean_ap=0.374, val_accuracy=0.656, val_f1=0.461, train_loss_epoch=0.862]
Epoch 10:  96%|█████████▌| 115/120 [25:35<01:06,  0.07it/s, v_num=6, train_loss_step=0.763, val_loss=0.856, val_mean_auc=0.687, val_mean_ap=0.374, val_accuracy=0.656, val_f1=0.461, train_loss_epoch=0.862]
Epoch 10:  96%|█████████▌| 115/120 [25:35<01:06,  0.07it/s, v_num=6, train_loss_step=0.820, val_loss=0.856, val_mean_auc=0.687, val_mean_ap=0.374, val_accuracy=0.656, val_f1=0.461, train_loss_epoch=0.862]
Epoch 10:  97%|█████████▋| 116/120 [26:07<00:54,  0.07it/s, v_num=6, train_loss_step=0.820, val_loss=0.856, val_mean_auc=0.687, val_mean_ap=0.374, val_accuracy=0.656, val_f1=0.461, train_loss_epoch=0.862]
Epoch 10:  97%|█████████▋| 116/120 [26:08<00:54,  0.07it/s, v_num=6, train_loss_step=0.614, val_loss=0.856, val_mean_auc=0.687, val_mean_ap=0.374, val_accuracy=0.656, val_f1=0.461, train_loss_epoch=0.862]
Epoch 10:  98%|█████████▊| 117/120 [26:08<00:40,  0.07it/s, v_num=6, train_loss_step=0.614, val_loss=0.856, val_mean_auc=0.687, val_mean_ap=0.374, val_accuracy=0.656, val_f1=0.461, train_loss_epoch=0.862]
Epoch 10:  98%|█████████▊| 117/120 [26:08<00:40,  0.07it/s, v_num=6, train_loss_step=0.663, val_loss=0.856, val_mean_auc=0.687, val_mean_ap=0.374, val_accuracy=0.656, val_f1=0.461, train_loss_epoch=0.862]
Epoch 10:  98%|█████████▊| 118/120 [26:30<00:26,  0.07it/s, v_num=6, train_loss_step=0.663, val_loss=0.856, val_mean_auc=0.687, val_mean_ap=0.374, val_accuracy=0.656, val_f1=0.461, train_loss_epoch=0.862]
Epoch 10:  98%|█████████▊| 118/120 [26:30<00:26,  0.07it/s, v_num=6, train_loss_step=1.080, val_loss=0.856, val_mean_auc=0.687, val_mean_ap=0.374, val_accuracy=0.656, val_f1=0.461, train_loss_epoch=0.862]
Epoch 10:  99%|█████████▉| 119/120 [26:30<00:13,  0.07it/s, v_num=6, train_loss_step=1.080, val_loss=0.856, val_mean_auc=0.687, val_mean_ap=0.374, val_accuracy=0.656, val_f1=0.461, train_loss_epoch=0.862]
Epoch 10:  99%|█████████▉| 119/120 [26:31<00:13,  0.07it/s, v_num=6, train_loss_step=1.410, val_loss=0.856, val_mean_auc=0.687, val_mean_ap=0.374, val_accuracy=0.656, val_f1=0.461, train_loss_epoch=0.862]
Epoch 10: 100%|██████████| 120/120 [27:02<00:00,  0.07it/s, v_num=6, train_loss_step=1.410, val_loss=0.856, val_mean_auc=0.687, val_mean_ap=0.374, val_accuracy=0.656, val_f1=0.461, train_loss_epoch=0.862]
Epoch 10: 100%|██████████| 120/120 [27:02<00:00,  0.07it/s, v_num=6, train_loss_step=0.657, val_loss=0.856, val_mean_auc=0.687, val_mean_ap=0.374, val_accuracy=0.656, val_f1=0.461, train_loss_epoch=0.862]

Validation: |          | 0/? [00:00<?, ?it/s][A

Validation: |          | 0/? [00:00<?, ?it/s][A

Validation DataLoader 0:   0%|          | 0/15 [00:00<?, ?it/s][A

Validation DataLoader 0:   7%|▋         | 1/15 [00:00<00:06,  2.12it/s][A

Validation DataLoader 0:  13%|█▎        | 2/15 [00:00<00:06,  2.11it/s][A

Validation DataLoader 0:  20%|██        | 3/15 [00:22<01:28,  0.14it/s][A

Validation DataLoader 0:  27%|██▋       | 4/15 [00:22<01:01,  0.18it/s][A

Validation DataLoader 0:  33%|███▎      | 5/15 [00:45<01:31,  0.11it/s][A

Validation DataLoader 0:  40%|████      | 6/15 [00:46<01:09,  0.13it/s][A

Validation DataLoader 0:  47%|████▋     | 7/15 [01:07<01:16,  0.10it/s][A

Validation DataLoader 0:  53%|█████▎    | 8/15 [01:08<00:59,  0.12it/s][A

Validation DataLoader 0:  60%|██████    | 9/15 [01:24<00:56,  0.11it/s][A

Validation DataLoader 0:  67%|██████▋   | 10/15 [01:33<00:46,  0.11it/s][A

Validation DataLoader 0:  73%|███████▎  | 11/15 [01:50<00:40,  0.10it/s][A

Validation DataLoader 0:  80%|████████  | 12/15 [01:53<00:28,  0.11it/s][A

Validation DataLoader 0:  87%|████████▋ | 13/15 [02:13<00:20,  0.10it/s][A

Validation DataLoader 0:  93%|█████████▎| 14/15 [02:17<00:09,  0.10it/s][A

Validation DataLoader 0: 100%|██████████| 15/15 [02:33<00:00,  0.10it/s][A

                                                                        [A
Epoch 10: 100%|██████████| 120/120 [30:02<00:00,  0.07it/s, v_num=6, train_loss_step=0.657, val_loss=0.848, val_mean_auc=0.687, val_mean_ap=0.374, val_accuracy=0.652, val_f1=0.452, train_loss_epoch=0.862]
Epoch 10: 100%|██████████| 120/120 [30:02<00:00,  0.07it/s, v_num=6, train_loss_step=0.657, val_loss=0.848, val_mean_auc=0.687, val_mean_ap=0.374, val_accuracy=0.652, val_f1=0.452, train_loss_epoch=0.839]
Epoch 10:   0%|          | 0/120 [00:00<?, ?it/s, v_num=6, train_loss_step=0.657, val_loss=0.848, val_mean_auc=0.687, val_mean_ap=0.374, val_accuracy=0.652, val_f1=0.452, train_loss_epoch=0.839]          
Epoch 11:   0%|          | 0/120 [00:00<?, ?it/s, v_num=6, train_loss_step=0.657, val_loss=0.848, val_mean_auc=0.687, val_mean_ap=0.374, val_accuracy=0.652, val_f1=0.452, train_loss_epoch=0.839]
Epoch 11:   1%|          | 1/120 [00:26<53:19,  0.04it/s, v_num=6, train_loss_step=0.657, val_loss=0.848, val_mean_auc=0.687, val_mean_ap=0.374, val_accuracy=0.652, val_f1=0.452, train_loss_epoch=0.839]
Epoch 11:   1%|          | 1/120 [00:27<54:11,  0.04it/s, v_num=6, train_loss_step=1.040, val_loss=0.848, val_mean_auc=0.687, val_mean_ap=0.374, val_accuracy=0.652, val_f1=0.452, train_loss_epoch=0.839]
Epoch 11:   2%|▏         | 2/120 [00:27<26:54,  0.07it/s, v_num=6, train_loss_step=1.040, val_loss=0.848, val_mean_auc=0.687, val_mean_ap=0.374, val_accuracy=0.652, val_f1=0.452, train_loss_epoch=0.839]
Epoch 11:   2%|▏         | 2/120 [00:27<27:20,  0.07it/s, v_num=6, train_loss_step=1.060, val_loss=0.848, val_mean_auc=0.687, val_mean_ap=0.374, val_accuracy=0.652, val_f1=0.452, train_loss_epoch=0.839]
Epoch 11:   2%|▎         | 3/120 [00:56<36:35,  0.05it/s, v_num=6, train_loss_step=1.060, val_loss=0.848, val_mean_auc=0.687, val_mean_ap=0.374, val_accuracy=0.652, val_f1=0.452, train_loss_epoch=0.839]
Epoch 11:   2%|▎         | 3/120 [00:56<36:53,  0.05it/s, v_num=6, train_loss_step=1.040, val_loss=0.848, val_mean_auc=0.687, val_mean_ap=0.374, val_accuracy=0.652, val_f1=0.452, train_loss_epoch=0.839]
Epoch 11:   3%|▎         | 4/120 [00:56<27:27,  0.07it/s, v_num=6, train_loss_step=1.040, val_loss=0.848, val_mean_auc=0.687, val_mean_ap=0.374, val_accuracy=0.652, val_f1=0.452, train_loss_epoch=0.839]
Epoch 11:   3%|▎         | 4/120 [00:57<27:39,  0.07it/s, v_num=6, train_loss_step=0.882, val_loss=0.848, val_mean_auc=0.687, val_mean_ap=0.374, val_accuracy=0.652, val_f1=0.452, train_loss_epoch=0.839]
Epoch 11:   4%|▍         | 5/120 [01:18<30:14,  0.06it/s, v_num=6, train_loss_step=0.882, val_loss=0.848, val_mean_auc=0.687, val_mean_ap=0.374, val_accuracy=0.652, val_f1=0.452, train_loss_epoch=0.839]
Epoch 11:   4%|▍         | 5/120 [01:19<30:24,  0.06it/s, v_num=6, train_loss_step=0.684, val_loss=0.848, val_mean_auc=0.687, val_mean_ap=0.374, val_accuracy=0.652, val_f1=0.452, train_loss_epoch=0.839]
Epoch 11:   5%|▌         | 6/120 [01:19<25:07,  0.08it/s, v_num=6, train_loss_step=0.684, val_loss=0.848, val_mean_auc=0.687, val_mean_ap=0.374, val_accuracy=0.652, val_f1=0.452, train_loss_epoch=0.839]
Epoch 11:   5%|▌         | 6/120 [01:19<25:15,  0.08it/s, v_num=6, train_loss_step=0.674, val_loss=0.848, val_mean_auc=0.687, val_mean_ap=0.374, val_accuracy=0.652, val_f1=0.452, train_loss_epoch=0.839]
Epoch 11:   6%|▌         | 7/120 [01:38<26:29,  0.07it/s, v_num=6, train_loss_step=0.674, val_loss=0.848, val_mean_auc=0.687, val_mean_ap=0.374, val_accuracy=0.652, val_f1=0.452, train_loss_epoch=0.839]
Epoch 11:   6%|▌         | 7/120 [01:38<26:37,  0.07it/s, v_num=6, train_loss_step=1.000, val_loss=0.848, val_mean_auc=0.687, val_mean_ap=0.374, val_accuracy=0.652, val_f1=0.452, train_loss_epoch=0.839]
Epoch 11:   7%|▋         | 8/120 [01:39<23:12,  0.08it/s, v_num=6, train_loss_step=1.000, val_loss=0.848, val_mean_auc=0.687, val_mean_ap=0.374, val_accuracy=0.652, val_f1=0.452, train_loss_epoch=0.839]
Epoch 11:   7%|▋         | 8/120 [01:39<23:18,  0.08it/s, v_num=6, train_loss_step=0.503, val_loss=0.848, val_mean_auc=0.687, val_mean_ap=0.374, val_accuracy=0.652, val_f1=0.452, train_loss_epoch=0.839]
Epoch 11:   8%|▊         | 9/120 [02:01<24:59,  0.07it/s, v_num=6, train_loss_step=0.503, val_loss=0.848, val_mean_auc=0.687, val_mean_ap=0.374, val_accuracy=0.652, val_f1=0.452, train_loss_epoch=0.839]
Epoch 11:   8%|▊         | 9/120 [02:02<25:04,  0.07it/s, v_num=6, train_loss_step=0.872, val_loss=0.848, val_mean_auc=0.687, val_mean_ap=0.374, val_accuracy=0.652, val_f1=0.452, train_loss_epoch=0.839]
Epoch 11:   8%|▊         | 10/120 [02:07<23:21,  0.08it/s, v_num=6, train_loss_step=0.872, val_loss=0.848, val_mean_auc=0.687, val_mean_ap=0.374, val_accuracy=0.652, val_f1=0.452, train_loss_epoch=0.839]
Epoch 11:   8%|▊         | 10/120 [02:07<23:26,  0.08it/s, v_num=6, train_loss_step=0.858, val_loss=0.848, val_mean_auc=0.687, val_mean_ap=0.374, val_accuracy=0.652, val_f1=0.452, train_loss_epoch=0.839]
Epoch 11:   9%|▉         | 11/120 [02:23<23:42,  0.08it/s, v_num=6, train_loss_step=0.858, val_loss=0.848, val_mean_auc=0.687, val_mean_ap=0.374, val_accuracy=0.652, val_f1=0.452, train_loss_epoch=0.839]
Epoch 11:   9%|▉         | 11/120 [02:23<23:46,  0.08it/s, v_num=6, train_loss_step=0.621, val_loss=0.848, val_mean_auc=0.687, val_mean_ap=0.374, val_accuracy=0.652, val_f1=0.452, train_loss_epoch=0.839]
Epoch 11:  10%|█         | 12/120 [02:35<23:17,  0.08it/s, v_num=6, train_loss_step=0.621, val_loss=0.848, val_mean_auc=0.687, val_mean_ap=0.374, val_accuracy=0.652, val_f1=0.452, train_loss_epoch=0.839]
Epoch 11:  10%|█         | 12/120 [02:35<23:21,  0.08it/s, v_num=6, train_loss_step=0.790, val_loss=0.848, val_mean_auc=0.687, val_mean_ap=0.374, val_accuracy=0.652, val_f1=0.452, train_loss_epoch=0.839]
Epoch 11:  11%|█         | 13/120 [02:55<24:06,  0.07it/s, v_num=6, train_loss_step=0.790, val_loss=0.848, val_mean_auc=0.687, val_mean_ap=0.374, val_accuracy=0.652, val_f1=0.452, train_loss_epoch=0.839]
Epoch 11:  11%|█         | 13/120 [02:56<24:09,  0.07it/s, v_num=6, train_loss_step=0.837, val_loss=0.848, val_mean_auc=0.687, val_mean_ap=0.374, val_accuracy=0.652, val_f1=0.452, train_loss_epoch=0.839]
Epoch 11:  12%|█▏        | 14/120 [03:02<22:58,  0.08it/s, v_num=6, train_loss_step=0.837, val_loss=0.848, val_mean_auc=0.687, val_mean_ap=0.374, val_accuracy=0.652, val_f1=0.452, train_loss_epoch=0.839]
Epoch 11:  12%|█▏        | 14/120 [03:02<23:01,  0.08it/s, v_num=6, train_loss_step=0.956, val_loss=0.848, val_mean_auc=0.687, val_mean_ap=0.374, val_accuracy=0.652, val_f1=0.452, train_loss_epoch=0.839]
Epoch 11:  12%|█▎        | 15/120 [03:19<23:14,  0.08it/s, v_num=6, train_loss_step=0.956, val_loss=0.848, val_mean_auc=0.687, val_mean_ap=0.374, val_accuracy=0.652, val_f1=0.452, train_loss_epoch=0.839]
Epoch 11:  12%|█▎        | 15/120 [03:19<23:17,  0.08it/s, v_num=6, train_loss_step=0.677, val_loss=0.848, val_mean_auc=0.687, val_mean_ap=0.374, val_accuracy=0.652, val_f1=0.452, train_loss_epoch=0.839]
Epoch 11:  13%|█▎        | 16/120 [03:25<22:12,  0.08it/s, v_num=6, train_loss_step=0.677, val_loss=0.848, val_mean_auc=0.687, val_mean_ap=0.374, val_accuracy=0.652, val_f1=0.452, train_loss_epoch=0.839]
Epoch 11:  13%|█▎        | 16/120 [03:25<22:15,  0.08it/s, v_num=6, train_loss_step=1.300, val_loss=0.848, val_mean_auc=0.687, val_mean_ap=0.374, val_accuracy=0.652, val_f1=0.452, train_loss_epoch=0.839]
Epoch 11:  14%|█▍        | 17/120 [03:47<22:57,  0.07it/s, v_num=6, train_loss_step=1.300, val_loss=0.848, val_mean_auc=0.687, val_mean_ap=0.374, val_accuracy=0.652, val_f1=0.452, train_loss_epoch=0.839]
Epoch 11:  14%|█▍        | 17/120 [03:47<22:59,  0.07it/s, v_num=6, train_loss_step=1.080, val_loss=0.848, val_mean_auc=0.687, val_mean_ap=0.374, val_accuracy=0.652, val_f1=0.452, train_loss_epoch=0.839]
Epoch 11:  15%|█▌        | 18/120 [03:51<21:53,  0.08it/s, v_num=6, train_loss_step=1.080, val_loss=0.848, val_mean_auc=0.687, val_mean_ap=0.374, val_accuracy=0.652, val_f1=0.452, train_loss_epoch=0.839]
Epoch 11:  15%|█▌        | 18/120 [03:52<21:55,  0.08it/s, v_num=6, train_loss_step=0.530, val_loss=0.848, val_mean_auc=0.687, val_mean_ap=0.374, val_accuracy=0.652, val_f1=0.452, train_loss_epoch=0.839]
Epoch 11:  16%|█▌        | 19/120 [04:10<22:10,  0.08it/s, v_num=6, train_loss_step=0.530, val_loss=0.848, val_mean_auc=0.687, val_mean_ap=0.374, val_accuracy=0.652, val_f1=0.452, train_loss_epoch=0.839]
Epoch 11:  16%|█▌        | 19/120 [04:10<22:12,  0.08it/s, v_num=6, train_loss_step=1.010, val_loss=0.848, val_mean_auc=0.687, val_mean_ap=0.374, val_accuracy=0.652, val_f1=0.452, train_loss_epoch=0.839]
Epoch 11:  17%|█▋        | 20/120 [04:11<20:56,  0.08it/s, v_num=6, train_loss_step=1.010, val_loss=0.848, val_mean_auc=0.687, val_mean_ap=0.374, val_accuracy=0.652, val_f1=0.452, train_loss_epoch=0.839]
Epoch 11:  17%|█▋        | 20/120 [04:11<20:58,  0.08it/s, v_num=6, train_loss_step=1.050, val_loss=0.848, val_mean_auc=0.687, val_mean_ap=0.374, val_accuracy=0.652, val_f1=0.452, train_loss_epoch=0.839]
Epoch 11:  18%|█▊        | 21/120 [04:38<21:53,  0.08it/s, v_num=6, train_loss_step=1.050, val_loss=0.848, val_mean_auc=0.687, val_mean_ap=0.374, val_accuracy=0.652, val_f1=0.452, train_loss_epoch=0.839]
Epoch 11:  18%|█▊        | 21/120 [04:39<21:55,  0.08it/s, v_num=6, train_loss_step=0.742, val_loss=0.848, val_mean_auc=0.687, val_mean_ap=0.374, val_accuracy=0.652, val_f1=0.452, train_loss_epoch=0.839]
Epoch 11:  18%|█▊        | 22/120 [04:40<20:51,  0.08it/s, v_num=6, train_loss_step=0.742, val_loss=0.848, val_mean_auc=0.687, val_mean_ap=0.374, val_accuracy=0.652, val_f1=0.452, train_loss_epoch=0.839]
Epoch 11:  18%|█▊        | 22/120 [04:41<20:53,  0.08it/s, v_num=6, train_loss_step=0.942, val_loss=0.848, val_mean_auc=0.687, val_mean_ap=0.374, val_accuracy=0.652, val_f1=0.452, train_loss_epoch=0.839]
Epoch 11:  19%|█▉        | 23/120 [05:08<21:40,  0.07it/s, v_num=6, train_loss_step=0.942, val_loss=0.848, val_mean_auc=0.687, val_mean_ap=0.374, val_accuracy=0.652, val_f1=0.452, train_loss_epoch=0.839]
Epoch 11:  19%|█▉        | 23/120 [05:08<21:42,  0.07it/s, v_num=6, train_loss_step=0.792, val_loss=0.848, val_mean_auc=0.687, val_mean_ap=0.374, val_accuracy=0.652, val_f1=0.452, train_loss_epoch=0.839]
Epoch 11:  20%|██        | 24/120 [05:08<20:35,  0.08it/s, v_num=6, train_loss_step=0.792, val_loss=0.848, val_mean_auc=0.687, val_mean_ap=0.374, val_accuracy=0.652, val_f1=0.452, train_loss_epoch=0.839]
Epoch 11:  20%|██        | 24/120 [05:09<20:36,  0.08it/s, v_num=6, train_loss_step=0.742, val_loss=0.848, val_mean_auc=0.687, val_mean_ap=0.374, val_accuracy=0.652, val_f1=0.452, train_loss_epoch=0.839]
Epoch 11:  21%|██        | 25/120 [05:38<21:26,  0.07it/s, v_num=6, train_loss_step=0.742, val_loss=0.848, val_mean_auc=0.687, val_mean_ap=0.374, val_accuracy=0.652, val_f1=0.452, train_loss_epoch=0.839]
Epoch 11:  21%|██        | 25/120 [05:39<21:28,  0.07it/s, v_num=6, train_loss_step=0.510, val_loss=0.848, val_mean_auc=0.687, val_mean_ap=0.374, val_accuracy=0.652, val_f1=0.452, train_loss_epoch=0.839]
Epoch 11:  22%|██▏       | 26/120 [05:39<20:26,  0.08it/s, v_num=6, train_loss_step=0.510, val_loss=0.848, val_mean_auc=0.687, val_mean_ap=0.374, val_accuracy=0.652, val_f1=0.452, train_loss_epoch=0.839]
Epoch 11:  22%|██▏       | 26/120 [05:39<20:27,  0.08it/s, v_num=6, train_loss_step=0.600, val_loss=0.848, val_mean_auc=0.687, val_mean_ap=0.374, val_accuracy=0.652, val_f1=0.452, train_loss_epoch=0.839]
Epoch 11:  22%|██▎       | 27/120 [06:04<20:56,  0.07it/s, v_num=6, train_loss_step=0.600, val_loss=0.848, val_mean_auc=0.687, val_mean_ap=0.374, val_accuracy=0.652, val_f1=0.452, train_loss_epoch=0.839]
Epoch 11:  22%|██▎       | 27/120 [06:05<20:57,  0.07it/s, v_num=6, train_loss_step=1.110, val_loss=0.848, val_mean_auc=0.687, val_mean_ap=0.374, val_accuracy=0.652, val_f1=0.452, train_loss_epoch=0.839]
Epoch 11:  23%|██▎       | 28/120 [06:05<19:59,  0.08it/s, v_num=6, train_loss_step=1.110, val_loss=0.848, val_mean_auc=0.687, val_mean_ap=0.374, val_accuracy=0.652, val_f1=0.452, train_loss_epoch=0.839]
Epoch 11:  23%|██▎       | 28/120 [06:05<20:01,  0.08it/s, v_num=6, train_loss_step=0.836, val_loss=0.848, val_mean_auc=0.687, val_mean_ap=0.374, val_accuracy=0.652, val_f1=0.452, train_loss_epoch=0.839]
Epoch 11:  24%|██▍       | 29/120 [06:26<20:11,  0.08it/s, v_num=6, train_loss_step=0.836, val_loss=0.848, val_mean_auc=0.687, val_mean_ap=0.374, val_accuracy=0.652, val_f1=0.452, train_loss_epoch=0.839]
Epoch 11:  24%|██▍       | 29/120 [06:26<20:13,  0.07it/s, v_num=6, train_loss_step=0.703, val_loss=0.848, val_mean_auc=0.687, val_mean_ap=0.374, val_accuracy=0.652, val_f1=0.452, train_loss_epoch=0.839]
Epoch 11:  25%|██▌       | 30/120 [06:26<19:20,  0.08it/s, v_num=6, train_loss_step=0.703, val_loss=0.848, val_mean_auc=0.687, val_mean_ap=0.374, val_accuracy=0.652, val_f1=0.452, train_loss_epoch=0.839]
Epoch 11:  25%|██▌       | 30/120 [06:27<19:21,  0.08it/s, v_num=6, train_loss_step=0.811, val_loss=0.848, val_mean_auc=0.687, val_mean_ap=0.374, val_accuracy=0.652, val_f1=0.452, train_loss_epoch=0.839]
Epoch 11:  26%|██▌       | 31/120 [06:53<19:48,  0.07it/s, v_num=6, train_loss_step=0.811, val_loss=0.848, val_mean_auc=0.687, val_mean_ap=0.374, val_accuracy=0.652, val_f1=0.452, train_loss_epoch=0.839]
Epoch 11:  26%|██▌       | 31/120 [06:54<19:49,  0.07it/s, v_num=6, train_loss_step=0.735, val_loss=0.848, val_mean_auc=0.687, val_mean_ap=0.374, val_accuracy=0.652, val_f1=0.452, train_loss_epoch=0.839]
Epoch 11:  27%|██▋       | 32/120 [06:54<18:59,  0.08it/s, v_num=6, train_loss_step=0.735, val_loss=0.848, val_mean_auc=0.687, val_mean_ap=0.374, val_accuracy=0.652, val_f1=0.452, train_loss_epoch=0.839]
Epoch 11:  27%|██▋       | 32/120 [06:54<19:00,  0.08it/s, v_num=6, train_loss_step=0.589, val_loss=0.848, val_mean_auc=0.687, val_mean_ap=0.374, val_accuracy=0.652, val_f1=0.452, train_loss_epoch=0.839]
Epoch 11:  28%|██▊       | 33/120 [07:13<19:02,  0.08it/s, v_num=6, train_loss_step=0.589, val_loss=0.848, val_mean_auc=0.687, val_mean_ap=0.374, val_accuracy=0.652, val_f1=0.452, train_loss_epoch=0.839]
Epoch 11:  28%|██▊       | 33/120 [07:13<19:03,  0.08it/s, v_num=6, train_loss_step=0.845, val_loss=0.848, val_mean_auc=0.687, val_mean_ap=0.374, val_accuracy=0.652, val_f1=0.452, train_loss_epoch=0.839]
Epoch 11:  28%|██▊       | 34/120 [07:13<18:17,  0.08it/s, v_num=6, train_loss_step=0.845, val_loss=0.848, val_mean_auc=0.687, val_mean_ap=0.374, val_accuracy=0.652, val_f1=0.452, train_loss_epoch=0.839]
Epoch 11:  28%|██▊       | 34/120 [07:14<18:18,  0.08it/s, v_num=6, train_loss_step=0.698, val_loss=0.848, val_mean_auc=0.687, val_mean_ap=0.374, val_accuracy=0.652, val_f1=0.452, train_loss_epoch=0.839]
Epoch 11:  29%|██▉       | 35/120 [07:40<18:37,  0.08it/s, v_num=6, train_loss_step=0.698, val_loss=0.848, val_mean_auc=0.687, val_mean_ap=0.374, val_accuracy=0.652, val_f1=0.452, train_loss_epoch=0.839]
Epoch 11:  29%|██▉       | 35/120 [07:40<18:38,  0.08it/s, v_num=6, train_loss_step=0.551, val_loss=0.848, val_mean_auc=0.687, val_mean_ap=0.374, val_accuracy=0.652, val_f1=0.452, train_loss_epoch=0.839]
Epoch 11:  30%|███       | 36/120 [07:40<17:54,  0.08it/s, v_num=6, train_loss_step=0.551, val_loss=0.848, val_mean_auc=0.687, val_mean_ap=0.374, val_accuracy=0.652, val_f1=0.452, train_loss_epoch=0.839]
Epoch 11:  30%|███       | 36/120 [07:41<17:55,  0.08it/s, v_num=6, train_loss_step=1.340, val_loss=0.848, val_mean_auc=0.687, val_mean_ap=0.374, val_accuracy=0.652, val_f1=0.452, train_loss_epoch=0.839]
Epoch 11:  31%|███       | 37/120 [08:04<18:06,  0.08it/s, v_num=6, train_loss_step=1.340, val_loss=0.848, val_mean_auc=0.687, val_mean_ap=0.374, val_accuracy=0.652, val_f1=0.452, train_loss_epoch=0.839]
Epoch 11:  31%|███       | 37/120 [08:04<18:07,  0.08it/s, v_num=6, train_loss_step=1.020, val_loss=0.848, val_mean_auc=0.687, val_mean_ap=0.374, val_accuracy=0.652, val_f1=0.452, train_loss_epoch=0.839]
Epoch 11:  32%|███▏      | 38/120 [08:04<17:25,  0.08it/s, v_num=6, train_loss_step=1.020, val_loss=0.848, val_mean_auc=0.687, val_mean_ap=0.374, val_accuracy=0.652, val_f1=0.452, train_loss_epoch=0.839]
Epoch 11:  32%|███▏      | 38/120 [08:05<17:26,  0.08it/s, v_num=6, train_loss_step=1.150, val_loss=0.848, val_mean_auc=0.687, val_mean_ap=0.374, val_accuracy=0.652, val_f1=0.452, train_loss_epoch=0.839]
Epoch 11:  32%|███▎      | 39/120 [08:41<18:04,  0.07it/s, v_num=6, train_loss_step=1.150, val_loss=0.848, val_mean_auc=0.687, val_mean_ap=0.374, val_accuracy=0.652, val_f1=0.452, train_loss_epoch=0.839]
Epoch 11:  32%|███▎      | 39/120 [08:42<18:05,  0.07it/s, v_num=6, train_loss_step=1.110, val_loss=0.848, val_mean_auc=0.687, val_mean_ap=0.374, val_accuracy=0.652, val_f1=0.452, train_loss_epoch=0.839]
Epoch 11:  33%|███▎      | 40/120 [08:42<17:24,  0.08it/s, v_num=6, train_loss_step=1.110, val_loss=0.848, val_mean_auc=0.687, val_mean_ap=0.374, val_accuracy=0.652, val_f1=0.452, train_loss_epoch=0.839]
Epoch 11:  33%|███▎      | 40/120 [08:42<17:25,  0.08it/s, v_num=6, train_loss_step=1.430, val_loss=0.848, val_mean_auc=0.687, val_mean_ap=0.374, val_accuracy=0.652, val_f1=0.452, train_loss_epoch=0.839]
Epoch 11:  34%|███▍      | 41/120 [09:15<17:50,  0.07it/s, v_num=6, train_loss_step=1.430, val_loss=0.848, val_mean_auc=0.687, val_mean_ap=0.374, val_accuracy=0.652, val_f1=0.452, train_loss_epoch=0.839]
Epoch 11:  34%|███▍      | 41/120 [09:15<17:51,  0.07it/s, v_num=6, train_loss_step=0.677, val_loss=0.848, val_mean_auc=0.687, val_mean_ap=0.374, val_accuracy=0.652, val_f1=0.452, train_loss_epoch=0.839]
Epoch 11:  35%|███▌      | 42/120 [09:15<17:12,  0.08it/s, v_num=6, train_loss_step=0.677, val_loss=0.848, val_mean_auc=0.687, val_mean_ap=0.374, val_accuracy=0.652, val_f1=0.452, train_loss_epoch=0.839]
Epoch 11:  35%|███▌      | 42/120 [09:16<17:13,  0.08it/s, v_num=6, train_loss_step=0.688, val_loss=0.848, val_mean_auc=0.687, val_mean_ap=0.374, val_accuracy=0.652, val_f1=0.452, train_loss_epoch=0.839]
Epoch 11:  36%|███▌      | 43/120 [09:41<17:20,  0.07it/s, v_num=6, train_loss_step=0.688, val_loss=0.848, val_mean_auc=0.687, val_mean_ap=0.374, val_accuracy=0.652, val_f1=0.452, train_loss_epoch=0.839]
Epoch 11:  36%|███▌      | 43/120 [09:41<17:21,  0.07it/s, v_num=6, train_loss_step=0.522, val_loss=0.848, val_mean_auc=0.687, val_mean_ap=0.374, val_accuracy=0.652, val_f1=0.452, train_loss_epoch=0.839]
Epoch 11:  37%|███▋      | 44/120 [09:41<16:44,  0.08it/s, v_num=6, train_loss_step=0.522, val_loss=0.848, val_mean_auc=0.687, val_mean_ap=0.374, val_accuracy=0.652, val_f1=0.452, train_loss_epoch=0.839]
Epoch 11:  37%|███▋      | 44/120 [09:42<16:45,  0.08it/s, v_num=6, train_loss_step=0.837, val_loss=0.848, val_mean_auc=0.687, val_mean_ap=0.374, val_accuracy=0.652, val_f1=0.452, train_loss_epoch=0.839]
Epoch 11:  38%|███▊      | 45/120 [10:02<16:43,  0.07it/s, v_num=6, train_loss_step=0.837, val_loss=0.848, val_mean_auc=0.687, val_mean_ap=0.374, val_accuracy=0.652, val_f1=0.452, train_loss_epoch=0.839]
Epoch 11:  38%|███▊      | 45/120 [10:02<16:44,  0.07it/s, v_num=6, train_loss_step=0.749, val_loss=0.848, val_mean_auc=0.687, val_mean_ap=0.374, val_accuracy=0.652, val_f1=0.452, train_loss_epoch=0.839]
Epoch 11:  38%|███▊      | 46/120 [10:02<16:09,  0.08it/s, v_num=6, train_loss_step=0.749, val_loss=0.848, val_mean_auc=0.687, val_mean_ap=0.374, val_accuracy=0.652, val_f1=0.452, train_loss_epoch=0.839]
Epoch 11:  38%|███▊      | 46/120 [10:03<16:10,  0.08it/s, v_num=6, train_loss_step=0.623, val_loss=0.848, val_mean_auc=0.687, val_mean_ap=0.374, val_accuracy=0.652, val_f1=0.452, train_loss_epoch=0.839]
Epoch 11:  39%|███▉      | 47/120 [10:22<16:06,  0.08it/s, v_num=6, train_loss_step=0.623, val_loss=0.848, val_mean_auc=0.687, val_mean_ap=0.374, val_accuracy=0.652, val_f1=0.452, train_loss_epoch=0.839]
Epoch 11:  39%|███▉      | 47/120 [10:22<16:07,  0.08it/s, v_num=6, train_loss_step=0.750, val_loss=0.848, val_mean_auc=0.687, val_mean_ap=0.374, val_accuracy=0.652, val_f1=0.452, train_loss_epoch=0.839]
Epoch 11:  40%|████      | 48/120 [10:22<15:34,  0.08it/s, v_num=6, train_loss_step=0.750, val_loss=0.848, val_mean_auc=0.687, val_mean_ap=0.374, val_accuracy=0.652, val_f1=0.452, train_loss_epoch=0.839]
Epoch 11:  40%|████      | 48/120 [10:23<15:34,  0.08it/s, v_num=6, train_loss_step=1.080, val_loss=0.848, val_mean_auc=0.687, val_mean_ap=0.374, val_accuracy=0.652, val_f1=0.452, train_loss_epoch=0.839]
Epoch 11:  41%|████      | 49/120 [10:45<15:35,  0.08it/s, v_num=6, train_loss_step=1.080, val_loss=0.848, val_mean_auc=0.687, val_mean_ap=0.374, val_accuracy=0.652, val_f1=0.452, train_loss_epoch=0.839]
Epoch 11:  41%|████      | 49/120 [10:45<15:35,  0.08it/s, v_num=6, train_loss_step=0.895, val_loss=0.848, val_mean_auc=0.687, val_mean_ap=0.374, val_accuracy=0.652, val_f1=0.452, train_loss_epoch=0.839]
Epoch 11:  42%|████▏     | 50/120 [10:45<15:04,  0.08it/s, v_num=6, train_loss_step=0.895, val_loss=0.848, val_mean_auc=0.687, val_mean_ap=0.374, val_accuracy=0.652, val_f1=0.452, train_loss_epoch=0.839]
Epoch 11:  42%|████▏     | 50/120 [10:46<15:04,  0.08it/s, v_num=6, train_loss_step=0.776, val_loss=0.848, val_mean_auc=0.687, val_mean_ap=0.374, val_accuracy=0.652, val_f1=0.452, train_loss_epoch=0.839]
Epoch 11:  42%|████▎     | 51/120 [11:15<15:13,  0.08it/s, v_num=6, train_loss_step=0.776, val_loss=0.848, val_mean_auc=0.687, val_mean_ap=0.374, val_accuracy=0.652, val_f1=0.452, train_loss_epoch=0.839]
Epoch 11:  42%|████▎     | 51/120 [11:15<15:14,  0.08it/s, v_num=6, train_loss_step=1.210, val_loss=0.848, val_mean_auc=0.687, val_mean_ap=0.374, val_accuracy=0.652, val_f1=0.452, train_loss_epoch=0.839]
Epoch 11:  43%|████▎     | 52/120 [11:15<14:43,  0.08it/s, v_num=6, train_loss_step=1.210, val_loss=0.848, val_mean_auc=0.687, val_mean_ap=0.374, val_accuracy=0.652, val_f1=0.452, train_loss_epoch=0.839]
Epoch 11:  43%|████▎     | 52/120 [11:16<14:44,  0.08it/s, v_num=6, train_loss_step=0.626, val_loss=0.848, val_mean_auc=0.687, val_mean_ap=0.374, val_accuracy=0.652, val_f1=0.452, train_loss_epoch=0.839]
Epoch 11:  44%|████▍     | 53/120 [11:50<14:57,  0.07it/s, v_num=6, train_loss_step=0.626, val_loss=0.848, val_mean_auc=0.687, val_mean_ap=0.374, val_accuracy=0.652, val_f1=0.452, train_loss_epoch=0.839]
Epoch 11:  44%|████▍     | 53/120 [11:50<14:58,  0.07it/s, v_num=6, train_loss_step=0.910, val_loss=0.848, val_mean_auc=0.687, val_mean_ap=0.374, val_accuracy=0.652, val_f1=0.452, train_loss_epoch=0.839]
Epoch 11:  45%|████▌     | 54/120 [11:50<14:28,  0.08it/s, v_num=6, train_loss_step=0.910, val_loss=0.848, val_mean_auc=0.687, val_mean_ap=0.374, val_accuracy=0.652, val_f1=0.452, train_loss_epoch=0.839]
Epoch 11:  45%|████▌     | 54/120 [11:51<14:29,  0.08it/s, v_num=6, train_loss_step=0.467, val_loss=0.848, val_mean_auc=0.687, val_mean_ap=0.374, val_accuracy=0.652, val_f1=0.452, train_loss_epoch=0.839]
Epoch 11:  46%|████▌     | 55/120 [12:15<14:28,  0.07it/s, v_num=6, train_loss_step=0.467, val_loss=0.848, val_mean_auc=0.687, val_mean_ap=0.374, val_accuracy=0.652, val_f1=0.452, train_loss_epoch=0.839]
Epoch 11:  46%|████▌     | 55/120 [12:15<14:29,  0.07it/s, v_num=6, train_loss_step=1.070, val_loss=0.848, val_mean_auc=0.687, val_mean_ap=0.374, val_accuracy=0.652, val_f1=0.452, train_loss_epoch=0.839]
Epoch 11:  47%|████▋     | 56/120 [12:15<14:00,  0.08it/s, v_num=6, train_loss_step=1.070, val_loss=0.848, val_mean_auc=0.687, val_mean_ap=0.374, val_accuracy=0.652, val_f1=0.452, train_loss_epoch=0.839]
Epoch 11:  47%|████▋     | 56/120 [12:15<14:01,  0.08it/s, v_num=6, train_loss_step=0.968, val_loss=0.848, val_mean_auc=0.687, val_mean_ap=0.374, val_accuracy=0.652, val_f1=0.452, train_loss_epoch=0.839]
Epoch 11:  48%|████▊     | 57/120 [12:47<14:08,  0.07it/s, v_num=6, train_loss_step=0.968, val_loss=0.848, val_mean_auc=0.687, val_mean_ap=0.374, val_accuracy=0.652, val_f1=0.452, train_loss_epoch=0.839]
Epoch 11:  48%|████▊     | 57/120 [12:47<14:08,  0.07it/s, v_num=6, train_loss_step=0.381, val_loss=0.848, val_mean_auc=0.687, val_mean_ap=0.374, val_accuracy=0.652, val_f1=0.452, train_loss_epoch=0.839]
Epoch 11:  48%|████▊     | 58/120 [12:47<13:40,  0.08it/s, v_num=6, train_loss_step=0.381, val_loss=0.848, val_mean_auc=0.687, val_mean_ap=0.374, val_accuracy=0.652, val_f1=0.452, train_loss_epoch=0.839]
Epoch 11:  48%|████▊     | 58/120 [12:48<13:41,  0.08it/s, v_num=6, train_loss_step=0.613, val_loss=0.848, val_mean_auc=0.687, val_mean_ap=0.374, val_accuracy=0.652, val_f1=0.452, train_loss_epoch=0.839]
Epoch 11:  49%|████▉     | 59/120 [13:11<13:38,  0.07it/s, v_num=6, train_loss_step=0.613, val_loss=0.848, val_mean_auc=0.687, val_mean_ap=0.374, val_accuracy=0.652, val_f1=0.452, train_loss_epoch=0.839]
Epoch 11:  49%|████▉     | 59/120 [13:11<13:38,  0.07it/s, v_num=6, train_loss_step=0.954, val_loss=0.848, val_mean_auc=0.687, val_mean_ap=0.374, val_accuracy=0.652, val_f1=0.452, train_loss_epoch=0.839]
Epoch 11:  50%|█████     | 60/120 [13:11<13:11,  0.08it/s, v_num=6, train_loss_step=0.954, val_loss=0.848, val_mean_auc=0.687, val_mean_ap=0.374, val_accuracy=0.652, val_f1=0.452, train_loss_epoch=0.839]
Epoch 11:  50%|█████     | 60/120 [13:12<13:12,  0.08it/s, v_num=6, train_loss_step=0.569, val_loss=0.848, val_mean_auc=0.687, val_mean_ap=0.374, val_accuracy=0.652, val_f1=0.452, train_loss_epoch=0.839]
Epoch 11:  51%|█████     | 61/120 [13:40<13:13,  0.07it/s, v_num=6, train_loss_step=0.569, val_loss=0.848, val_mean_auc=0.687, val_mean_ap=0.374, val_accuracy=0.652, val_f1=0.452, train_loss_epoch=0.839]
Epoch 11:  51%|█████     | 61/120 [13:40<13:13,  0.07it/s, v_num=6, train_loss_step=0.958, val_loss=0.848, val_mean_auc=0.687, val_mean_ap=0.374, val_accuracy=0.652, val_f1=0.452, train_loss_epoch=0.839]
Epoch 11:  52%|█████▏    | 62/120 [13:40<12:47,  0.08it/s, v_num=6, train_loss_step=0.958, val_loss=0.848, val_mean_auc=0.687, val_mean_ap=0.374, val_accuracy=0.652, val_f1=0.452, train_loss_epoch=0.839]
Epoch 11:  52%|█████▏    | 62/120 [13:41<12:48,  0.08it/s, v_num=6, train_loss_step=0.900, val_loss=0.848, val_mean_auc=0.687, val_mean_ap=0.374, val_accuracy=0.652, val_f1=0.452, train_loss_epoch=0.839]
Epoch 11:  52%|█████▎    | 63/120 [14:10<12:49,  0.07it/s, v_num=6, train_loss_step=0.900, val_loss=0.848, val_mean_auc=0.687, val_mean_ap=0.374, val_accuracy=0.652, val_f1=0.452, train_loss_epoch=0.839]
Epoch 11:  52%|█████▎    | 63/120 [14:10<12:49,  0.07it/s, v_num=6, train_loss_step=1.290, val_loss=0.848, val_mean_auc=0.687, val_mean_ap=0.374, val_accuracy=0.652, val_f1=0.452, train_loss_epoch=0.839]
Epoch 11:  53%|█████▎    | 64/120 [14:10<12:24,  0.08it/s, v_num=6, train_loss_step=1.290, val_loss=0.848, val_mean_auc=0.687, val_mean_ap=0.374, val_accuracy=0.652, val_f1=0.452, train_loss_epoch=0.839]
Epoch 11:  53%|█████▎    | 64/120 [14:10<12:24,  0.08it/s, v_num=6, train_loss_step=1.070, val_loss=0.848, val_mean_auc=0.687, val_mean_ap=0.374, val_accuracy=0.652, val_f1=0.452, train_loss_epoch=0.839]
Epoch 11:  54%|█████▍    | 65/120 [14:37<12:22,  0.07it/s, v_num=6, train_loss_step=1.070, val_loss=0.848, val_mean_auc=0.687, val_mean_ap=0.374, val_accuracy=0.652, val_f1=0.452, train_loss_epoch=0.839]
Epoch 11:  54%|█████▍    | 65/120 [14:37<12:22,  0.07it/s, v_num=6, train_loss_step=0.647, val_loss=0.848, val_mean_auc=0.687, val_mean_ap=0.374, val_accuracy=0.652, val_f1=0.452, train_loss_epoch=0.839]
Epoch 11:  55%|█████▌    | 66/120 [14:37<11:58,  0.08it/s, v_num=6, train_loss_step=0.647, val_loss=0.848, val_mean_auc=0.687, val_mean_ap=0.374, val_accuracy=0.652, val_f1=0.452, train_loss_epoch=0.839]
Epoch 11:  55%|█████▌    | 66/120 [14:38<11:58,  0.08it/s, v_num=6, train_loss_step=0.604, val_loss=0.848, val_mean_auc=0.687, val_mean_ap=0.374, val_accuracy=0.652, val_f1=0.452, train_loss_epoch=0.839]
Epoch 11:  56%|█████▌    | 67/120 [15:03<11:55,  0.07it/s, v_num=6, train_loss_step=0.604, val_loss=0.848, val_mean_auc=0.687, val_mean_ap=0.374, val_accuracy=0.652, val_f1=0.452, train_loss_epoch=0.839]
Epoch 11:  56%|█████▌    | 67/120 [15:04<11:55,  0.07it/s, v_num=6, train_loss_step=0.924, val_loss=0.848, val_mean_auc=0.687, val_mean_ap=0.374, val_accuracy=0.652, val_f1=0.452, train_loss_epoch=0.839]
Epoch 11:  57%|█████▋    | 68/120 [15:04<11:31,  0.08it/s, v_num=6, train_loss_step=0.924, val_loss=0.848, val_mean_auc=0.687, val_mean_ap=0.374, val_accuracy=0.652, val_f1=0.452, train_loss_epoch=0.839]
Epoch 11:  57%|█████▋    | 68/120 [15:04<11:31,  0.08it/s, v_num=6, train_loss_step=1.210, val_loss=0.848, val_mean_auc=0.687, val_mean_ap=0.374, val_accuracy=0.652, val_f1=0.452, train_loss_epoch=0.839]
Epoch 11:  57%|█████▊    | 69/120 [15:33<11:29,  0.07it/s, v_num=6, train_loss_step=1.210, val_loss=0.848, val_mean_auc=0.687, val_mean_ap=0.374, val_accuracy=0.652, val_f1=0.452, train_loss_epoch=0.839]
Epoch 11:  57%|█████▊    | 69/120 [15:33<11:30,  0.07it/s, v_num=6, train_loss_step=0.888, val_loss=0.848, val_mean_auc=0.687, val_mean_ap=0.374, val_accuracy=0.652, val_f1=0.452, train_loss_epoch=0.839]
Epoch 11:  58%|█████▊    | 70/120 [15:33<11:06,  0.07it/s, v_num=6, train_loss_step=0.888, val_loss=0.848, val_mean_auc=0.687, val_mean_ap=0.374, val_accuracy=0.652, val_f1=0.452, train_loss_epoch=0.839]
Epoch 11:  58%|█████▊    | 70/120 [15:34<11:07,  0.07it/s, v_num=6, train_loss_step=1.310, val_loss=0.848, val_mean_auc=0.687, val_mean_ap=0.374, val_accuracy=0.652, val_f1=0.452, train_loss_epoch=0.839]
Epoch 11:  59%|█████▉    | 71/120 [16:01<11:03,  0.07it/s, v_num=6, train_loss_step=1.310, val_loss=0.848, val_mean_auc=0.687, val_mean_ap=0.374, val_accuracy=0.652, val_f1=0.452, train_loss_epoch=0.839]
Epoch 11:  59%|█████▉    | 71/120 [16:02<11:04,  0.07it/s, v_num=6, train_loss_step=0.644, val_loss=0.848, val_mean_auc=0.687, val_mean_ap=0.374, val_accuracy=0.652, val_f1=0.452, train_loss_epoch=0.839]
Epoch 11:  60%|██████    | 72/120 [16:02<10:41,  0.07it/s, v_num=6, train_loss_step=0.644, val_loss=0.848, val_mean_auc=0.687, val_mean_ap=0.374, val_accuracy=0.652, val_f1=0.452, train_loss_epoch=0.839]
Epoch 11:  60%|██████    | 72/120 [16:02<10:41,  0.07it/s, v_num=6, train_loss_step=1.150, val_loss=0.848, val_mean_auc=0.687, val_mean_ap=0.374, val_accuracy=0.652, val_f1=0.452, train_loss_epoch=0.839]
Epoch 11:  61%|██████    | 73/120 [16:36<10:41,  0.07it/s, v_num=6, train_loss_step=1.150, val_loss=0.848, val_mean_auc=0.687, val_mean_ap=0.374, val_accuracy=0.652, val_f1=0.452, train_loss_epoch=0.839]
Epoch 11:  61%|██████    | 73/120 [16:37<10:42,  0.07it/s, v_num=6, train_loss_step=1.100, val_loss=0.848, val_mean_auc=0.687, val_mean_ap=0.374, val_accuracy=0.652, val_f1=0.452, train_loss_epoch=0.839]
Epoch 11:  62%|██████▏   | 74/120 [16:37<10:19,  0.07it/s, v_num=6, train_loss_step=1.100, val_loss=0.848, val_mean_auc=0.687, val_mean_ap=0.374, val_accuracy=0.652, val_f1=0.452, train_loss_epoch=0.839]
Epoch 11:  62%|██████▏   | 74/120 [16:37<10:20,  0.07it/s, v_num=6, train_loss_step=0.668, val_loss=0.848, val_mean_auc=0.687, val_mean_ap=0.374, val_accuracy=0.652, val_f1=0.452, train_loss_epoch=0.839]
Epoch 11:  62%|██████▎   | 75/120 [16:57<10:10,  0.07it/s, v_num=6, train_loss_step=0.668, val_loss=0.848, val_mean_auc=0.687, val_mean_ap=0.374, val_accuracy=0.652, val_f1=0.452, train_loss_epoch=0.839]
Epoch 11:  62%|██████▎   | 75/120 [16:58<10:10,  0.07it/s, v_num=6, train_loss_step=1.030, val_loss=0.848, val_mean_auc=0.687, val_mean_ap=0.374, val_accuracy=0.652, val_f1=0.452, train_loss_epoch=0.839]
Epoch 11:  63%|██████▎   | 76/120 [16:58<09:49,  0.07it/s, v_num=6, train_loss_step=1.030, val_loss=0.848, val_mean_auc=0.687, val_mean_ap=0.374, val_accuracy=0.652, val_f1=0.452, train_loss_epoch=0.839]
Epoch 11:  63%|██████▎   | 76/120 [16:58<09:49,  0.07it/s, v_num=6, train_loss_step=0.969, val_loss=0.848, val_mean_auc=0.687, val_mean_ap=0.374, val_accuracy=0.652, val_f1=0.452, train_loss_epoch=0.839]
Epoch 11:  64%|██████▍   | 77/120 [17:29<09:46,  0.07it/s, v_num=6, train_loss_step=0.969, val_loss=0.848, val_mean_auc=0.687, val_mean_ap=0.374, val_accuracy=0.652, val_f1=0.452, train_loss_epoch=0.839]
Epoch 11:  64%|██████▍   | 77/120 [17:30<09:46,  0.07it/s, v_num=6, train_loss_step=0.530, val_loss=0.848, val_mean_auc=0.687, val_mean_ap=0.374, val_accuracy=0.652, val_f1=0.452, train_loss_epoch=0.839]
Epoch 11:  65%|██████▌   | 78/120 [17:30<09:25,  0.07it/s, v_num=6, train_loss_step=0.530, val_loss=0.848, val_mean_auc=0.687, val_mean_ap=0.374, val_accuracy=0.652, val_f1=0.452, train_loss_epoch=0.839]
Epoch 11:  65%|██████▌   | 78/120 [17:30<09:25,  0.07it/s, v_num=6, train_loss_step=0.925, val_loss=0.848, val_mean_auc=0.687, val_mean_ap=0.374, val_accuracy=0.652, val_f1=0.452, train_loss_epoch=0.839]
Epoch 11:  66%|██████▌   | 79/120 [17:57<09:19,  0.07it/s, v_num=6, train_loss_step=0.925, val_loss=0.848, val_mean_auc=0.687, val_mean_ap=0.374, val_accuracy=0.652, val_f1=0.452, train_loss_epoch=0.839]
Epoch 11:  66%|██████▌   | 79/120 [17:57<09:19,  0.07it/s, v_num=6, train_loss_step=0.830, val_loss=0.848, val_mean_auc=0.687, val_mean_ap=0.374, val_accuracy=0.652, val_f1=0.452, train_loss_epoch=0.839]
Epoch 11:  67%|██████▋   | 80/120 [17:57<08:58,  0.07it/s, v_num=6, train_loss_step=0.830, val_loss=0.848, val_mean_auc=0.687, val_mean_ap=0.374, val_accuracy=0.652, val_f1=0.452, train_loss_epoch=0.839]
Epoch 11:  67%|██████▋   | 80/120 [17:58<08:59,  0.07it/s, v_num=6, train_loss_step=1.060, val_loss=0.848, val_mean_auc=0.687, val_mean_ap=0.374, val_accuracy=0.652, val_f1=0.452, train_loss_epoch=0.839]
Epoch 11:  68%|██████▊   | 81/120 [18:20<08:49,  0.07it/s, v_num=6, train_loss_step=1.060, val_loss=0.848, val_mean_auc=0.687, val_mean_ap=0.374, val_accuracy=0.652, val_f1=0.452, train_loss_epoch=0.839]
Epoch 11:  68%|██████▊   | 81/120 [18:20<08:49,  0.07it/s, v_num=6, train_loss_step=0.434, val_loss=0.848, val_mean_auc=0.687, val_mean_ap=0.374, val_accuracy=0.652, val_f1=0.452, train_loss_epoch=0.839]
Epoch 11:  68%|██████▊   | 82/120 [18:20<08:30,  0.07it/s, v_num=6, train_loss_step=0.434, val_loss=0.848, val_mean_auc=0.687, val_mean_ap=0.374, val_accuracy=0.652, val_f1=0.452, train_loss_epoch=0.839]
Epoch 11:  68%|██████▊   | 82/120 [18:21<08:30,  0.07it/s, v_num=6, train_loss_step=1.060, val_loss=0.848, val_mean_auc=0.687, val_mean_ap=0.374, val_accuracy=0.652, val_f1=0.452, train_loss_epoch=0.839]
Epoch 11:  69%|██████▉   | 83/120 [18:55<08:26,  0.07it/s, v_num=6, train_loss_step=1.060, val_loss=0.848, val_mean_auc=0.687, val_mean_ap=0.374, val_accuracy=0.652, val_f1=0.452, train_loss_epoch=0.839]
Epoch 11:  69%|██████▉   | 83/120 [18:55<08:26,  0.07it/s, v_num=6, train_loss_step=0.663, val_loss=0.848, val_mean_auc=0.687, val_mean_ap=0.374, val_accuracy=0.652, val_f1=0.452, train_loss_epoch=0.839]
Epoch 11:  70%|███████   | 84/120 [18:55<08:06,  0.07it/s, v_num=6, train_loss_step=0.663, val_loss=0.848, val_mean_auc=0.687, val_mean_ap=0.374, val_accuracy=0.652, val_f1=0.452, train_loss_epoch=0.839]
Epoch 11:  70%|███████   | 84/120 [18:56<08:06,  0.07it/s, v_num=6, train_loss_step=1.070, val_loss=0.848, val_mean_auc=0.687, val_mean_ap=0.374, val_accuracy=0.652, val_f1=0.452, train_loss_epoch=0.839]
Epoch 11:  71%|███████   | 85/120 [19:22<07:58,  0.07it/s, v_num=6, train_loss_step=1.070, val_loss=0.848, val_mean_auc=0.687, val_mean_ap=0.374, val_accuracy=0.652, val_f1=0.452, train_loss_epoch=0.839]
Epoch 11:  71%|███████   | 85/120 [19:22<07:58,  0.07it/s, v_num=6, train_loss_step=1.130, val_loss=0.848, val_mean_auc=0.687, val_mean_ap=0.374, val_accuracy=0.652, val_f1=0.452, train_loss_epoch=0.839]
Epoch 11:  72%|███████▏  | 86/120 [19:22<07:39,  0.07it/s, v_num=6, train_loss_step=1.130, val_loss=0.848, val_mean_auc=0.687, val_mean_ap=0.374, val_accuracy=0.652, val_f1=0.452, train_loss_epoch=0.839]
Epoch 11:  72%|███████▏  | 86/120 [19:23<07:39,  0.07it/s, v_num=6, train_loss_step=0.858, val_loss=0.848, val_mean_auc=0.687, val_mean_ap=0.374, val_accuracy=0.652, val_f1=0.452, train_loss_epoch=0.839]
Epoch 11:  72%|███████▎  | 87/120 [19:53<07:32,  0.07it/s, v_num=6, train_loss_step=0.858, val_loss=0.848, val_mean_auc=0.687, val_mean_ap=0.374, val_accuracy=0.652, val_f1=0.452, train_loss_epoch=0.839]
Epoch 11:  72%|███████▎  | 87/120 [19:53<07:32,  0.07it/s, v_num=6, train_loss_step=1.230, val_loss=0.848, val_mean_auc=0.687, val_mean_ap=0.374, val_accuracy=0.652, val_f1=0.452, train_loss_epoch=0.839]
Epoch 11:  73%|███████▎  | 88/120 [19:53<07:14,  0.07it/s, v_num=6, train_loss_step=1.230, val_loss=0.848, val_mean_auc=0.687, val_mean_ap=0.374, val_accuracy=0.652, val_f1=0.452, train_loss_epoch=0.839]
Epoch 11:  73%|███████▎  | 88/120 [19:54<07:14,  0.07it/s, v_num=6, train_loss_step=0.786, val_loss=0.848, val_mean_auc=0.687, val_mean_ap=0.374, val_accuracy=0.652, val_f1=0.452, train_loss_epoch=0.839]
Epoch 11:  74%|███████▍  | 89/120 [20:18<07:04,  0.07it/s, v_num=6, train_loss_step=0.786, val_loss=0.848, val_mean_auc=0.687, val_mean_ap=0.374, val_accuracy=0.652, val_f1=0.452, train_loss_epoch=0.839]
Epoch 11:  74%|███████▍  | 89/120 [20:19<07:04,  0.07it/s, v_num=6, train_loss_step=0.578, val_loss=0.848, val_mean_auc=0.687, val_mean_ap=0.374, val_accuracy=0.652, val_f1=0.452, train_loss_epoch=0.839]
Epoch 11:  75%|███████▌  | 90/120 [20:19<06:46,  0.07it/s, v_num=6, train_loss_step=0.578, val_loss=0.848, val_mean_auc=0.687, val_mean_ap=0.374, val_accuracy=0.652, val_f1=0.452, train_loss_epoch=0.839]
Epoch 11:  75%|███████▌  | 90/120 [20:19<06:46,  0.07it/s, v_num=6, train_loss_step=0.690, val_loss=0.848, val_mean_auc=0.687, val_mean_ap=0.374, val_accuracy=0.652, val_f1=0.452, train_loss_epoch=0.839]
Epoch 11:  76%|███████▌  | 91/120 [20:48<06:37,  0.07it/s, v_num=6, train_loss_step=0.690, val_loss=0.848, val_mean_auc=0.687, val_mean_ap=0.374, val_accuracy=0.652, val_f1=0.452, train_loss_epoch=0.839]
Epoch 11:  76%|███████▌  | 91/120 [20:48<06:37,  0.07it/s, v_num=6, train_loss_step=0.951, val_loss=0.848, val_mean_auc=0.687, val_mean_ap=0.374, val_accuracy=0.652, val_f1=0.452, train_loss_epoch=0.839]
Epoch 11:  77%|███████▋  | 92/120 [20:48<06:20,  0.07it/s, v_num=6, train_loss_step=0.951, val_loss=0.848, val_mean_auc=0.687, val_mean_ap=0.374, val_accuracy=0.652, val_f1=0.452, train_loss_epoch=0.839]
Epoch 11:  77%|███████▋  | 92/120 [20:49<06:20,  0.07it/s, v_num=6, train_loss_step=0.716, val_loss=0.848, val_mean_auc=0.687, val_mean_ap=0.374, val_accuracy=0.652, val_f1=0.452, train_loss_epoch=0.839]
Epoch 11:  78%|███████▊  | 93/120 [21:21<06:11,  0.07it/s, v_num=6, train_loss_step=0.716, val_loss=0.848, val_mean_auc=0.687, val_mean_ap=0.374, val_accuracy=0.652, val_f1=0.452, train_loss_epoch=0.839]
Epoch 11:  78%|███████▊  | 93/120 [21:21<06:12,  0.07it/s, v_num=6, train_loss_step=0.824, val_loss=0.848, val_mean_auc=0.687, val_mean_ap=0.374, val_accuracy=0.652, val_f1=0.452, train_loss_epoch=0.839]
Epoch 11:  78%|███████▊  | 94/120 [21:21<05:54,  0.07it/s, v_num=6, train_loss_step=0.824, val_loss=0.848, val_mean_auc=0.687, val_mean_ap=0.374, val_accuracy=0.652, val_f1=0.452, train_loss_epoch=0.839]
Epoch 11:  78%|███████▊  | 94/120 [21:21<05:54,  0.07it/s, v_num=6, train_loss_step=0.802, val_loss=0.848, val_mean_auc=0.687, val_mean_ap=0.374, val_accuracy=0.652, val_f1=0.452, train_loss_epoch=0.839]
Epoch 11:  79%|███████▉  | 95/120 [21:45<05:43,  0.07it/s, v_num=6, train_loss_step=0.802, val_loss=0.848, val_mean_auc=0.687, val_mean_ap=0.374, val_accuracy=0.652, val_f1=0.452, train_loss_epoch=0.839]
Epoch 11:  79%|███████▉  | 95/120 [21:45<05:43,  0.07it/s, v_num=6, train_loss_step=1.420, val_loss=0.848, val_mean_auc=0.687, val_mean_ap=0.374, val_accuracy=0.652, val_f1=0.452, train_loss_epoch=0.839]
Epoch 11:  80%|████████  | 96/120 [21:45<05:26,  0.07it/s, v_num=6, train_loss_step=1.420, val_loss=0.848, val_mean_auc=0.687, val_mean_ap=0.374, val_accuracy=0.652, val_f1=0.452, train_loss_epoch=0.839]
Epoch 11:  80%|████████  | 96/120 [21:46<05:26,  0.07it/s, v_num=6, train_loss_step=0.878, val_loss=0.848, val_mean_auc=0.687, val_mean_ap=0.374, val_accuracy=0.652, val_f1=0.452, train_loss_epoch=0.839]
Epoch 11:  81%|████████  | 97/120 [22:12<05:16,  0.07it/s, v_num=6, train_loss_step=0.878, val_loss=0.848, val_mean_auc=0.687, val_mean_ap=0.374, val_accuracy=0.652, val_f1=0.452, train_loss_epoch=0.839]
Epoch 11:  81%|████████  | 97/120 [22:13<05:16,  0.07it/s, v_num=6, train_loss_step=0.851, val_loss=0.848, val_mean_auc=0.687, val_mean_ap=0.374, val_accuracy=0.652, val_f1=0.452, train_loss_epoch=0.839]
Epoch 11:  82%|████████▏ | 98/120 [22:13<04:59,  0.07it/s, v_num=6, train_loss_step=0.851, val_loss=0.848, val_mean_auc=0.687, val_mean_ap=0.374, val_accuracy=0.652, val_f1=0.452, train_loss_epoch=0.839]
Epoch 11:  82%|████████▏ | 98/120 [22:13<04:59,  0.07it/s, v_num=6, train_loss_step=0.473, val_loss=0.848, val_mean_auc=0.687, val_mean_ap=0.374, val_accuracy=0.652, val_f1=0.452, train_loss_epoch=0.839]
Epoch 11:  82%|████████▎ | 99/120 [22:37<04:48,  0.07it/s, v_num=6, train_loss_step=0.473, val_loss=0.848, val_mean_auc=0.687, val_mean_ap=0.374, val_accuracy=0.652, val_f1=0.452, train_loss_epoch=0.839]
Epoch 11:  82%|████████▎ | 99/120 [22:38<04:48,  0.07it/s, v_num=6, train_loss_step=0.943, val_loss=0.848, val_mean_auc=0.687, val_mean_ap=0.374, val_accuracy=0.652, val_f1=0.452, train_loss_epoch=0.839]
Epoch 11:  83%|████████▎ | 100/120 [22:38<04:31,  0.07it/s, v_num=6, train_loss_step=0.943, val_loss=0.848, val_mean_auc=0.687, val_mean_ap=0.374, val_accuracy=0.652, val_f1=0.452, train_loss_epoch=0.839]
Epoch 11:  83%|████████▎ | 100/120 [22:38<04:31,  0.07it/s, v_num=6, train_loss_step=0.757, val_loss=0.848, val_mean_auc=0.687, val_mean_ap=0.374, val_accuracy=0.652, val_f1=0.452, train_loss_epoch=0.839]
Epoch 11:  84%|████████▍ | 101/120 [23:03<04:20,  0.07it/s, v_num=6, train_loss_step=0.757, val_loss=0.848, val_mean_auc=0.687, val_mean_ap=0.374, val_accuracy=0.652, val_f1=0.452, train_loss_epoch=0.839]
Epoch 11:  84%|████████▍ | 101/120 [23:03<04:20,  0.07it/s, v_num=6, train_loss_step=0.776, val_loss=0.848, val_mean_auc=0.687, val_mean_ap=0.374, val_accuracy=0.652, val_f1=0.452, train_loss_epoch=0.839]
Epoch 11:  85%|████████▌ | 102/120 [23:03<04:04,  0.07it/s, v_num=6, train_loss_step=0.776, val_loss=0.848, val_mean_auc=0.687, val_mean_ap=0.374, val_accuracy=0.652, val_f1=0.452, train_loss_epoch=0.839]
Epoch 11:  85%|████████▌ | 102/120 [23:04<04:04,  0.07it/s, v_num=6, train_loss_step=0.647, val_loss=0.848, val_mean_auc=0.687, val_mean_ap=0.374, val_accuracy=0.652, val_f1=0.452, train_loss_epoch=0.839]
Epoch 11:  86%|████████▌ | 103/120 [23:27<03:52,  0.07it/s, v_num=6, train_loss_step=0.647, val_loss=0.848, val_mean_auc=0.687, val_mean_ap=0.374, val_accuracy=0.652, val_f1=0.452, train_loss_epoch=0.839]
Epoch 11:  86%|████████▌ | 103/120 [23:28<03:52,  0.07it/s, v_num=6, train_loss_step=0.768, val_loss=0.848, val_mean_auc=0.687, val_mean_ap=0.374, val_accuracy=0.652, val_f1=0.452, train_loss_epoch=0.839]
Epoch 11:  87%|████████▋ | 104/120 [23:28<03:36,  0.07it/s, v_num=6, train_loss_step=0.768, val_loss=0.848, val_mean_auc=0.687, val_mean_ap=0.374, val_accuracy=0.652, val_f1=0.452, train_loss_epoch=0.839]
Epoch 11:  87%|████████▋ | 104/120 [23:28<03:36,  0.07it/s, v_num=6, train_loss_step=0.823, val_loss=0.848, val_mean_auc=0.687, val_mean_ap=0.374, val_accuracy=0.652, val_f1=0.452, train_loss_epoch=0.839]
Epoch 11:  88%|████████▊ | 105/120 [23:52<03:24,  0.07it/s, v_num=6, train_loss_step=0.823, val_loss=0.848, val_mean_auc=0.687, val_mean_ap=0.374, val_accuracy=0.652, val_f1=0.452, train_loss_epoch=0.839]
Epoch 11:  88%|████████▊ | 105/120 [23:52<03:24,  0.07it/s, v_num=6, train_loss_step=0.986, val_loss=0.848, val_mean_auc=0.687, val_mean_ap=0.374, val_accuracy=0.652, val_f1=0.452, train_loss_epoch=0.839]
Epoch 11:  88%|████████▊ | 106/120 [23:52<03:09,  0.07it/s, v_num=6, train_loss_step=0.986, val_loss=0.848, val_mean_auc=0.687, val_mean_ap=0.374, val_accuracy=0.652, val_f1=0.452, train_loss_epoch=0.839]
Epoch 11:  88%|████████▊ | 106/120 [23:52<03:09,  0.07it/s, v_num=6, train_loss_step=0.604, val_loss=0.848, val_mean_auc=0.687, val_mean_ap=0.374, val_accuracy=0.652, val_f1=0.452, train_loss_epoch=0.839]
Epoch 11:  89%|████████▉ | 107/120 [24:19<02:57,  0.07it/s, v_num=6, train_loss_step=0.604, val_loss=0.848, val_mean_auc=0.687, val_mean_ap=0.374, val_accuracy=0.652, val_f1=0.452, train_loss_epoch=0.839]
Epoch 11:  89%|████████▉ | 107/120 [24:19<02:57,  0.07it/s, v_num=6, train_loss_step=0.801, val_loss=0.848, val_mean_auc=0.687, val_mean_ap=0.374, val_accuracy=0.652, val_f1=0.452, train_loss_epoch=0.839]
Epoch 11:  90%|█████████ | 108/120 [24:19<02:42,  0.07it/s, v_num=6, train_loss_step=0.801, val_loss=0.848, val_mean_auc=0.687, val_mean_ap=0.374, val_accuracy=0.652, val_f1=0.452, train_loss_epoch=0.839]
Epoch 11:  90%|█████████ | 108/120 [24:20<02:42,  0.07it/s, v_num=6, train_loss_step=0.728, val_loss=0.848, val_mean_auc=0.687, val_mean_ap=0.374, val_accuracy=0.652, val_f1=0.452, train_loss_epoch=0.839]
Epoch 11:  91%|█████████ | 109/120 [24:41<02:29,  0.07it/s, v_num=6, train_loss_step=0.728, val_loss=0.848, val_mean_auc=0.687, val_mean_ap=0.374, val_accuracy=0.652, val_f1=0.452, train_loss_epoch=0.839]
Epoch 11:  91%|█████████ | 109/120 [24:41<02:29,  0.07it/s, v_num=6, train_loss_step=0.905, val_loss=0.848, val_mean_auc=0.687, val_mean_ap=0.374, val_accuracy=0.652, val_f1=0.452, train_loss_epoch=0.839]
Epoch 11:  92%|█████████▏| 110/120 [24:41<02:14,  0.07it/s, v_num=6, train_loss_step=0.905, val_loss=0.848, val_mean_auc=0.687, val_mean_ap=0.374, val_accuracy=0.652, val_f1=0.452, train_loss_epoch=0.839]
Epoch 11:  92%|█████████▏| 110/120 [24:42<02:14,  0.07it/s, v_num=6, train_loss_step=0.785, val_loss=0.848, val_mean_auc=0.687, val_mean_ap=0.374, val_accuracy=0.652, val_f1=0.452, train_loss_epoch=0.839]
Epoch 11:  92%|█████████▎| 111/120 [25:10<02:02,  0.07it/s, v_num=6, train_loss_step=0.785, val_loss=0.848, val_mean_auc=0.687, val_mean_ap=0.374, val_accuracy=0.652, val_f1=0.452, train_loss_epoch=0.839]
Epoch 11:  92%|█████████▎| 111/120 [25:10<02:02,  0.07it/s, v_num=6, train_loss_step=1.060, val_loss=0.848, val_mean_auc=0.687, val_mean_ap=0.374, val_accuracy=0.652, val_f1=0.452, train_loss_epoch=0.839]
Epoch 11:  93%|█████████▎| 112/120 [25:10<01:47,  0.07it/s, v_num=6, train_loss_step=1.060, val_loss=0.848, val_mean_auc=0.687, val_mean_ap=0.374, val_accuracy=0.652, val_f1=0.452, train_loss_epoch=0.839]
Epoch 11:  93%|█████████▎| 112/120 [25:11<01:47,  0.07it/s, v_num=6, train_loss_step=0.684, val_loss=0.848, val_mean_auc=0.687, val_mean_ap=0.374, val_accuracy=0.652, val_f1=0.452, train_loss_epoch=0.839]
Epoch 11:  94%|█████████▍| 113/120 [25:41<01:35,  0.07it/s, v_num=6, train_loss_step=0.684, val_loss=0.848, val_mean_auc=0.687, val_mean_ap=0.374, val_accuracy=0.652, val_f1=0.452, train_loss_epoch=0.839]
Epoch 11:  94%|█████████▍| 113/120 [25:41<01:35,  0.07it/s, v_num=6, train_loss_step=0.904, val_loss=0.848, val_mean_auc=0.687, val_mean_ap=0.374, val_accuracy=0.652, val_f1=0.452, train_loss_epoch=0.839]
Epoch 11:  95%|█████████▌| 114/120 [25:41<01:21,  0.07it/s, v_num=6, train_loss_step=0.904, val_loss=0.848, val_mean_auc=0.687, val_mean_ap=0.374, val_accuracy=0.652, val_f1=0.452, train_loss_epoch=0.839]
Epoch 11:  95%|█████████▌| 114/120 [25:42<01:21,  0.07it/s, v_num=6, train_loss_step=0.956, val_loss=0.848, val_mean_auc=0.687, val_mean_ap=0.374, val_accuracy=0.652, val_f1=0.452, train_loss_epoch=0.839]
Epoch 11:  96%|█████████▌| 115/120 [26:10<01:08,  0.07it/s, v_num=6, train_loss_step=0.956, val_loss=0.848, val_mean_auc=0.687, val_mean_ap=0.374, val_accuracy=0.652, val_f1=0.452, train_loss_epoch=0.839]
Epoch 11:  96%|█████████▌| 115/120 [26:11<01:08,  0.07it/s, v_num=6, train_loss_step=0.702, val_loss=0.848, val_mean_auc=0.687, val_mean_ap=0.374, val_accuracy=0.652, val_f1=0.452, train_loss_epoch=0.839]
Epoch 11:  97%|█████████▋| 116/120 [26:11<00:54,  0.07it/s, v_num=6, train_loss_step=0.702, val_loss=0.848, val_mean_auc=0.687, val_mean_ap=0.374, val_accuracy=0.652, val_f1=0.452, train_loss_epoch=0.839]
Epoch 11:  97%|█████████▋| 116/120 [26:11<00:54,  0.07it/s, v_num=6, train_loss_step=0.746, val_loss=0.848, val_mean_auc=0.687, val_mean_ap=0.374, val_accuracy=0.652, val_f1=0.452, train_loss_epoch=0.839]
Epoch 11:  98%|█████████▊| 117/120 [26:37<00:40,  0.07it/s, v_num=6, train_loss_step=0.746, val_loss=0.848, val_mean_auc=0.687, val_mean_ap=0.374, val_accuracy=0.652, val_f1=0.452, train_loss_epoch=0.839]
Epoch 11:  98%|█████████▊| 117/120 [26:38<00:40,  0.07it/s, v_num=6, train_loss_step=0.554, val_loss=0.848, val_mean_auc=0.687, val_mean_ap=0.374, val_accuracy=0.652, val_f1=0.452, train_loss_epoch=0.839]
Epoch 11:  98%|█████████▊| 118/120 [26:38<00:27,  0.07it/s, v_num=6, train_loss_step=0.554, val_loss=0.848, val_mean_auc=0.687, val_mean_ap=0.374, val_accuracy=0.652, val_f1=0.452, train_loss_epoch=0.839]
Epoch 11:  98%|█████████▊| 118/120 [26:38<00:27,  0.07it/s, v_num=6, train_loss_step=0.542, val_loss=0.848, val_mean_auc=0.687, val_mean_ap=0.374, val_accuracy=0.652, val_f1=0.452, train_loss_epoch=0.839]
Epoch 11:  99%|█████████▉| 119/120 [27:11<00:13,  0.07it/s, v_num=6, train_loss_step=0.542, val_loss=0.848, val_mean_auc=0.687, val_mean_ap=0.374, val_accuracy=0.652, val_f1=0.452, train_loss_epoch=0.839]
Epoch 11:  99%|█████████▉| 119/120 [27:11<00:13,  0.07it/s, v_num=6, train_loss_step=0.493, val_loss=0.848, val_mean_auc=0.687, val_mean_ap=0.374, val_accuracy=0.652, val_f1=0.452, train_loss_epoch=0.839]
Epoch 11: 100%|██████████| 120/120 [27:11<00:00,  0.07it/s, v_num=6, train_loss_step=0.493, val_loss=0.848, val_mean_auc=0.687, val_mean_ap=0.374, val_accuracy=0.652, val_f1=0.452, train_loss_epoch=0.839]
Epoch 11: 100%|██████████| 120/120 [27:12<00:00,  0.07it/s, v_num=6, train_loss_step=0.800, val_loss=0.848, val_mean_auc=0.687, val_mean_ap=0.374, val_accuracy=0.652, val_f1=0.452, train_loss_epoch=0.839]

Validation: |          | 0/? [00:00<?, ?it/s][A

Validation: |          | 0/? [00:00<?, ?it/s][A

Validation DataLoader 0:   0%|          | 0/15 [00:00<?, ?it/s][A

Validation DataLoader 0:   7%|▋         | 1/15 [00:00<00:06,  2.05it/s][A

Validation DataLoader 0:  13%|█▎        | 2/15 [00:00<00:06,  2.08it/s][A

Validation DataLoader 0:  20%|██        | 3/15 [00:23<01:34,  0.13it/s][A

Validation DataLoader 0:  27%|██▋       | 4/15 [00:23<01:05,  0.17it/s][A

Validation DataLoader 0:  33%|███▎      | 5/15 [00:49<01:39,  0.10it/s][A

Validation DataLoader 0:  40%|████      | 6/15 [00:50<01:15,  0.12it/s][A

Validation DataLoader 0:  47%|████▋     | 7/15 [01:12<01:23,  0.10it/s][A

Validation DataLoader 0:  53%|█████▎    | 8/15 [01:13<01:04,  0.11it/s][A

Validation DataLoader 0:  60%|██████    | 9/15 [01:31<01:01,  0.10it/s][A

Validation DataLoader 0:  67%|██████▋   | 10/15 [01:32<00:46,  0.11it/s][A

Validation DataLoader 0:  73%|███████▎  | 11/15 [01:58<00:42,  0.09it/s][A

Validation DataLoader 0:  80%|████████  | 12/15 [01:58<00:29,  0.10it/s][A

Validation DataLoader 0:  87%|████████▋ | 13/15 [02:22<00:21,  0.09it/s][A

Validation DataLoader 0:  93%|█████████▎| 14/15 [02:23<00:10,  0.10it/s][A

Validation DataLoader 0: 100%|██████████| 15/15 [02:43<00:00,  0.09it/s][A

                                                                        [A
Epoch 11: 100%|██████████| 120/120 [30:24<00:00,  0.07it/s, v_num=6, train_loss_step=0.800, val_loss=0.861, val_mean_auc=0.685, val_mean_ap=0.375, val_accuracy=0.631, val_f1=0.453, train_loss_epoch=0.839]
Epoch 11: 100%|██████████| 120/120 [30:24<00:00,  0.07it/s, v_num=6, train_loss_step=0.800, val_loss=0.861, val_mean_auc=0.685, val_mean_ap=0.375, val_accuracy=0.631, val_f1=0.453, train_loss_epoch=0.843]
Epoch 11:   0%|          | 0/120 [00:00<?, ?it/s, v_num=6, train_loss_step=0.800, val_loss=0.861, val_mean_auc=0.685, val_mean_ap=0.375, val_accuracy=0.631, val_f1=0.453, train_loss_epoch=0.843]          
Epoch 12:   0%|          | 0/120 [00:00<?, ?it/s, v_num=6, train_loss_step=0.800, val_loss=0.861, val_mean_auc=0.685, val_mean_ap=0.375, val_accuracy=0.631, val_f1=0.453, train_loss_epoch=0.843]
Epoch 12:   1%|          | 1/120 [00:27<54:39,  0.04it/s, v_num=6, train_loss_step=0.800, val_loss=0.861, val_mean_auc=0.685, val_mean_ap=0.375, val_accuracy=0.631, val_f1=0.453, train_loss_epoch=0.843]
Epoch 12:   1%|          | 1/120 [00:28<55:32,  0.04it/s, v_num=6, train_loss_step=0.711, val_loss=0.861, val_mean_auc=0.685, val_mean_ap=0.375, val_accuracy=0.631, val_f1=0.453, train_loss_epoch=0.843]
Epoch 12:   2%|▏         | 2/120 [00:28<27:34,  0.07it/s, v_num=6, train_loss_step=0.711, val_loss=0.861, val_mean_auc=0.685, val_mean_ap=0.375, val_accuracy=0.631, val_f1=0.453, train_loss_epoch=0.843]
Epoch 12:   2%|▏         | 2/120 [00:28<28:00,  0.07it/s, v_num=6, train_loss_step=0.759, val_loss=0.861, val_mean_auc=0.685, val_mean_ap=0.375, val_accuracy=0.631, val_f1=0.453, train_loss_epoch=0.843]
Epoch 12:   2%|▎         | 3/120 [00:50<32:49,  0.06it/s, v_num=6, train_loss_step=0.759, val_loss=0.861, val_mean_auc=0.685, val_mean_ap=0.375, val_accuracy=0.631, val_f1=0.453, train_loss_epoch=0.843]
Epoch 12:   2%|▎         | 3/120 [00:50<33:06,  0.06it/s, v_num=6, train_loss_step=0.558, val_loss=0.861, val_mean_auc=0.685, val_mean_ap=0.375, val_accuracy=0.631, val_f1=0.453, train_loss_epoch=0.843]
Epoch 12:   3%|▎         | 4/120 [00:55<26:50,  0.07it/s, v_num=6, train_loss_step=0.558, val_loss=0.861, val_mean_auc=0.685, val_mean_ap=0.375, val_accuracy=0.631, val_f1=0.453, train_loss_epoch=0.843]
Epoch 12:   3%|▎         | 4/120 [00:55<27:03,  0.07it/s, v_num=6, train_loss_step=1.000, val_loss=0.861, val_mean_auc=0.685, val_mean_ap=0.375, val_accuracy=0.631, val_f1=0.453, train_loss_epoch=0.843]
Epoch 12:   4%|▍         | 5/120 [01:12<27:54,  0.07it/s, v_num=6, train_loss_step=1.000, val_loss=0.861, val_mean_auc=0.685, val_mean_ap=0.375, val_accuracy=0.631, val_f1=0.453, train_loss_epoch=0.843]
Epoch 12:   4%|▍         | 5/120 [01:13<28:04,  0.07it/s, v_num=6, train_loss_step=0.720, val_loss=0.861, val_mean_auc=0.685, val_mean_ap=0.375, val_accuracy=0.631, val_f1=0.453, train_loss_epoch=0.843]
Epoch 12:   5%|▌         | 6/120 [01:24<26:37,  0.07it/s, v_num=6, train_loss_step=0.720, val_loss=0.861, val_mean_auc=0.685, val_mean_ap=0.375, val_accuracy=0.631, val_f1=0.453, train_loss_epoch=0.843]
Epoch 12:   5%|▌         | 6/120 [01:24<26:46,  0.07it/s, v_num=6, train_loss_step=0.646, val_loss=0.861, val_mean_auc=0.685, val_mean_ap=0.375, val_accuracy=0.631, val_f1=0.453, train_loss_epoch=0.843]
Epoch 12:   6%|▌         | 7/120 [01:37<26:12,  0.07it/s, v_num=6, train_loss_step=0.646, val_loss=0.861, val_mean_auc=0.685, val_mean_ap=0.375, val_accuracy=0.631, val_f1=0.453, train_loss_epoch=0.843]
Epoch 12:   6%|▌         | 7/120 [01:37<26:19,  0.07it/s, v_num=6, train_loss_step=0.725, val_loss=0.861, val_mean_auc=0.685, val_mean_ap=0.375, val_accuracy=0.631, val_f1=0.453, train_loss_epoch=0.843]
Epoch 12:   7%|▋         | 8/120 [01:46<24:46,  0.08it/s, v_num=6, train_loss_step=0.725, val_loss=0.861, val_mean_auc=0.685, val_mean_ap=0.375, val_accuracy=0.631, val_f1=0.453, train_loss_epoch=0.843]
Epoch 12:   7%|▋         | 8/120 [01:46<24:53,  0.08it/s, v_num=6, train_loss_step=0.639, val_loss=0.861, val_mean_auc=0.685, val_mean_ap=0.375, val_accuracy=0.631, val_f1=0.453, train_loss_epoch=0.843]
Epoch 12:   8%|▊         | 9/120 [02:02<25:13,  0.07it/s, v_num=6, train_loss_step=0.639, val_loss=0.861, val_mean_auc=0.685, val_mean_ap=0.375, val_accuracy=0.631, val_f1=0.453, train_loss_epoch=0.843]
Epoch 12:   8%|▊         | 9/120 [02:03<25:18,  0.07it/s, v_num=6, train_loss_step=0.777, val_loss=0.861, val_mean_auc=0.685, val_mean_ap=0.375, val_accuracy=0.631, val_f1=0.453, train_loss_epoch=0.843]
Epoch 12:   8%|▊         | 10/120 [02:11<24:01,  0.08it/s, v_num=6, train_loss_step=0.777, val_loss=0.861, val_mean_auc=0.685, val_mean_ap=0.375, val_accuracy=0.631, val_f1=0.453, train_loss_epoch=0.843]
Epoch 12:   8%|▊         | 10/120 [02:11<24:05,  0.08it/s, v_num=6, train_loss_step=0.782, val_loss=0.861, val_mean_auc=0.685, val_mean_ap=0.375, val_accuracy=0.631, val_f1=0.453, train_loss_epoch=0.843]
Epoch 12:   9%|▉         | 11/120 [02:23<23:44,  0.08it/s, v_num=6, train_loss_step=0.782, val_loss=0.861, val_mean_auc=0.685, val_mean_ap=0.375, val_accuracy=0.631, val_f1=0.453, train_loss_epoch=0.843]
Epoch 12:   9%|▉         | 11/120 [02:24<23:48,  0.08it/s, v_num=6, train_loss_step=0.921, val_loss=0.861, val_mean_auc=0.685, val_mean_ap=0.375, val_accuracy=0.631, val_f1=0.453, train_loss_epoch=0.843]
Epoch 12:  10%|█         | 12/120 [02:40<24:01,  0.07it/s, v_num=6, train_loss_step=0.921, val_loss=0.861, val_mean_auc=0.685, val_mean_ap=0.375, val_accuracy=0.631, val_f1=0.453, train_loss_epoch=0.843]
Epoch 12:  10%|█         | 12/120 [02:40<24:05,  0.07it/s, v_num=6, train_loss_step=0.874, val_loss=0.861, val_mean_auc=0.685, val_mean_ap=0.375, val_accuracy=0.631, val_f1=0.453, train_loss_epoch=0.843]
Epoch 12:  11%|█         | 13/120 [02:46<22:51,  0.08it/s, v_num=6, train_loss_step=0.874, val_loss=0.861, val_mean_auc=0.685, val_mean_ap=0.375, val_accuracy=0.631, val_f1=0.453, train_loss_epoch=0.843]
Epoch 12:  11%|█         | 13/120 [02:47<22:54,  0.08it/s, v_num=6, train_loss_step=1.460, val_loss=0.861, val_mean_auc=0.685, val_mean_ap=0.375, val_accuracy=0.631, val_f1=0.453, train_loss_epoch=0.843]
Epoch 12:  12%|█▏        | 14/120 [03:04<23:14,  0.08it/s, v_num=6, train_loss_step=1.460, val_loss=0.861, val_mean_auc=0.685, val_mean_ap=0.375, val_accuracy=0.631, val_f1=0.453, train_loss_epoch=0.843]
Epoch 12:  12%|█▏        | 14/120 [03:04<23:17,  0.08it/s, v_num=6, train_loss_step=0.664, val_loss=0.861, val_mean_auc=0.685, val_mean_ap=0.375, val_accuracy=0.631, val_f1=0.453, train_loss_epoch=0.843]
Epoch 12:  12%|█▎        | 15/120 [03:11<22:18,  0.08it/s, v_num=6, train_loss_step=0.664, val_loss=0.861, val_mean_auc=0.685, val_mean_ap=0.375, val_accuracy=0.631, val_f1=0.453, train_loss_epoch=0.843]
Epoch 12:  12%|█▎        | 15/120 [03:11<22:21,  0.08it/s, v_num=6, train_loss_step=0.884, val_loss=0.861, val_mean_auc=0.685, val_mean_ap=0.375, val_accuracy=0.631, val_f1=0.453, train_loss_epoch=0.843]
Epoch 12:  13%|█▎        | 16/120 [03:29<22:44,  0.08it/s, v_num=6, train_loss_step=0.884, val_loss=0.861, val_mean_auc=0.685, val_mean_ap=0.375, val_accuracy=0.631, val_f1=0.453, train_loss_epoch=0.843]
Epoch 12:  13%|█▎        | 16/120 [03:30<22:47,  0.08it/s, v_num=6, train_loss_step=0.971, val_loss=0.861, val_mean_auc=0.685, val_mean_ap=0.375, val_accuracy=0.631, val_f1=0.453, train_loss_epoch=0.843]
Epoch 12:  14%|█▍        | 17/120 [03:40<22:16,  0.08it/s, v_num=6, train_loss_step=0.971, val_loss=0.861, val_mean_auc=0.685, val_mean_ap=0.375, val_accuracy=0.631, val_f1=0.453, train_loss_epoch=0.843]
Epoch 12:  14%|█▍        | 17/120 [03:41<22:19,  0.08it/s, v_num=6, train_loss_step=0.538, val_loss=0.861, val_mean_auc=0.685, val_mean_ap=0.375, val_accuracy=0.631, val_f1=0.453, train_loss_epoch=0.843]
Epoch 12:  15%|█▌        | 18/120 [03:50<21:46,  0.08it/s, v_num=6, train_loss_step=0.538, val_loss=0.861, val_mean_auc=0.685, val_mean_ap=0.375, val_accuracy=0.631, val_f1=0.453, train_loss_epoch=0.843]
Epoch 12:  15%|█▌        | 18/120 [03:51<21:49,  0.08it/s, v_num=6, train_loss_step=1.130, val_loss=0.861, val_mean_auc=0.685, val_mean_ap=0.375, val_accuracy=0.631, val_f1=0.453, train_loss_epoch=0.843]
Epoch 12:  16%|█▌        | 19/120 [04:08<22:03,  0.08it/s, v_num=6, train_loss_step=1.130, val_loss=0.861, val_mean_auc=0.685, val_mean_ap=0.375, val_accuracy=0.631, val_f1=0.453, train_loss_epoch=0.843]
Epoch 12:  16%|█▌        | 19/120 [04:09<22:05,  0.08it/s, v_num=6, train_loss_step=0.731, val_loss=0.861, val_mean_auc=0.685, val_mean_ap=0.375, val_accuracy=0.631, val_f1=0.453, train_loss_epoch=0.843]
Epoch 12:  17%|█▋        | 20/120 [04:14<21:14,  0.08it/s, v_num=6, train_loss_step=0.731, val_loss=0.861, val_mean_auc=0.685, val_mean_ap=0.375, val_accuracy=0.631, val_f1=0.453, train_loss_epoch=0.843]
Epoch 12:  17%|█▋        | 20/120 [04:15<21:16,  0.08it/s, v_num=6, train_loss_step=0.806, val_loss=0.861, val_mean_auc=0.685, val_mean_ap=0.375, val_accuracy=0.631, val_f1=0.453, train_loss_epoch=0.843]
Epoch 12:  18%|█▊        | 21/120 [04:39<21:58,  0.08it/s, v_num=6, train_loss_step=0.806, val_loss=0.861, val_mean_auc=0.685, val_mean_ap=0.375, val_accuracy=0.631, val_f1=0.453, train_loss_epoch=0.843]
Epoch 12:  18%|█▊        | 21/120 [04:40<22:00,  0.07it/s, v_num=6, train_loss_step=0.509, val_loss=0.861, val_mean_auc=0.685, val_mean_ap=0.375, val_accuracy=0.631, val_f1=0.453, train_loss_epoch=0.843]
Epoch 12:  18%|█▊        | 22/120 [04:40<20:47,  0.08it/s, v_num=6, train_loss_step=0.509, val_loss=0.861, val_mean_auc=0.685, val_mean_ap=0.375, val_accuracy=0.631, val_f1=0.453, train_loss_epoch=0.843]
Epoch 12:  18%|█▊        | 22/120 [04:40<20:49,  0.08it/s, v_num=6, train_loss_step=0.750, val_loss=0.861, val_mean_auc=0.685, val_mean_ap=0.375, val_accuracy=0.631, val_f1=0.453, train_loss_epoch=0.843]
Epoch 12:  19%|█▉        | 23/120 [05:07<21:37,  0.07it/s, v_num=6, train_loss_step=0.750, val_loss=0.861, val_mean_auc=0.685, val_mean_ap=0.375, val_accuracy=0.631, val_f1=0.453, train_loss_epoch=0.843]
Epoch 12:  19%|█▉        | 23/120 [05:08<21:38,  0.07it/s, v_num=6, train_loss_step=0.693, val_loss=0.861, val_mean_auc=0.685, val_mean_ap=0.375, val_accuracy=0.631, val_f1=0.453, train_loss_epoch=0.843]
Epoch 12:  20%|██        | 24/120 [05:08<20:32,  0.08it/s, v_num=6, train_loss_step=0.693, val_loss=0.861, val_mean_auc=0.685, val_mean_ap=0.375, val_accuracy=0.631, val_f1=0.453, train_loss_epoch=0.843]
Epoch 12:  20%|██        | 24/120 [05:08<20:33,  0.08it/s, v_num=6, train_loss_step=0.927, val_loss=0.861, val_mean_auc=0.685, val_mean_ap=0.375, val_accuracy=0.631, val_f1=0.453, train_loss_epoch=0.843]
Epoch 12:  21%|██        | 25/120 [05:26<20:42,  0.08it/s, v_num=6, train_loss_step=0.927, val_loss=0.861, val_mean_auc=0.685, val_mean_ap=0.375, val_accuracy=0.631, val_f1=0.453, train_loss_epoch=0.843]
Epoch 12:  21%|██        | 25/120 [05:27<20:44,  0.08it/s, v_num=6, train_loss_step=0.633, val_loss=0.861, val_mean_auc=0.685, val_mean_ap=0.375, val_accuracy=0.631, val_f1=0.453, train_loss_epoch=0.843]
Epoch 12:  22%|██▏       | 26/120 [05:27<19:43,  0.08it/s, v_num=6, train_loss_step=0.633, val_loss=0.861, val_mean_auc=0.685, val_mean_ap=0.375, val_accuracy=0.631, val_f1=0.453, train_loss_epoch=0.843]
Epoch 12:  22%|██▏       | 26/120 [05:27<19:45,  0.08it/s, v_num=6, train_loss_step=0.520, val_loss=0.861, val_mean_auc=0.685, val_mean_ap=0.375, val_accuracy=0.631, val_f1=0.453, train_loss_epoch=0.843]
Epoch 12:  22%|██▎       | 27/120 [05:53<20:17,  0.08it/s, v_num=6, train_loss_step=0.520, val_loss=0.861, val_mean_auc=0.685, val_mean_ap=0.375, val_accuracy=0.631, val_f1=0.453, train_loss_epoch=0.843]
Epoch 12:  22%|██▎       | 27/120 [05:53<20:19,  0.08it/s, v_num=6, train_loss_step=0.831, val_loss=0.861, val_mean_auc=0.685, val_mean_ap=0.375, val_accuracy=0.631, val_f1=0.453, train_loss_epoch=0.843]
Epoch 12:  23%|██▎       | 28/120 [05:54<19:23,  0.08it/s, v_num=6, train_loss_step=0.831, val_loss=0.861, val_mean_auc=0.685, val_mean_ap=0.375, val_accuracy=0.631, val_f1=0.453, train_loss_epoch=0.843]
Epoch 12:  23%|██▎       | 28/120 [05:54<19:24,  0.08it/s, v_num=6, train_loss_step=0.717, val_loss=0.861, val_mean_auc=0.685, val_mean_ap=0.375, val_accuracy=0.631, val_f1=0.453, train_loss_epoch=0.843]
Epoch 12:  24%|██▍       | 29/120 [06:18<19:47,  0.08it/s, v_num=6, train_loss_step=0.717, val_loss=0.861, val_mean_auc=0.685, val_mean_ap=0.375, val_accuracy=0.631, val_f1=0.453, train_loss_epoch=0.843]
Epoch 12:  24%|██▍       | 29/120 [06:18<19:48,  0.08it/s, v_num=6, train_loss_step=0.633, val_loss=0.861, val_mean_auc=0.685, val_mean_ap=0.375, val_accuracy=0.631, val_f1=0.453, train_loss_epoch=0.843]
Epoch 12:  25%|██▌       | 30/120 [06:18<18:56,  0.08it/s, v_num=6, train_loss_step=0.633, val_loss=0.861, val_mean_auc=0.685, val_mean_ap=0.375, val_accuracy=0.631, val_f1=0.453, train_loss_epoch=0.843]
Epoch 12:  25%|██▌       | 30/120 [06:19<18:57,  0.08it/s, v_num=6, train_loss_step=0.755, val_loss=0.861, val_mean_auc=0.685, val_mean_ap=0.375, val_accuracy=0.631, val_f1=0.453, train_loss_epoch=0.843]
Epoch 12:  26%|██▌       | 31/120 [06:46<19:26,  0.08it/s, v_num=6, train_loss_step=0.755, val_loss=0.861, val_mean_auc=0.685, val_mean_ap=0.375, val_accuracy=0.631, val_f1=0.453, train_loss_epoch=0.843]
Epoch 12:  26%|██▌       | 31/120 [06:46<19:27,  0.08it/s, v_num=6, train_loss_step=0.714, val_loss=0.861, val_mean_auc=0.685, val_mean_ap=0.375, val_accuracy=0.631, val_f1=0.453, train_loss_epoch=0.843]
Epoch 12:  27%|██▋       | 32/120 [06:46<18:38,  0.08it/s, v_num=6, train_loss_step=0.714, val_loss=0.861, val_mean_auc=0.685, val_mean_ap=0.375, val_accuracy=0.631, val_f1=0.453, train_loss_epoch=0.843]
Epoch 12:  27%|██▋       | 32/120 [06:47<18:39,  0.08it/s, v_num=6, train_loss_step=0.909, val_loss=0.861, val_mean_auc=0.685, val_mean_ap=0.375, val_accuracy=0.631, val_f1=0.453, train_loss_epoch=0.843]
Epoch 12:  28%|██▊       | 33/120 [07:08<18:50,  0.08it/s, v_num=6, train_loss_step=0.909, val_loss=0.861, val_mean_auc=0.685, val_mean_ap=0.375, val_accuracy=0.631, val_f1=0.453, train_loss_epoch=0.843]
Epoch 12:  28%|██▊       | 33/120 [07:09<18:51,  0.08it/s, v_num=6, train_loss_step=0.368, val_loss=0.861, val_mean_auc=0.685, val_mean_ap=0.375, val_accuracy=0.631, val_f1=0.453, train_loss_epoch=0.843]
Epoch 12:  28%|██▊       | 34/120 [07:09<18:05,  0.08it/s, v_num=6, train_loss_step=0.368, val_loss=0.861, val_mean_auc=0.685, val_mean_ap=0.375, val_accuracy=0.631, val_f1=0.453, train_loss_epoch=0.843]
Epoch 12:  28%|██▊       | 34/120 [07:09<18:06,  0.08it/s, v_num=6, train_loss_step=0.847, val_loss=0.861, val_mean_auc=0.685, val_mean_ap=0.375, val_accuracy=0.631, val_f1=0.453, train_loss_epoch=0.843]
Epoch 12:  29%|██▉       | 35/120 [07:40<18:38,  0.08it/s, v_num=6, train_loss_step=0.847, val_loss=0.861, val_mean_auc=0.685, val_mean_ap=0.375, val_accuracy=0.631, val_f1=0.453, train_loss_epoch=0.843]
Epoch 12:  29%|██▉       | 35/120 [07:41<18:39,  0.08it/s, v_num=6, train_loss_step=0.603, val_loss=0.861, val_mean_auc=0.685, val_mean_ap=0.375, val_accuracy=0.631, val_f1=0.453, train_loss_epoch=0.843]
Epoch 12:  30%|███       | 36/120 [07:41<17:56,  0.08it/s, v_num=6, train_loss_step=0.603, val_loss=0.861, val_mean_auc=0.685, val_mean_ap=0.375, val_accuracy=0.631, val_f1=0.453, train_loss_epoch=0.843]
Epoch 12:  30%|███       | 36/120 [07:41<17:57,  0.08it/s, v_num=6, train_loss_step=1.600, val_loss=0.861, val_mean_auc=0.685, val_mean_ap=0.375, val_accuracy=0.631, val_f1=0.453, train_loss_epoch=0.843]
Epoch 12:  31%|███       | 37/120 [08:04<18:07,  0.08it/s, v_num=6, train_loss_step=1.600, val_loss=0.861, val_mean_auc=0.685, val_mean_ap=0.375, val_accuracy=0.631, val_f1=0.453, train_loss_epoch=0.843]
Epoch 12:  31%|███       | 37/120 [08:05<18:08,  0.08it/s, v_num=6, train_loss_step=1.050, val_loss=0.861, val_mean_auc=0.685, val_mean_ap=0.375, val_accuracy=0.631, val_f1=0.453, train_loss_epoch=0.843]
Epoch 12:  32%|███▏      | 38/120 [08:05<17:27,  0.08it/s, v_num=6, train_loss_step=1.050, val_loss=0.861, val_mean_auc=0.685, val_mean_ap=0.375, val_accuracy=0.631, val_f1=0.453, train_loss_epoch=0.843]
Epoch 12:  32%|███▏      | 38/120 [08:05<17:28,  0.08it/s, v_num=6, train_loss_step=0.727, val_loss=0.861, val_mean_auc=0.685, val_mean_ap=0.375, val_accuracy=0.631, val_f1=0.453, train_loss_epoch=0.843]
Epoch 12:  32%|███▎      | 39/120 [08:31<17:41,  0.08it/s, v_num=6, train_loss_step=0.727, val_loss=0.861, val_mean_auc=0.685, val_mean_ap=0.375, val_accuracy=0.631, val_f1=0.453, train_loss_epoch=0.843]
Epoch 12:  32%|███▎      | 39/120 [08:31<17:42,  0.08it/s, v_num=6, train_loss_step=0.618, val_loss=0.861, val_mean_auc=0.685, val_mean_ap=0.375, val_accuracy=0.631, val_f1=0.453, train_loss_epoch=0.843]
Epoch 12:  33%|███▎      | 40/120 [08:31<17:03,  0.08it/s, v_num=6, train_loss_step=0.618, val_loss=0.861, val_mean_auc=0.685, val_mean_ap=0.375, val_accuracy=0.631, val_f1=0.453, train_loss_epoch=0.843]
Epoch 12:  33%|███▎      | 40/120 [08:32<17:04,  0.08it/s, v_num=6, train_loss_step=0.728, val_loss=0.861, val_mean_auc=0.685, val_mean_ap=0.375, val_accuracy=0.631, val_f1=0.453, train_loss_epoch=0.843]
Epoch 12:  34%|███▍      | 41/120 [08:56<17:14,  0.08it/s, v_num=6, train_loss_step=0.728, val_loss=0.861, val_mean_auc=0.685, val_mean_ap=0.375, val_accuracy=0.631, val_f1=0.453, train_loss_epoch=0.843]
Epoch 12:  34%|███▍      | 41/120 [08:57<17:15,  0.08it/s, v_num=6, train_loss_step=1.380, val_loss=0.861, val_mean_auc=0.685, val_mean_ap=0.375, val_accuracy=0.631, val_f1=0.453, train_loss_epoch=0.843]
Epoch 12:  35%|███▌      | 42/120 [08:57<16:37,  0.08it/s, v_num=6, train_loss_step=1.380, val_loss=0.861, val_mean_auc=0.685, val_mean_ap=0.375, val_accuracy=0.631, val_f1=0.453, train_loss_epoch=0.843]
Epoch 12:  35%|███▌      | 42/120 [08:57<16:38,  0.08it/s, v_num=6, train_loss_step=0.738, val_loss=0.861, val_mean_auc=0.685, val_mean_ap=0.375, val_accuracy=0.631, val_f1=0.453, train_loss_epoch=0.843]
Epoch 12:  36%|███▌      | 43/120 [09:23<16:49,  0.08it/s, v_num=6, train_loss_step=0.738, val_loss=0.861, val_mean_auc=0.685, val_mean_ap=0.375, val_accuracy=0.631, val_f1=0.453, train_loss_epoch=0.843]
Epoch 12:  36%|███▌      | 43/120 [09:24<16:50,  0.08it/s, v_num=6, train_loss_step=0.740, val_loss=0.861, val_mean_auc=0.685, val_mean_ap=0.375, val_accuracy=0.631, val_f1=0.453, train_loss_epoch=0.843]
Epoch 12:  37%|███▋      | 44/120 [09:24<16:14,  0.08it/s, v_num=6, train_loss_step=0.740, val_loss=0.861, val_mean_auc=0.685, val_mean_ap=0.375, val_accuracy=0.631, val_f1=0.453, train_loss_epoch=0.843]
Epoch 12:  37%|███▋      | 44/120 [09:24<16:15,  0.08it/s, v_num=6, train_loss_step=0.832, val_loss=0.861, val_mean_auc=0.685, val_mean_ap=0.375, val_accuracy=0.631, val_f1=0.453, train_loss_epoch=0.843]
Epoch 12:  38%|███▊      | 45/120 [09:47<16:18,  0.08it/s, v_num=6, train_loss_step=0.832, val_loss=0.861, val_mean_auc=0.685, val_mean_ap=0.375, val_accuracy=0.631, val_f1=0.453, train_loss_epoch=0.843]
Epoch 12:  38%|███▊      | 45/120 [09:47<16:19,  0.08it/s, v_num=6, train_loss_step=0.487, val_loss=0.861, val_mean_auc=0.685, val_mean_ap=0.375, val_accuracy=0.631, val_f1=0.453, train_loss_epoch=0.843]
Epoch 12:  38%|███▊      | 46/120 [09:47<15:45,  0.08it/s, v_num=6, train_loss_step=0.487, val_loss=0.861, val_mean_auc=0.685, val_mean_ap=0.375, val_accuracy=0.631, val_f1=0.453, train_loss_epoch=0.843]
Epoch 12:  38%|███▊      | 46/120 [09:48<15:46,  0.08it/s, v_num=6, train_loss_step=0.747, val_loss=0.861, val_mean_auc=0.685, val_mean_ap=0.375, val_accuracy=0.631, val_f1=0.453, train_loss_epoch=0.843]
Epoch 12:  39%|███▉      | 47/120 [10:13<15:52,  0.08it/s, v_num=6, train_loss_step=0.747, val_loss=0.861, val_mean_auc=0.685, val_mean_ap=0.375, val_accuracy=0.631, val_f1=0.453, train_loss_epoch=0.843]
Epoch 12:  39%|███▉      | 47/120 [10:13<15:53,  0.08it/s, v_num=6, train_loss_step=0.831, val_loss=0.861, val_mean_auc=0.685, val_mean_ap=0.375, val_accuracy=0.631, val_f1=0.453, train_loss_epoch=0.843]
Epoch 12:  40%|████      | 48/120 [10:13<15:20,  0.08it/s, v_num=6, train_loss_step=0.831, val_loss=0.861, val_mean_auc=0.685, val_mean_ap=0.375, val_accuracy=0.631, val_f1=0.453, train_loss_epoch=0.843]
Epoch 12:  40%|████      | 48/120 [10:14<15:21,  0.08it/s, v_num=6, train_loss_step=1.240, val_loss=0.861, val_mean_auc=0.685, val_mean_ap=0.375, val_accuracy=0.631, val_f1=0.453, train_loss_epoch=0.843]
Epoch 12:  41%|████      | 49/120 [10:37<15:24,  0.08it/s, v_num=6, train_loss_step=1.240, val_loss=0.861, val_mean_auc=0.685, val_mean_ap=0.375, val_accuracy=0.631, val_f1=0.453, train_loss_epoch=0.843]
Epoch 12:  41%|████      | 49/120 [10:38<15:24,  0.08it/s, v_num=6, train_loss_step=0.814, val_loss=0.861, val_mean_auc=0.685, val_mean_ap=0.375, val_accuracy=0.631, val_f1=0.453, train_loss_epoch=0.843]
Epoch 12:  42%|████▏     | 50/120 [10:38<14:53,  0.08it/s, v_num=6, train_loss_step=0.814, val_loss=0.861, val_mean_auc=0.685, val_mean_ap=0.375, val_accuracy=0.631, val_f1=0.453, train_loss_epoch=0.843]
Epoch 12:  42%|████▏     | 50/120 [10:38<14:54,  0.08it/s, v_num=6, train_loss_step=0.985, val_loss=0.861, val_mean_auc=0.685, val_mean_ap=0.375, val_accuracy=0.631, val_f1=0.453, train_loss_epoch=0.843]
Epoch 12:  42%|████▎     | 51/120 [11:09<15:05,  0.08it/s, v_num=6, train_loss_step=0.985, val_loss=0.861, val_mean_auc=0.685, val_mean_ap=0.375, val_accuracy=0.631, val_f1=0.453, train_loss_epoch=0.843]
Epoch 12:  42%|████▎     | 51/120 [11:09<15:06,  0.08it/s, v_num=6, train_loss_step=0.781, val_loss=0.861, val_mean_auc=0.685, val_mean_ap=0.375, val_accuracy=0.631, val_f1=0.453, train_loss_epoch=0.843]
Epoch 12:  43%|████▎     | 52/120 [11:09<14:35,  0.08it/s, v_num=6, train_loss_step=0.781, val_loss=0.861, val_mean_auc=0.685, val_mean_ap=0.375, val_accuracy=0.631, val_f1=0.453, train_loss_epoch=0.843]
Epoch 12:  43%|████▎     | 52/120 [11:10<14:36,  0.08it/s, v_num=6, train_loss_step=0.984, val_loss=0.861, val_mean_auc=0.685, val_mean_ap=0.375, val_accuracy=0.631, val_f1=0.453, train_loss_epoch=0.843]
Epoch 12:  44%|████▍     | 53/120 [11:38<14:42,  0.08it/s, v_num=6, train_loss_step=0.984, val_loss=0.861, val_mean_auc=0.685, val_mean_ap=0.375, val_accuracy=0.631, val_f1=0.453, train_loss_epoch=0.843]
Epoch 12:  44%|████▍     | 53/120 [11:38<14:43,  0.08it/s, v_num=6, train_loss_step=1.220, val_loss=0.861, val_mean_auc=0.685, val_mean_ap=0.375, val_accuracy=0.631, val_f1=0.453, train_loss_epoch=0.843]
Epoch 12:  45%|████▌     | 54/120 [11:38<14:13,  0.08it/s, v_num=6, train_loss_step=1.220, val_loss=0.861, val_mean_auc=0.685, val_mean_ap=0.375, val_accuracy=0.631, val_f1=0.453, train_loss_epoch=0.843]
Epoch 12:  45%|████▌     | 54/120 [11:39<14:14,  0.08it/s, v_num=6, train_loss_step=0.941, val_loss=0.861, val_mean_auc=0.685, val_mean_ap=0.375, val_accuracy=0.631, val_f1=0.453, train_loss_epoch=0.843]
Epoch 12:  46%|████▌     | 55/120 [12:04<14:16,  0.08it/s, v_num=6, train_loss_step=0.941, val_loss=0.861, val_mean_auc=0.685, val_mean_ap=0.375, val_accuracy=0.631, val_f1=0.453, train_loss_epoch=0.843]
Epoch 12:  46%|████▌     | 55/120 [12:05<14:17,  0.08it/s, v_num=6, train_loss_step=1.200, val_loss=0.861, val_mean_auc=0.685, val_mean_ap=0.375, val_accuracy=0.631, val_f1=0.453, train_loss_epoch=0.843]
Epoch 12:  47%|████▋     | 56/120 [12:05<13:48,  0.08it/s, v_num=6, train_loss_step=1.200, val_loss=0.861, val_mean_auc=0.685, val_mean_ap=0.375, val_accuracy=0.631, val_f1=0.453, train_loss_epoch=0.843]
Epoch 12:  47%|████▋     | 56/120 [12:05<13:49,  0.08it/s, v_num=6, train_loss_step=0.957, val_loss=0.861, val_mean_auc=0.685, val_mean_ap=0.375, val_accuracy=0.631, val_f1=0.453, train_loss_epoch=0.843]
Epoch 12:  48%|████▊     | 57/120 [12:35<13:54,  0.08it/s, v_num=6, train_loss_step=0.957, val_loss=0.861, val_mean_auc=0.685, val_mean_ap=0.375, val_accuracy=0.631, val_f1=0.453, train_loss_epoch=0.843]
Epoch 12:  48%|████▊     | 57/120 [12:35<13:55,  0.08it/s, v_num=6, train_loss_step=0.826, val_loss=0.861, val_mean_auc=0.685, val_mean_ap=0.375, val_accuracy=0.631, val_f1=0.453, train_loss_epoch=0.843]
Epoch 12:  48%|████▊     | 58/120 [12:35<13:28,  0.08it/s, v_num=6, train_loss_step=0.826, val_loss=0.861, val_mean_auc=0.685, val_mean_ap=0.375, val_accuracy=0.631, val_f1=0.453, train_loss_epoch=0.843]
Epoch 12:  48%|████▊     | 58/120 [12:36<13:28,  0.08it/s, v_num=6, train_loss_step=1.060, val_loss=0.861, val_mean_auc=0.685, val_mean_ap=0.375, val_accuracy=0.631, val_f1=0.453, train_loss_epoch=0.843]
Epoch 12:  49%|████▉     | 59/120 [13:05<13:31,  0.08it/s, v_num=6, train_loss_step=1.060, val_loss=0.861, val_mean_auc=0.685, val_mean_ap=0.375, val_accuracy=0.631, val_f1=0.453, train_loss_epoch=0.843]
Epoch 12:  49%|████▉     | 59/120 [13:05<13:32,  0.08it/s, v_num=6, train_loss_step=0.793, val_loss=0.861, val_mean_auc=0.685, val_mean_ap=0.375, val_accuracy=0.631, val_f1=0.453, train_loss_epoch=0.843]
Epoch 12:  50%|█████     | 60/120 [13:05<13:05,  0.08it/s, v_num=6, train_loss_step=0.793, val_loss=0.861, val_mean_auc=0.685, val_mean_ap=0.375, val_accuracy=0.631, val_f1=0.453, train_loss_epoch=0.843]
Epoch 12:  50%|█████     | 60/120 [13:06<13:06,  0.08it/s, v_num=6, train_loss_step=1.420, val_loss=0.861, val_mean_auc=0.685, val_mean_ap=0.375, val_accuracy=0.631, val_f1=0.453, train_loss_epoch=0.843]
Epoch 12:  51%|█████     | 61/120 [13:25<12:59,  0.08it/s, v_num=6, train_loss_step=1.420, val_loss=0.861, val_mean_auc=0.685, val_mean_ap=0.375, val_accuracy=0.631, val_f1=0.453, train_loss_epoch=0.843]
Epoch 12:  51%|█████     | 61/120 [13:26<12:59,  0.08it/s, v_num=6, train_loss_step=0.780, val_loss=0.861, val_mean_auc=0.685, val_mean_ap=0.375, val_accuracy=0.631, val_f1=0.453, train_loss_epoch=0.843]
Epoch 12:  52%|█████▏    | 62/120 [13:26<12:34,  0.08it/s, v_num=6, train_loss_step=0.780, val_loss=0.861, val_mean_auc=0.685, val_mean_ap=0.375, val_accuracy=0.631, val_f1=0.453, train_loss_epoch=0.843]
Epoch 12:  52%|█████▏    | 62/120 [13:26<12:34,  0.08it/s, v_num=6, train_loss_step=0.867, val_loss=0.861, val_mean_auc=0.685, val_mean_ap=0.375, val_accuracy=0.631, val_f1=0.453, train_loss_epoch=0.843]
Epoch 12:  52%|█████▎    | 63/120 [13:59<12:39,  0.08it/s, v_num=6, train_loss_step=0.867, val_loss=0.861, val_mean_auc=0.685, val_mean_ap=0.375, val_accuracy=0.631, val_f1=0.453, train_loss_epoch=0.843]
Epoch 12:  52%|█████▎    | 63/120 [13:59<12:39,  0.08it/s, v_num=6, train_loss_step=0.817, val_loss=0.861, val_mean_auc=0.685, val_mean_ap=0.375, val_accuracy=0.631, val_f1=0.453, train_loss_epoch=0.843]
Epoch 12:  53%|█████▎    | 64/120 [13:59<12:14,  0.08it/s, v_num=6, train_loss_step=0.817, val_loss=0.861, val_mean_auc=0.685, val_mean_ap=0.375, val_accuracy=0.631, val_f1=0.453, train_loss_epoch=0.843]
Epoch 12:  53%|█████▎    | 64/120 [14:00<12:15,  0.08it/s, v_num=6, train_loss_step=0.689, val_loss=0.861, val_mean_auc=0.685, val_mean_ap=0.375, val_accuracy=0.631, val_f1=0.453, train_loss_epoch=0.843]
Epoch 12:  54%|█████▍    | 65/120 [14:33<12:19,  0.07it/s, v_num=6, train_loss_step=0.689, val_loss=0.861, val_mean_auc=0.685, val_mean_ap=0.375, val_accuracy=0.631, val_f1=0.453, train_loss_epoch=0.843]
Epoch 12:  54%|█████▍    | 65/120 [14:33<12:19,  0.07it/s, v_num=6, train_loss_step=0.793, val_loss=0.861, val_mean_auc=0.685, val_mean_ap=0.375, val_accuracy=0.631, val_f1=0.453, train_loss_epoch=0.843]
Epoch 12:  55%|█████▌    | 66/120 [14:33<11:54,  0.08it/s, v_num=6, train_loss_step=0.793, val_loss=0.861, val_mean_auc=0.685, val_mean_ap=0.375, val_accuracy=0.631, val_f1=0.453, train_loss_epoch=0.843]
Epoch 12:  55%|█████▌    | 66/120 [14:34<11:55,  0.08it/s, v_num=6, train_loss_step=0.653, val_loss=0.861, val_mean_auc=0.685, val_mean_ap=0.375, val_accuracy=0.631, val_f1=0.453, train_loss_epoch=0.843]
Epoch 12:  56%|█████▌    | 67/120 [15:03<11:54,  0.07it/s, v_num=6, train_loss_step=0.653, val_loss=0.861, val_mean_auc=0.685, val_mean_ap=0.375, val_accuracy=0.631, val_f1=0.453, train_loss_epoch=0.843]
Epoch 12:  56%|█████▌    | 67/120 [15:03<11:54,  0.07it/s, v_num=6, train_loss_step=0.621, val_loss=0.861, val_mean_auc=0.685, val_mean_ap=0.375, val_accuracy=0.631, val_f1=0.453, train_loss_epoch=0.843]
Epoch 12:  57%|█████▋    | 68/120 [15:03<11:31,  0.08it/s, v_num=6, train_loss_step=0.621, val_loss=0.861, val_mean_auc=0.685, val_mean_ap=0.375, val_accuracy=0.631, val_f1=0.453, train_loss_epoch=0.843]
Epoch 12:  57%|█████▋    | 68/120 [15:04<11:31,  0.08it/s, v_num=6, train_loss_step=0.688, val_loss=0.861, val_mean_auc=0.685, val_mean_ap=0.375, val_accuracy=0.631, val_f1=0.453, train_loss_epoch=0.843]
Epoch 12:  57%|█████▊    | 69/120 [15:29<11:27,  0.07it/s, v_num=6, train_loss_step=0.688, val_loss=0.861, val_mean_auc=0.685, val_mean_ap=0.375, val_accuracy=0.631, val_f1=0.453, train_loss_epoch=0.843]
Epoch 12:  57%|█████▊    | 69/120 [15:30<11:27,  0.07it/s, v_num=6, train_loss_step=0.516, val_loss=0.861, val_mean_auc=0.685, val_mean_ap=0.375, val_accuracy=0.631, val_f1=0.453, train_loss_epoch=0.843]
Epoch 12:  58%|█████▊    | 70/120 [15:30<11:04,  0.08it/s, v_num=6, train_loss_step=0.516, val_loss=0.861, val_mean_auc=0.685, val_mean_ap=0.375, val_accuracy=0.631, val_f1=0.453, train_loss_epoch=0.843]
Epoch 12:  58%|█████▊    | 70/120 [15:30<11:04,  0.08it/s, v_num=6, train_loss_step=0.774, val_loss=0.861, val_mean_auc=0.685, val_mean_ap=0.375, val_accuracy=0.631, val_f1=0.453, train_loss_epoch=0.843]
Epoch 12:  59%|█████▉    | 71/120 [16:01<11:03,  0.07it/s, v_num=6, train_loss_step=0.774, val_loss=0.861, val_mean_auc=0.685, val_mean_ap=0.375, val_accuracy=0.631, val_f1=0.453, train_loss_epoch=0.843]
Epoch 12:  59%|█████▉    | 71/120 [16:01<11:03,  0.07it/s, v_num=6, train_loss_step=0.724, val_loss=0.861, val_mean_auc=0.685, val_mean_ap=0.375, val_accuracy=0.631, val_f1=0.453, train_loss_epoch=0.843]
Epoch 12:  60%|██████    | 72/120 [16:01<10:41,  0.07it/s, v_num=6, train_loss_step=0.724, val_loss=0.861, val_mean_auc=0.685, val_mean_ap=0.375, val_accuracy=0.631, val_f1=0.453, train_loss_epoch=0.843]
Epoch 12:  60%|██████    | 72/120 [16:02<10:41,  0.07it/s, v_num=6, train_loss_step=0.600, val_loss=0.861, val_mean_auc=0.685, val_mean_ap=0.375, val_accuracy=0.631, val_f1=0.453, train_loss_epoch=0.843]
Epoch 12:  61%|██████    | 73/120 [16:21<10:32,  0.07it/s, v_num=6, train_loss_step=0.600, val_loss=0.861, val_mean_auc=0.685, val_mean_ap=0.375, val_accuracy=0.631, val_f1=0.453, train_loss_epoch=0.843]
Epoch 12:  61%|██████    | 73/120 [16:22<10:32,  0.07it/s, v_num=6, train_loss_step=0.943, val_loss=0.861, val_mean_auc=0.685, val_mean_ap=0.375, val_accuracy=0.631, val_f1=0.453, train_loss_epoch=0.843]
Epoch 12:  62%|██████▏   | 74/120 [16:22<10:10,  0.08it/s, v_num=6, train_loss_step=0.943, val_loss=0.861, val_mean_auc=0.685, val_mean_ap=0.375, val_accuracy=0.631, val_f1=0.453, train_loss_epoch=0.843]
Epoch 12:  62%|██████▏   | 74/120 [16:22<10:10,  0.08it/s, v_num=6, train_loss_step=0.667, val_loss=0.861, val_mean_auc=0.685, val_mean_ap=0.375, val_accuracy=0.631, val_f1=0.453, train_loss_epoch=0.843]
Epoch 12:  62%|██████▎   | 75/120 [16:49<10:05,  0.07it/s, v_num=6, train_loss_step=0.667, val_loss=0.861, val_mean_auc=0.685, val_mean_ap=0.375, val_accuracy=0.631, val_f1=0.453, train_loss_epoch=0.843]
Epoch 12:  62%|██████▎   | 75/120 [16:50<10:06,  0.07it/s, v_num=6, train_loss_step=0.760, val_loss=0.861, val_mean_auc=0.685, val_mean_ap=0.375, val_accuracy=0.631, val_f1=0.453, train_loss_epoch=0.843]
Epoch 12:  63%|██████▎   | 76/120 [16:50<09:44,  0.08it/s, v_num=6, train_loss_step=0.760, val_loss=0.861, val_mean_auc=0.685, val_mean_ap=0.375, val_accuracy=0.631, val_f1=0.453, train_loss_epoch=0.843]
Epoch 12:  63%|██████▎   | 76/120 [16:50<09:45,  0.08it/s, v_num=6, train_loss_step=0.884, val_loss=0.861, val_mean_auc=0.685, val_mean_ap=0.375, val_accuracy=0.631, val_f1=0.453, train_loss_epoch=0.843]
Epoch 12:  64%|██████▍   | 77/120 [17:13<09:37,  0.07it/s, v_num=6, train_loss_step=0.884, val_loss=0.861, val_mean_auc=0.685, val_mean_ap=0.375, val_accuracy=0.631, val_f1=0.453, train_loss_epoch=0.843]
Epoch 12:  64%|██████▍   | 77/120 [17:13<09:37,  0.07it/s, v_num=6, train_loss_step=0.713, val_loss=0.861, val_mean_auc=0.685, val_mean_ap=0.375, val_accuracy=0.631, val_f1=0.453, train_loss_epoch=0.843]
Epoch 12:  65%|██████▌   | 78/120 [17:13<09:16,  0.08it/s, v_num=6, train_loss_step=0.713, val_loss=0.861, val_mean_auc=0.685, val_mean_ap=0.375, val_accuracy=0.631, val_f1=0.453, train_loss_epoch=0.843]
Epoch 12:  65%|██████▌   | 78/120 [17:14<09:16,  0.08it/s, v_num=6, train_loss_step=0.759, val_loss=0.861, val_mean_auc=0.685, val_mean_ap=0.375, val_accuracy=0.631, val_f1=0.453, train_loss_epoch=0.843]
Epoch 12:  66%|██████▌   | 79/120 [17:40<09:10,  0.07it/s, v_num=6, train_loss_step=0.759, val_loss=0.861, val_mean_auc=0.685, val_mean_ap=0.375, val_accuracy=0.631, val_f1=0.453, train_loss_epoch=0.843]
Epoch 12:  66%|██████▌   | 79/120 [17:40<09:10,  0.07it/s, v_num=6, train_loss_step=1.120, val_loss=0.861, val_mean_auc=0.685, val_mean_ap=0.375, val_accuracy=0.631, val_f1=0.453, train_loss_epoch=0.843]
Epoch 12:  67%|██████▋   | 80/120 [17:40<08:50,  0.08it/s, v_num=6, train_loss_step=1.120, val_loss=0.861, val_mean_auc=0.685, val_mean_ap=0.375, val_accuracy=0.631, val_f1=0.453, train_loss_epoch=0.843]
Epoch 12:  67%|██████▋   | 80/120 [17:41<08:50,  0.08it/s, v_num=6, train_loss_step=0.682, val_loss=0.861, val_mean_auc=0.685, val_mean_ap=0.375, val_accuracy=0.631, val_f1=0.453, train_loss_epoch=0.843]
Epoch 12:  68%|██████▊   | 81/120 [18:09<08:44,  0.07it/s, v_num=6, train_loss_step=0.682, val_loss=0.861, val_mean_auc=0.685, val_mean_ap=0.375, val_accuracy=0.631, val_f1=0.453, train_loss_epoch=0.843]
Epoch 12:  68%|██████▊   | 81/120 [18:10<08:44,  0.07it/s, v_num=6, train_loss_step=0.878, val_loss=0.861, val_mean_auc=0.685, val_mean_ap=0.375, val_accuracy=0.631, val_f1=0.453, train_loss_epoch=0.843]
Epoch 12:  68%|██████▊   | 82/120 [18:10<08:25,  0.08it/s, v_num=6, train_loss_step=0.878, val_loss=0.861, val_mean_auc=0.685, val_mean_ap=0.375, val_accuracy=0.631, val_f1=0.453, train_loss_epoch=0.843]
Epoch 12:  68%|██████▊   | 82/120 [18:10<08:25,  0.08it/s, v_num=6, train_loss_step=0.773, val_loss=0.861, val_mean_auc=0.685, val_mean_ap=0.375, val_accuracy=0.631, val_f1=0.453, train_loss_epoch=0.843]
Epoch 12:  69%|██████▉   | 83/120 [18:30<08:15,  0.07it/s, v_num=6, train_loss_step=0.773, val_loss=0.861, val_mean_auc=0.685, val_mean_ap=0.375, val_accuracy=0.631, val_f1=0.453, train_loss_epoch=0.843]
Epoch 12:  69%|██████▉   | 83/120 [18:31<08:15,  0.07it/s, v_num=6, train_loss_step=1.080, val_loss=0.861, val_mean_auc=0.685, val_mean_ap=0.375, val_accuracy=0.631, val_f1=0.453, train_loss_epoch=0.843]
Epoch 12:  70%|███████   | 84/120 [18:31<07:56,  0.08it/s, v_num=6, train_loss_step=1.080, val_loss=0.861, val_mean_auc=0.685, val_mean_ap=0.375, val_accuracy=0.631, val_f1=0.453, train_loss_epoch=0.843]
Epoch 12:  70%|███████   | 84/120 [18:31<07:56,  0.08it/s, v_num=6, train_loss_step=1.090, val_loss=0.861, val_mean_auc=0.685, val_mean_ap=0.375, val_accuracy=0.631, val_f1=0.453, train_loss_epoch=0.843]
Epoch 12:  71%|███████   | 85/120 [18:57<07:48,  0.07it/s, v_num=6, train_loss_step=1.090, val_loss=0.861, val_mean_auc=0.685, val_mean_ap=0.375, val_accuracy=0.631, val_f1=0.453, train_loss_epoch=0.843]
Epoch 12:  71%|███████   | 85/120 [18:58<07:48,  0.07it/s, v_num=6, train_loss_step=0.440, val_loss=0.861, val_mean_auc=0.685, val_mean_ap=0.375, val_accuracy=0.631, val_f1=0.453, train_loss_epoch=0.843]
Epoch 12:  72%|███████▏  | 86/120 [18:58<07:29,  0.08it/s, v_num=6, train_loss_step=0.440, val_loss=0.861, val_mean_auc=0.685, val_mean_ap=0.375, val_accuracy=0.631, val_f1=0.453, train_loss_epoch=0.843]
Epoch 12:  72%|███████▏  | 86/120 [18:58<07:30,  0.08it/s, v_num=6, train_loss_step=0.653, val_loss=0.861, val_mean_auc=0.685, val_mean_ap=0.375, val_accuracy=0.631, val_f1=0.453, train_loss_epoch=0.843]
Epoch 12:  72%|███████▎  | 87/120 [19:25<07:21,  0.07it/s, v_num=6, train_loss_step=0.653, val_loss=0.861, val_mean_auc=0.685, val_mean_ap=0.375, val_accuracy=0.631, val_f1=0.453, train_loss_epoch=0.843]
Epoch 12:  72%|███████▎  | 87/120 [19:25<07:22,  0.07it/s, v_num=6, train_loss_step=0.855, val_loss=0.861, val_mean_auc=0.685, val_mean_ap=0.375, val_accuracy=0.631, val_f1=0.453, train_loss_epoch=0.843]
Epoch 12:  73%|███████▎  | 88/120 [19:25<07:03,  0.08it/s, v_num=6, train_loss_step=0.855, val_loss=0.861, val_mean_auc=0.685, val_mean_ap=0.375, val_accuracy=0.631, val_f1=0.453, train_loss_epoch=0.843]
Epoch 12:  73%|███████▎  | 88/120 [19:26<07:04,  0.08it/s, v_num=6, train_loss_step=0.701, val_loss=0.861, val_mean_auc=0.685, val_mean_ap=0.375, val_accuracy=0.631, val_f1=0.453, train_loss_epoch=0.843]
Epoch 12:  74%|███████▍  | 89/120 [19:59<06:57,  0.07it/s, v_num=6, train_loss_step=0.701, val_loss=0.861, val_mean_auc=0.685, val_mean_ap=0.375, val_accuracy=0.631, val_f1=0.453, train_loss_epoch=0.843]
Epoch 12:  74%|███████▍  | 89/120 [19:59<06:57,  0.07it/s, v_num=6, train_loss_step=0.816, val_loss=0.861, val_mean_auc=0.685, val_mean_ap=0.375, val_accuracy=0.631, val_f1=0.453, train_loss_epoch=0.843]
Epoch 12:  75%|███████▌  | 90/120 [19:59<06:39,  0.08it/s, v_num=6, train_loss_step=0.816, val_loss=0.861, val_mean_auc=0.685, val_mean_ap=0.375, val_accuracy=0.631, val_f1=0.453, train_loss_epoch=0.843]
Epoch 12:  75%|███████▌  | 90/120 [19:59<06:39,  0.08it/s, v_num=6, train_loss_step=0.760, val_loss=0.861, val_mean_auc=0.685, val_mean_ap=0.375, val_accuracy=0.631, val_f1=0.453, train_loss_epoch=0.843]
Epoch 12:  76%|███████▌  | 91/120 [20:23<06:29,  0.07it/s, v_num=6, train_loss_step=0.760, val_loss=0.861, val_mean_auc=0.685, val_mean_ap=0.375, val_accuracy=0.631, val_f1=0.453, train_loss_epoch=0.843]
Epoch 12:  76%|███████▌  | 91/120 [20:23<06:30,  0.07it/s, v_num=6, train_loss_step=0.856, val_loss=0.861, val_mean_auc=0.685, val_mean_ap=0.375, val_accuracy=0.631, val_f1=0.453, train_loss_epoch=0.843]
Epoch 12:  77%|███████▋  | 92/120 [20:23<06:12,  0.08it/s, v_num=6, train_loss_step=0.856, val_loss=0.861, val_mean_auc=0.685, val_mean_ap=0.375, val_accuracy=0.631, val_f1=0.453, train_loss_epoch=0.843]
Epoch 12:  77%|███████▋  | 92/120 [20:24<06:12,  0.08it/s, v_num=6, train_loss_step=1.310, val_loss=0.861, val_mean_auc=0.685, val_mean_ap=0.375, val_accuracy=0.631, val_f1=0.453, train_loss_epoch=0.843]
Epoch 12:  78%|███████▊  | 93/120 [20:54<06:04,  0.07it/s, v_num=6, train_loss_step=1.310, val_loss=0.861, val_mean_auc=0.685, val_mean_ap=0.375, val_accuracy=0.631, val_f1=0.453, train_loss_epoch=0.843]
Epoch 12:  78%|███████▊  | 93/120 [20:55<06:04,  0.07it/s, v_num=6, train_loss_step=1.250, val_loss=0.861, val_mean_auc=0.685, val_mean_ap=0.375, val_accuracy=0.631, val_f1=0.453, train_loss_epoch=0.843]
Epoch 12:  78%|███████▊  | 94/120 [20:55<05:47,  0.07it/s, v_num=6, train_loss_step=1.250, val_loss=0.861, val_mean_auc=0.685, val_mean_ap=0.375, val_accuracy=0.631, val_f1=0.453, train_loss_epoch=0.843]
Epoch 12:  78%|███████▊  | 94/120 [20:55<05:47,  0.07it/s, v_num=6, train_loss_step=0.948, val_loss=0.861, val_mean_auc=0.685, val_mean_ap=0.375, val_accuracy=0.631, val_f1=0.453, train_loss_epoch=0.843]
Epoch 12:  79%|███████▉  | 95/120 [21:23<05:37,  0.07it/s, v_num=6, train_loss_step=0.948, val_loss=0.861, val_mean_auc=0.685, val_mean_ap=0.375, val_accuracy=0.631, val_f1=0.453, train_loss_epoch=0.843]
Epoch 12:  79%|███████▉  | 95/120 [21:23<05:37,  0.07it/s, v_num=6, train_loss_step=0.969, val_loss=0.861, val_mean_auc=0.685, val_mean_ap=0.375, val_accuracy=0.631, val_f1=0.453, train_loss_epoch=0.843]
Epoch 12:  80%|████████  | 96/120 [21:23<05:20,  0.07it/s, v_num=6, train_loss_step=0.969, val_loss=0.861, val_mean_auc=0.685, val_mean_ap=0.375, val_accuracy=0.631, val_f1=0.453, train_loss_epoch=0.843]
Epoch 12:  80%|████████  | 96/120 [21:24<05:21,  0.07it/s, v_num=6, train_loss_step=0.839, val_loss=0.861, val_mean_auc=0.685, val_mean_ap=0.375, val_accuracy=0.631, val_f1=0.453, train_loss_epoch=0.843]
Epoch 12:  81%|████████  | 97/120 [21:57<05:12,  0.07it/s, v_num=6, train_loss_step=0.839, val_loss=0.861, val_mean_auc=0.685, val_mean_ap=0.375, val_accuracy=0.631, val_f1=0.453, train_loss_epoch=0.843]
Epoch 12:  81%|████████  | 97/120 [21:58<05:12,  0.07it/s, v_num=6, train_loss_step=0.559, val_loss=0.861, val_mean_auc=0.685, val_mean_ap=0.375, val_accuracy=0.631, val_f1=0.453, train_loss_epoch=0.843]
Epoch 12:  82%|████████▏ | 98/120 [21:58<04:55,  0.07it/s, v_num=6, train_loss_step=0.559, val_loss=0.861, val_mean_auc=0.685, val_mean_ap=0.375, val_accuracy=0.631, val_f1=0.453, train_loss_epoch=0.843]
Epoch 12:  82%|████████▏ | 98/120 [21:58<04:55,  0.07it/s, v_num=6, train_loss_step=1.200, val_loss=0.861, val_mean_auc=0.685, val_mean_ap=0.375, val_accuracy=0.631, val_f1=0.453, train_loss_epoch=0.843]
Epoch 12:  82%|████████▎ | 99/120 [22:30<04:46,  0.07it/s, v_num=6, train_loss_step=1.200, val_loss=0.861, val_mean_auc=0.685, val_mean_ap=0.375, val_accuracy=0.631, val_f1=0.453, train_loss_epoch=0.843]
Epoch 12:  82%|████████▎ | 99/120 [22:31<04:46,  0.07it/s, v_num=6, train_loss_step=1.240, val_loss=0.861, val_mean_auc=0.685, val_mean_ap=0.375, val_accuracy=0.631, val_f1=0.453, train_loss_epoch=0.843]
Epoch 12:  83%|████████▎ | 100/120 [22:31<04:30,  0.07it/s, v_num=6, train_loss_step=1.240, val_loss=0.861, val_mean_auc=0.685, val_mean_ap=0.375, val_accuracy=0.631, val_f1=0.453, train_loss_epoch=0.843]
Epoch 12:  83%|████████▎ | 100/120 [22:31<04:30,  0.07it/s, v_num=6, train_loss_step=1.310, val_loss=0.861, val_mean_auc=0.685, val_mean_ap=0.375, val_accuracy=0.631, val_f1=0.453, train_loss_epoch=0.843]
Epoch 12:  84%|████████▍ | 101/120 [22:56<04:18,  0.07it/s, v_num=6, train_loss_step=1.310, val_loss=0.861, val_mean_auc=0.685, val_mean_ap=0.375, val_accuracy=0.631, val_f1=0.453, train_loss_epoch=0.843]
Epoch 12:  84%|████████▍ | 101/120 [22:57<04:19,  0.07it/s, v_num=6, train_loss_step=0.433, val_loss=0.861, val_mean_auc=0.685, val_mean_ap=0.375, val_accuracy=0.631, val_f1=0.453, train_loss_epoch=0.843]
Epoch 12:  85%|████████▌ | 102/120 [22:57<04:03,  0.07it/s, v_num=6, train_loss_step=0.433, val_loss=0.861, val_mean_auc=0.685, val_mean_ap=0.375, val_accuracy=0.631, val_f1=0.453, train_loss_epoch=0.843]
Epoch 12:  85%|████████▌ | 102/120 [22:57<04:03,  0.07it/s, v_num=6, train_loss_step=0.649, val_loss=0.861, val_mean_auc=0.685, val_mean_ap=0.375, val_accuracy=0.631, val_f1=0.453, train_loss_epoch=0.843]
Epoch 12:  86%|████████▌ | 103/120 [23:26<03:52,  0.07it/s, v_num=6, train_loss_step=0.649, val_loss=0.861, val_mean_auc=0.685, val_mean_ap=0.375, val_accuracy=0.631, val_f1=0.453, train_loss_epoch=0.843]
Epoch 12:  86%|████████▌ | 103/120 [23:26<03:52,  0.07it/s, v_num=6, train_loss_step=0.446, val_loss=0.861, val_mean_auc=0.685, val_mean_ap=0.375, val_accuracy=0.631, val_f1=0.453, train_loss_epoch=0.843]
Epoch 12:  87%|████████▋ | 104/120 [23:26<03:36,  0.07it/s, v_num=6, train_loss_step=0.446, val_loss=0.861, val_mean_auc=0.685, val_mean_ap=0.375, val_accuracy=0.631, val_f1=0.453, train_loss_epoch=0.843]
Epoch 12:  87%|████████▋ | 104/120 [23:26<03:36,  0.07it/s, v_num=6, train_loss_step=1.080, val_loss=0.861, val_mean_auc=0.685, val_mean_ap=0.375, val_accuracy=0.631, val_f1=0.453, train_loss_epoch=0.843]
Epoch 12:  88%|████████▊ | 105/120 [23:55<03:25,  0.07it/s, v_num=6, train_loss_step=1.080, val_loss=0.861, val_mean_auc=0.685, val_mean_ap=0.375, val_accuracy=0.631, val_f1=0.453, train_loss_epoch=0.843]
Epoch 12:  88%|████████▊ | 105/120 [23:56<03:25,  0.07it/s, v_num=6, train_loss_step=0.737, val_loss=0.861, val_mean_auc=0.685, val_mean_ap=0.375, val_accuracy=0.631, val_f1=0.453, train_loss_epoch=0.843]
Epoch 12:  88%|████████▊ | 106/120 [23:56<03:09,  0.07it/s, v_num=6, train_loss_step=0.737, val_loss=0.861, val_mean_auc=0.685, val_mean_ap=0.375, val_accuracy=0.631, val_f1=0.453, train_loss_epoch=0.843]
Epoch 12:  88%|████████▊ | 106/120 [23:56<03:09,  0.07it/s, v_num=6, train_loss_step=0.679, val_loss=0.861, val_mean_auc=0.685, val_mean_ap=0.375, val_accuracy=0.631, val_f1=0.453, train_loss_epoch=0.843]
Epoch 12:  89%|████████▉ | 107/120 [24:24<02:57,  0.07it/s, v_num=6, train_loss_step=0.679, val_loss=0.861, val_mean_auc=0.685, val_mean_ap=0.375, val_accuracy=0.631, val_f1=0.453, train_loss_epoch=0.843]
Epoch 12:  89%|████████▉ | 107/120 [24:24<02:57,  0.07it/s, v_num=6, train_loss_step=1.110, val_loss=0.861, val_mean_auc=0.685, val_mean_ap=0.375, val_accuracy=0.631, val_f1=0.453, train_loss_epoch=0.843]
Epoch 12:  90%|█████████ | 108/120 [24:24<02:42,  0.07it/s, v_num=6, train_loss_step=1.110, val_loss=0.861, val_mean_auc=0.685, val_mean_ap=0.375, val_accuracy=0.631, val_f1=0.453, train_loss_epoch=0.843]
Epoch 12:  90%|█████████ | 108/120 [24:25<02:42,  0.07it/s, v_num=6, train_loss_step=0.593, val_loss=0.861, val_mean_auc=0.685, val_mean_ap=0.375, val_accuracy=0.631, val_f1=0.453, train_loss_epoch=0.843]
Epoch 12:  91%|█████████ | 109/120 [24:51<02:30,  0.07it/s, v_num=6, train_loss_step=0.593, val_loss=0.861, val_mean_auc=0.685, val_mean_ap=0.375, val_accuracy=0.631, val_f1=0.453, train_loss_epoch=0.843]
Epoch 12:  91%|█████████ | 109/120 [24:51<02:30,  0.07it/s, v_num=6, train_loss_step=0.731, val_loss=0.861, val_mean_auc=0.685, val_mean_ap=0.375, val_accuracy=0.631, val_f1=0.453, train_loss_epoch=0.843]
Epoch 12:  92%|█████████▏| 110/120 [24:51<02:15,  0.07it/s, v_num=6, train_loss_step=0.731, val_loss=0.861, val_mean_auc=0.685, val_mean_ap=0.375, val_accuracy=0.631, val_f1=0.453, train_loss_epoch=0.843]
Epoch 12:  92%|█████████▏| 110/120 [24:52<02:15,  0.07it/s, v_num=6, train_loss_step=0.851, val_loss=0.861, val_mean_auc=0.685, val_mean_ap=0.375, val_accuracy=0.631, val_f1=0.453, train_loss_epoch=0.843]
Epoch 12:  92%|█████████▎| 111/120 [25:14<02:02,  0.07it/s, v_num=6, train_loss_step=0.851, val_loss=0.861, val_mean_auc=0.685, val_mean_ap=0.375, val_accuracy=0.631, val_f1=0.453, train_loss_epoch=0.843]
Epoch 12:  92%|█████████▎| 111/120 [25:15<02:02,  0.07it/s, v_num=6, train_loss_step=0.617, val_loss=0.861, val_mean_auc=0.685, val_mean_ap=0.375, val_accuracy=0.631, val_f1=0.453, train_loss_epoch=0.843]
Epoch 12:  93%|█████████▎| 112/120 [25:15<01:48,  0.07it/s, v_num=6, train_loss_step=0.617, val_loss=0.861, val_mean_auc=0.685, val_mean_ap=0.375, val_accuracy=0.631, val_f1=0.453, train_loss_epoch=0.843]
Epoch 12:  93%|█████████▎| 112/120 [25:15<01:48,  0.07it/s, v_num=6, train_loss_step=0.704, val_loss=0.861, val_mean_auc=0.685, val_mean_ap=0.375, val_accuracy=0.631, val_f1=0.453, train_loss_epoch=0.843]
Epoch 12:  94%|█████████▍| 113/120 [25:42<01:35,  0.07it/s, v_num=6, train_loss_step=0.704, val_loss=0.861, val_mean_auc=0.685, val_mean_ap=0.375, val_accuracy=0.631, val_f1=0.453, train_loss_epoch=0.843]
Epoch 12:  94%|█████████▍| 113/120 [25:42<01:35,  0.07it/s, v_num=6, train_loss_step=1.040, val_loss=0.861, val_mean_auc=0.685, val_mean_ap=0.375, val_accuracy=0.631, val_f1=0.453, train_loss_epoch=0.843]
Epoch 12:  95%|█████████▌| 114/120 [25:42<01:21,  0.07it/s, v_num=6, train_loss_step=1.040, val_loss=0.861, val_mean_auc=0.685, val_mean_ap=0.375, val_accuracy=0.631, val_f1=0.453, train_loss_epoch=0.843]
Epoch 12:  95%|█████████▌| 114/120 [25:43<01:21,  0.07it/s, v_num=6, train_loss_step=0.718, val_loss=0.861, val_mean_auc=0.685, val_mean_ap=0.375, val_accuracy=0.631, val_f1=0.453, train_loss_epoch=0.843]
Epoch 12:  96%|█████████▌| 115/120 [26:17<01:08,  0.07it/s, v_num=6, train_loss_step=0.718, val_loss=0.861, val_mean_auc=0.685, val_mean_ap=0.375, val_accuracy=0.631, val_f1=0.453, train_loss_epoch=0.843]
Epoch 12:  96%|█████████▌| 115/120 [26:18<01:08,  0.07it/s, v_num=6, train_loss_step=0.899, val_loss=0.861, val_mean_auc=0.685, val_mean_ap=0.375, val_accuracy=0.631, val_f1=0.453, train_loss_epoch=0.843]
Epoch 12:  97%|█████████▋| 116/120 [26:18<00:54,  0.07it/s, v_num=6, train_loss_step=0.899, val_loss=0.861, val_mean_auc=0.685, val_mean_ap=0.375, val_accuracy=0.631, val_f1=0.453, train_loss_epoch=0.843]
Epoch 12:  97%|█████████▋| 116/120 [26:18<00:54,  0.07it/s, v_num=6, train_loss_step=0.635, val_loss=0.861, val_mean_auc=0.685, val_mean_ap=0.375, val_accuracy=0.631, val_f1=0.453, train_loss_epoch=0.843]
Epoch 12:  98%|█████████▊| 117/120 [26:42<00:41,  0.07it/s, v_num=6, train_loss_step=0.635, val_loss=0.861, val_mean_auc=0.685, val_mean_ap=0.375, val_accuracy=0.631, val_f1=0.453, train_loss_epoch=0.843]
Epoch 12:  98%|█████████▊| 117/120 [26:42<00:41,  0.07it/s, v_num=6, train_loss_step=0.488, val_loss=0.861, val_mean_auc=0.685, val_mean_ap=0.375, val_accuracy=0.631, val_f1=0.453, train_loss_epoch=0.843]
Epoch 12:  98%|█████████▊| 118/120 [26:42<00:27,  0.07it/s, v_num=6, train_loss_step=0.488, val_loss=0.861, val_mean_auc=0.685, val_mean_ap=0.375, val_accuracy=0.631, val_f1=0.453, train_loss_epoch=0.843]
Epoch 12:  98%|█████████▊| 118/120 [26:43<00:27,  0.07it/s, v_num=6, train_loss_step=1.120, val_loss=0.861, val_mean_auc=0.685, val_mean_ap=0.375, val_accuracy=0.631, val_f1=0.453, train_loss_epoch=0.843]
Epoch 12:  99%|█████████▉| 119/120 [27:11<00:13,  0.07it/s, v_num=6, train_loss_step=1.120, val_loss=0.861, val_mean_auc=0.685, val_mean_ap=0.375, val_accuracy=0.631, val_f1=0.453, train_loss_epoch=0.843]
Epoch 12:  99%|█████████▉| 119/120 [27:12<00:13,  0.07it/s, v_num=6, train_loss_step=0.558, val_loss=0.861, val_mean_auc=0.685, val_mean_ap=0.375, val_accuracy=0.631, val_f1=0.453, train_loss_epoch=0.843]
Epoch 12: 100%|██████████| 120/120 [27:12<00:00,  0.07it/s, v_num=6, train_loss_step=0.558, val_loss=0.861, val_mean_auc=0.685, val_mean_ap=0.375, val_accuracy=0.631, val_f1=0.453, train_loss_epoch=0.843]
Epoch 12: 100%|██████████| 120/120 [27:12<00:00,  0.07it/s, v_num=6, train_loss_step=1.150, val_loss=0.861, val_mean_auc=0.685, val_mean_ap=0.375, val_accuracy=0.631, val_f1=0.453, train_loss_epoch=0.843]

Validation: |          | 0/? [00:00<?, ?it/s][A

Validation: |          | 0/? [00:00<?, ?it/s][A

Validation DataLoader 0:   0%|          | 0/15 [00:00<?, ?it/s][A

Validation DataLoader 0:   7%|▋         | 1/15 [00:00<00:06,  2.11it/s][A

Validation DataLoader 0:  13%|█▎        | 2/15 [00:00<00:06,  2.09it/s][A

Validation DataLoader 0:  20%|██        | 3/15 [00:22<01:30,  0.13it/s][A

Validation DataLoader 0:  27%|██▋       | 4/15 [00:23<01:03,  0.17it/s][A

Validation DataLoader 0:  33%|███▎      | 5/15 [00:46<01:33,  0.11it/s][A

Validation DataLoader 0:  40%|████      | 6/15 [00:47<01:10,  0.13it/s][A

Validation DataLoader 0:  47%|████▋     | 7/15 [01:08<01:18,  0.10it/s][A

Validation DataLoader 0:  53%|█████▎    | 8/15 [01:08<01:00,  0.12it/s][A

Validation DataLoader 0:  60%|██████    | 9/15 [01:26<00:57,  0.10it/s][A

Validation DataLoader 0:  67%|██████▋   | 10/15 [01:32<00:46,  0.11it/s][A

Validation DataLoader 0:  73%|███████▎  | 11/15 [01:51<00:40,  0.10it/s][A

Validation DataLoader 0:  80%|████████  | 12/15 [01:53<00:28,  0.11it/s][A

Validation DataLoader 0:  87%|████████▋ | 13/15 [02:15<00:20,  0.10it/s][A

Validation DataLoader 0:  93%|█████████▎| 14/15 [02:18<00:09,  0.10it/s][A

Validation DataLoader 0: 100%|██████████| 15/15 [02:34<00:00,  0.10it/s][A

                                                                        [A
Epoch 12: 100%|██████████| 120/120 [30:14<00:00,  0.07it/s, v_num=6, train_loss_step=1.150, val_loss=0.849, val_mean_auc=0.691, val_mean_ap=0.377, val_accuracy=0.634, val_f1=0.464, train_loss_epoch=0.843]
Epoch 12: 100%|██████████| 120/120 [30:14<00:00,  0.07it/s, v_num=6, train_loss_step=1.150, val_loss=0.849, val_mean_auc=0.691, val_mean_ap=0.377, val_accuracy=0.634, val_f1=0.464, train_loss_epoch=0.827]
Epoch 12:   0%|          | 0/120 [00:00<?, ?it/s, v_num=6, train_loss_step=1.150, val_loss=0.849, val_mean_auc=0.691, val_mean_ap=0.377, val_accuracy=0.634, val_f1=0.464, train_loss_epoch=0.827]          
Epoch 13:   0%|          | 0/120 [00:00<?, ?it/s, v_num=6, train_loss_step=1.150, val_loss=0.849, val_mean_auc=0.691, val_mean_ap=0.377, val_accuracy=0.634, val_f1=0.464, train_loss_epoch=0.827]
Epoch 13:   1%|          | 1/120 [00:30<1:00:44,  0.03it/s, v_num=6, train_loss_step=1.150, val_loss=0.849, val_mean_auc=0.691, val_mean_ap=0.377, val_accuracy=0.634, val_f1=0.464, train_loss_epoch=0.827]
Epoch 13:   1%|          | 1/120 [00:31<1:01:35,  0.03it/s, v_num=6, train_loss_step=0.474, val_loss=0.849, val_mean_auc=0.691, val_mean_ap=0.377, val_accuracy=0.634, val_f1=0.464, train_loss_epoch=0.827]
Epoch 13:   2%|▏         | 2/120 [00:31<30:34,  0.06it/s, v_num=6, train_loss_step=0.474, val_loss=0.849, val_mean_auc=0.691, val_mean_ap=0.377, val_accuracy=0.634, val_f1=0.464, train_loss_epoch=0.827]  
Epoch 13:   2%|▏         | 2/120 [00:31<31:00,  0.06it/s, v_num=6, train_loss_step=1.050, val_loss=0.849, val_mean_auc=0.691, val_mean_ap=0.377, val_accuracy=0.634, val_f1=0.464, train_loss_epoch=0.827]
Epoch 13:   2%|▎         | 3/120 [00:53<34:38,  0.06it/s, v_num=6, train_loss_step=1.050, val_loss=0.849, val_mean_auc=0.691, val_mean_ap=0.377, val_accuracy=0.634, val_f1=0.464, train_loss_epoch=0.827]
Epoch 13:   2%|▎         | 3/120 [00:53<34:55,  0.06it/s, v_num=6, train_loss_step=0.639, val_loss=0.849, val_mean_auc=0.691, val_mean_ap=0.377, val_accuracy=0.634, val_f1=0.464, train_loss_epoch=0.827]
Epoch 13:   3%|▎         | 4/120 [00:53<25:59,  0.07it/s, v_num=6, train_loss_step=0.639, val_loss=0.849, val_mean_auc=0.691, val_mean_ap=0.377, val_accuracy=0.634, val_f1=0.464, train_loss_epoch=0.827]
Epoch 13:   3%|▎         | 4/120 [00:54<26:11,  0.07it/s, v_num=6, train_loss_step=0.667, val_loss=0.849, val_mean_auc=0.691, val_mean_ap=0.377, val_accuracy=0.634, val_f1=0.464, train_loss_epoch=0.827]
Epoch 13:   4%|▍         | 5/120 [01:18<30:15,  0.06it/s, v_num=6, train_loss_step=0.667, val_loss=0.849, val_mean_auc=0.691, val_mean_ap=0.377, val_accuracy=0.634, val_f1=0.464, train_loss_epoch=0.827]
Epoch 13:   4%|▍         | 5/120 [01:19<30:25,  0.06it/s, v_num=6, train_loss_step=0.995, val_loss=0.849, val_mean_auc=0.691, val_mean_ap=0.377, val_accuracy=0.634, val_f1=0.464, train_loss_epoch=0.827]
Epoch 13:   5%|▌         | 6/120 [01:19<25:08,  0.08it/s, v_num=6, train_loss_step=0.995, val_loss=0.849, val_mean_auc=0.691, val_mean_ap=0.377, val_accuracy=0.634, val_f1=0.464, train_loss_epoch=0.827]
Epoch 13:   5%|▌         | 6/120 [01:19<25:17,  0.08it/s, v_num=6, train_loss_step=0.556, val_loss=0.849, val_mean_auc=0.691, val_mean_ap=0.377, val_accuracy=0.634, val_f1=0.464, train_loss_epoch=0.827]
Epoch 13:   6%|▌         | 7/120 [01:41<27:14,  0.07it/s, v_num=6, train_loss_step=0.556, val_loss=0.849, val_mean_auc=0.691, val_mean_ap=0.377, val_accuracy=0.634, val_f1=0.464, train_loss_epoch=0.827]
Epoch 13:   6%|▌         | 7/120 [01:41<27:21,  0.07it/s, v_num=6, train_loss_step=0.880, val_loss=0.849, val_mean_auc=0.691, val_mean_ap=0.377, val_accuracy=0.634, val_f1=0.464, train_loss_epoch=0.827]
Epoch 13:   7%|▋         | 8/120 [01:44<24:16,  0.08it/s, v_num=6, train_loss_step=0.880, val_loss=0.849, val_mean_auc=0.691, val_mean_ap=0.377, val_accuracy=0.634, val_f1=0.464, train_loss_epoch=0.827]
Epoch 13:   7%|▋         | 8/120 [01:44<24:22,  0.08it/s, v_num=6, train_loss_step=0.692, val_loss=0.849, val_mean_auc=0.691, val_mean_ap=0.377, val_accuracy=0.634, val_f1=0.464, train_loss_epoch=0.827]
Epoch 13:   8%|▊         | 9/120 [02:04<25:36,  0.07it/s, v_num=6, train_loss_step=0.692, val_loss=0.849, val_mean_auc=0.691, val_mean_ap=0.377, val_accuracy=0.634, val_f1=0.464, train_loss_epoch=0.827]
Epoch 13:   8%|▊         | 9/120 [02:05<25:42,  0.07it/s, v_num=6, train_loss_step=1.070, val_loss=0.849, val_mean_auc=0.691, val_mean_ap=0.377, val_accuracy=0.634, val_f1=0.464, train_loss_epoch=0.827]
Epoch 13:   8%|▊         | 10/120 [02:10<23:58,  0.08it/s, v_num=6, train_loss_step=1.070, val_loss=0.849, val_mean_auc=0.691, val_mean_ap=0.377, val_accuracy=0.634, val_f1=0.464, train_loss_epoch=0.827]
Epoch 13:   8%|▊         | 10/120 [02:11<24:03,  0.08it/s, v_num=6, train_loss_step=0.936, val_loss=0.849, val_mean_auc=0.691, val_mean_ap=0.377, val_accuracy=0.634, val_f1=0.464, train_loss_epoch=0.827]
Epoch 13:   9%|▉         | 11/120 [02:31<25:05,  0.07it/s, v_num=6, train_loss_step=0.936, val_loss=0.849, val_mean_auc=0.691, val_mean_ap=0.377, val_accuracy=0.634, val_f1=0.464, train_loss_epoch=0.827]
Epoch 13:   9%|▉         | 11/120 [02:32<25:10,  0.07it/s, v_num=6, train_loss_step=0.808, val_loss=0.849, val_mean_auc=0.691, val_mean_ap=0.377, val_accuracy=0.634, val_f1=0.464, train_loss_epoch=0.827]
Epoch 13:  10%|█         | 12/120 [02:37<23:36,  0.08it/s, v_num=6, train_loss_step=0.808, val_loss=0.849, val_mean_auc=0.691, val_mean_ap=0.377, val_accuracy=0.634, val_f1=0.464, train_loss_epoch=0.827]
Epoch 13:  10%|█         | 12/120 [02:37<23:40,  0.08it/s, v_num=6, train_loss_step=1.540, val_loss=0.849, val_mean_auc=0.691, val_mean_ap=0.377, val_accuracy=0.634, val_f1=0.464, train_loss_epoch=0.827]
Epoch 13:  11%|█         | 13/120 [02:56<24:08,  0.07it/s, v_num=6, train_loss_step=1.540, val_loss=0.849, val_mean_auc=0.691, val_mean_ap=0.377, val_accuracy=0.634, val_f1=0.464, train_loss_epoch=0.827]
Epoch 13:  11%|█         | 13/120 [02:56<24:12,  0.07it/s, v_num=6, train_loss_step=0.657, val_loss=0.849, val_mean_auc=0.691, val_mean_ap=0.377, val_accuracy=0.634, val_f1=0.464, train_loss_epoch=0.827]
Epoch 13:  12%|█▏        | 14/120 [03:01<22:54,  0.08it/s, v_num=6, train_loss_step=0.657, val_loss=0.849, val_mean_auc=0.691, val_mean_ap=0.377, val_accuracy=0.634, val_f1=0.464, train_loss_epoch=0.827]
Epoch 13:  12%|█▏        | 14/120 [03:02<22:58,  0.08it/s, v_num=6, train_loss_step=0.521, val_loss=0.849, val_mean_auc=0.691, val_mean_ap=0.377, val_accuracy=0.634, val_f1=0.464, train_loss_epoch=0.827]
Epoch 13:  12%|█▎        | 15/120 [03:26<24:06,  0.07it/s, v_num=6, train_loss_step=0.521, val_loss=0.849, val_mean_auc=0.691, val_mean_ap=0.377, val_accuracy=0.634, val_f1=0.464, train_loss_epoch=0.827]
Epoch 13:  12%|█▎        | 15/120 [03:27<24:10,  0.07it/s, v_num=6, train_loss_step=0.815, val_loss=0.849, val_mean_auc=0.691, val_mean_ap=0.377, val_accuracy=0.634, val_f1=0.464, train_loss_epoch=0.827]
Epoch 13:  13%|█▎        | 16/120 [03:34<23:17,  0.07it/s, v_num=6, train_loss_step=0.815, val_loss=0.849, val_mean_auc=0.691, val_mean_ap=0.377, val_accuracy=0.634, val_f1=0.464, train_loss_epoch=0.827]
Epoch 13:  13%|█▎        | 16/120 [03:35<23:20,  0.07it/s, v_num=6, train_loss_step=0.643, val_loss=0.849, val_mean_auc=0.691, val_mean_ap=0.377, val_accuracy=0.634, val_f1=0.464, train_loss_epoch=0.827]
Epoch 13:  14%|█▍        | 17/120 [03:51<23:19,  0.07it/s, v_num=6, train_loss_step=0.643, val_loss=0.849, val_mean_auc=0.691, val_mean_ap=0.377, val_accuracy=0.634, val_f1=0.464, train_loss_epoch=0.827]
Epoch 13:  14%|█▍        | 17/120 [03:51<23:22,  0.07it/s, v_num=6, train_loss_step=1.130, val_loss=0.849, val_mean_auc=0.691, val_mean_ap=0.377, val_accuracy=0.634, val_f1=0.464, train_loss_epoch=0.827]
Epoch 13:  15%|█▌        | 18/120 [04:03<23:00,  0.07it/s, v_num=6, train_loss_step=1.130, val_loss=0.849, val_mean_auc=0.691, val_mean_ap=0.377, val_accuracy=0.634, val_f1=0.464, train_loss_epoch=0.827]
Epoch 13:  15%|█▌        | 18/120 [04:04<23:03,  0.07it/s, v_num=6, train_loss_step=0.700, val_loss=0.849, val_mean_auc=0.691, val_mean_ap=0.377, val_accuracy=0.634, val_f1=0.464, train_loss_epoch=0.827]
Epoch 13:  16%|█▌        | 19/120 [04:19<22:58,  0.07it/s, v_num=6, train_loss_step=0.700, val_loss=0.849, val_mean_auc=0.691, val_mean_ap=0.377, val_accuracy=0.634, val_f1=0.464, train_loss_epoch=0.827]
Epoch 13:  16%|█▌        | 19/120 [04:19<23:00,  0.07it/s, v_num=6, train_loss_step=0.929, val_loss=0.849, val_mean_auc=0.691, val_mean_ap=0.377, val_accuracy=0.634, val_f1=0.464, train_loss_epoch=0.827]
Epoch 13:  17%|█▋        | 20/120 [04:35<22:56,  0.07it/s, v_num=6, train_loss_step=0.929, val_loss=0.849, val_mean_auc=0.691, val_mean_ap=0.377, val_accuracy=0.634, val_f1=0.464, train_loss_epoch=0.827]
Epoch 13:  17%|█▋        | 20/120 [04:35<22:58,  0.07it/s, v_num=6, train_loss_step=0.995, val_loss=0.849, val_mean_auc=0.691, val_mean_ap=0.377, val_accuracy=0.634, val_f1=0.464, train_loss_epoch=0.827]
Epoch 13:  18%|█▊        | 21/120 [04:47<22:35,  0.07it/s, v_num=6, train_loss_step=0.995, val_loss=0.849, val_mean_auc=0.691, val_mean_ap=0.377, val_accuracy=0.634, val_f1=0.464, train_loss_epoch=0.827]
Epoch 13:  18%|█▊        | 21/120 [04:47<22:37,  0.07it/s, v_num=6, train_loss_step=0.518, val_loss=0.849, val_mean_auc=0.691, val_mean_ap=0.377, val_accuracy=0.634, val_f1=0.464, train_loss_epoch=0.827]
Epoch 13:  18%|█▊        | 22/120 [05:05<22:39,  0.07it/s, v_num=6, train_loss_step=0.518, val_loss=0.849, val_mean_auc=0.691, val_mean_ap=0.377, val_accuracy=0.634, val_f1=0.464, train_loss_epoch=0.827]
Epoch 13:  18%|█▊        | 22/120 [05:05<22:41,  0.07it/s, v_num=6, train_loss_step=0.774, val_loss=0.849, val_mean_auc=0.691, val_mean_ap=0.377, val_accuracy=0.634, val_f1=0.464, train_loss_epoch=0.827]
Epoch 13:  19%|█▉        | 23/120 [05:16<22:14,  0.07it/s, v_num=6, train_loss_step=0.774, val_loss=0.849, val_mean_auc=0.691, val_mean_ap=0.377, val_accuracy=0.634, val_f1=0.464, train_loss_epoch=0.827]
Epoch 13:  19%|█▉        | 23/120 [05:16<22:16,  0.07it/s, v_num=6, train_loss_step=0.931, val_loss=0.849, val_mean_auc=0.691, val_mean_ap=0.377, val_accuracy=0.634, val_f1=0.464, train_loss_epoch=0.827]
Epoch 13:  20%|██        | 24/120 [05:33<22:13,  0.07it/s, v_num=6, train_loss_step=0.931, val_loss=0.849, val_mean_auc=0.691, val_mean_ap=0.377, val_accuracy=0.634, val_f1=0.464, train_loss_epoch=0.827]
Epoch 13:  20%|██        | 24/120 [05:33<22:15,  0.07it/s, v_num=6, train_loss_step=0.639, val_loss=0.849, val_mean_auc=0.691, val_mean_ap=0.377, val_accuracy=0.634, val_f1=0.464, train_loss_epoch=0.827]
Epoch 13:  21%|██        | 25/120 [05:41<21:36,  0.07it/s, v_num=6, train_loss_step=0.639, val_loss=0.849, val_mean_auc=0.691, val_mean_ap=0.377, val_accuracy=0.634, val_f1=0.464, train_loss_epoch=0.827]
Epoch 13:  21%|██        | 25/120 [05:41<21:37,  0.07it/s, v_num=6, train_loss_step=0.707, val_loss=0.849, val_mean_auc=0.691, val_mean_ap=0.377, val_accuracy=0.634, val_f1=0.464, train_loss_epoch=0.827]
Epoch 13:  22%|██▏       | 26/120 [06:02<21:50,  0.07it/s, v_num=6, train_loss_step=0.707, val_loss=0.849, val_mean_auc=0.691, val_mean_ap=0.377, val_accuracy=0.634, val_f1=0.464, train_loss_epoch=0.827]
Epoch 13:  22%|██▏       | 26/120 [06:02<21:52,  0.07it/s, v_num=6, train_loss_step=0.779, val_loss=0.849, val_mean_auc=0.691, val_mean_ap=0.377, val_accuracy=0.634, val_f1=0.464, train_loss_epoch=0.827]
Epoch 13:  22%|██▎       | 27/120 [06:06<21:02,  0.07it/s, v_num=6, train_loss_step=0.779, val_loss=0.849, val_mean_auc=0.691, val_mean_ap=0.377, val_accuracy=0.634, val_f1=0.464, train_loss_epoch=0.827]
Epoch 13:  22%|██▎       | 27/120 [06:07<21:04,  0.07it/s, v_num=6, train_loss_step=0.532, val_loss=0.849, val_mean_auc=0.691, val_mean_ap=0.377, val_accuracy=0.634, val_f1=0.464, train_loss_epoch=0.827]
Epoch 13:  23%|██▎       | 28/120 [06:25<21:07,  0.07it/s, v_num=6, train_loss_step=0.532, val_loss=0.849, val_mean_auc=0.691, val_mean_ap=0.377, val_accuracy=0.634, val_f1=0.464, train_loss_epoch=0.827]
Epoch 13:  23%|██▎       | 28/120 [06:26<21:09,  0.07it/s, v_num=6, train_loss_step=1.120, val_loss=0.849, val_mean_auc=0.691, val_mean_ap=0.377, val_accuracy=0.634, val_f1=0.464, train_loss_epoch=0.827]
Epoch 13:  24%|██▍       | 29/120 [06:31<20:29,  0.07it/s, v_num=6, train_loss_step=1.120, val_loss=0.849, val_mean_auc=0.691, val_mean_ap=0.377, val_accuracy=0.634, val_f1=0.464, train_loss_epoch=0.827]
Epoch 13:  24%|██▍       | 29/120 [06:32<20:30,  0.07it/s, v_num=6, train_loss_step=0.987, val_loss=0.849, val_mean_auc=0.691, val_mean_ap=0.377, val_accuracy=0.634, val_f1=0.464, train_loss_epoch=0.827]
Epoch 13:  25%|██▌       | 30/120 [06:46<20:18,  0.07it/s, v_num=6, train_loss_step=0.987, val_loss=0.849, val_mean_auc=0.691, val_mean_ap=0.377, val_accuracy=0.634, val_f1=0.464, train_loss_epoch=0.827]
Epoch 13:  25%|██▌       | 30/120 [06:46<20:19,  0.07it/s, v_num=6, train_loss_step=0.648, val_loss=0.849, val_mean_auc=0.691, val_mean_ap=0.377, val_accuracy=0.634, val_f1=0.464, train_loss_epoch=0.827]
Epoch 13:  26%|██▌       | 31/120 [07:00<20:06,  0.07it/s, v_num=6, train_loss_step=0.648, val_loss=0.849, val_mean_auc=0.691, val_mean_ap=0.377, val_accuracy=0.634, val_f1=0.464, train_loss_epoch=0.827]
Epoch 13:  26%|██▌       | 31/120 [07:00<20:07,  0.07it/s, v_num=6, train_loss_step=1.090, val_loss=0.849, val_mean_auc=0.691, val_mean_ap=0.377, val_accuracy=0.634, val_f1=0.464, train_loss_epoch=0.827]
Epoch 13:  27%|██▋       | 32/120 [07:10<19:43,  0.07it/s, v_num=6, train_loss_step=1.090, val_loss=0.849, val_mean_auc=0.691, val_mean_ap=0.377, val_accuracy=0.634, val_f1=0.464, train_loss_epoch=0.827]
Epoch 13:  27%|██▋       | 32/120 [07:10<19:44,  0.07it/s, v_num=6, train_loss_step=0.772, val_loss=0.849, val_mean_auc=0.691, val_mean_ap=0.377, val_accuracy=0.634, val_f1=0.464, train_loss_epoch=0.827]
Epoch 13:  28%|██▊       | 33/120 [07:24<19:30,  0.07it/s, v_num=6, train_loss_step=0.772, val_loss=0.849, val_mean_auc=0.691, val_mean_ap=0.377, val_accuracy=0.634, val_f1=0.464, train_loss_epoch=0.827]
Epoch 13:  28%|██▊       | 33/120 [07:24<19:32,  0.07it/s, v_num=6, train_loss_step=0.595, val_loss=0.849, val_mean_auc=0.691, val_mean_ap=0.377, val_accuracy=0.634, val_f1=0.464, train_loss_epoch=0.827]
Epoch 13:  28%|██▊       | 34/120 [07:36<19:13,  0.07it/s, v_num=6, train_loss_step=0.595, val_loss=0.849, val_mean_auc=0.691, val_mean_ap=0.377, val_accuracy=0.634, val_f1=0.464, train_loss_epoch=0.827]
Epoch 13:  28%|██▊       | 34/120 [07:36<19:14,  0.07it/s, v_num=6, train_loss_step=0.617, val_loss=0.849, val_mean_auc=0.691, val_mean_ap=0.377, val_accuracy=0.634, val_f1=0.464, train_loss_epoch=0.827]
Epoch 13:  29%|██▉       | 35/120 [07:45<18:50,  0.08it/s, v_num=6, train_loss_step=0.617, val_loss=0.849, val_mean_auc=0.691, val_mean_ap=0.377, val_accuracy=0.634, val_f1=0.464, train_loss_epoch=0.827]
Epoch 13:  29%|██▉       | 35/120 [07:45<18:51,  0.08it/s, v_num=6, train_loss_step=0.650, val_loss=0.849, val_mean_auc=0.691, val_mean_ap=0.377, val_accuracy=0.634, val_f1=0.464, train_loss_epoch=0.827]
Epoch 13:  30%|███       | 36/120 [08:07<18:58,  0.07it/s, v_num=6, train_loss_step=0.650, val_loss=0.849, val_mean_auc=0.691, val_mean_ap=0.377, val_accuracy=0.634, val_f1=0.464, train_loss_epoch=0.827]
Epoch 13:  30%|███       | 36/120 [08:08<18:59,  0.07it/s, v_num=6, train_loss_step=1.090, val_loss=0.849, val_mean_auc=0.691, val_mean_ap=0.377, val_accuracy=0.634, val_f1=0.464, train_loss_epoch=0.827]
Epoch 13:  31%|███       | 37/120 [08:16<18:33,  0.07it/s, v_num=6, train_loss_step=1.090, val_loss=0.849, val_mean_auc=0.691, val_mean_ap=0.377, val_accuracy=0.634, val_f1=0.464, train_loss_epoch=0.827]
Epoch 13:  31%|███       | 37/120 [08:16<18:34,  0.07it/s, v_num=6, train_loss_step=0.918, val_loss=0.849, val_mean_auc=0.691, val_mean_ap=0.377, val_accuracy=0.634, val_f1=0.464, train_loss_epoch=0.827]
Epoch 13:  32%|███▏      | 38/120 [08:47<18:58,  0.07it/s, v_num=6, train_loss_step=0.918, val_loss=0.849, val_mean_auc=0.691, val_mean_ap=0.377, val_accuracy=0.634, val_f1=0.464, train_loss_epoch=0.827]
Epoch 13:  32%|███▏      | 38/120 [08:47<18:59,  0.07it/s, v_num=6, train_loss_step=0.520, val_loss=0.849, val_mean_auc=0.691, val_mean_ap=0.377, val_accuracy=0.634, val_f1=0.464, train_loss_epoch=0.827]
Epoch 13:  32%|███▎      | 39/120 [08:47<18:16,  0.07it/s, v_num=6, train_loss_step=0.520, val_loss=0.849, val_mean_auc=0.691, val_mean_ap=0.377, val_accuracy=0.634, val_f1=0.464, train_loss_epoch=0.827]
Epoch 13:  32%|███▎      | 39/120 [08:48<18:17,  0.07it/s, v_num=6, train_loss_step=0.879, val_loss=0.849, val_mean_auc=0.691, val_mean_ap=0.377, val_accuracy=0.634, val_f1=0.464, train_loss_epoch=0.827]
Epoch 13:  33%|███▎      | 40/120 [09:18<18:37,  0.07it/s, v_num=6, train_loss_step=0.879, val_loss=0.849, val_mean_auc=0.691, val_mean_ap=0.377, val_accuracy=0.634, val_f1=0.464, train_loss_epoch=0.827]
Epoch 13:  33%|███▎      | 40/120 [09:19<18:38,  0.07it/s, v_num=6, train_loss_step=1.400, val_loss=0.849, val_mean_auc=0.691, val_mean_ap=0.377, val_accuracy=0.634, val_f1=0.464, train_loss_epoch=0.827]
Epoch 13:  34%|███▍      | 41/120 [09:19<17:57,  0.07it/s, v_num=6, train_loss_step=1.400, val_loss=0.849, val_mean_auc=0.691, val_mean_ap=0.377, val_accuracy=0.634, val_f1=0.464, train_loss_epoch=0.827]
Epoch 13:  34%|███▍      | 41/120 [09:19<17:58,  0.07it/s, v_num=6, train_loss_step=0.873, val_loss=0.849, val_mean_auc=0.691, val_mean_ap=0.377, val_accuracy=0.634, val_f1=0.464, train_loss_epoch=0.827]
Epoch 13:  35%|███▌      | 42/120 [09:42<18:02,  0.07it/s, v_num=6, train_loss_step=0.873, val_loss=0.849, val_mean_auc=0.691, val_mean_ap=0.377, val_accuracy=0.634, val_f1=0.464, train_loss_epoch=0.827]
Epoch 13:  35%|███▌      | 42/120 [09:43<18:03,  0.07it/s, v_num=6, train_loss_step=0.759, val_loss=0.849, val_mean_auc=0.691, val_mean_ap=0.377, val_accuracy=0.634, val_f1=0.464, train_loss_epoch=0.827]
Epoch 13:  36%|███▌      | 43/120 [09:43<17:24,  0.07it/s, v_num=6, train_loss_step=0.759, val_loss=0.849, val_mean_auc=0.691, val_mean_ap=0.377, val_accuracy=0.634, val_f1=0.464, train_loss_epoch=0.827]
Epoch 13:  36%|███▌      | 43/120 [09:43<17:25,  0.07it/s, v_num=6, train_loss_step=0.786, val_loss=0.849, val_mean_auc=0.691, val_mean_ap=0.377, val_accuracy=0.634, val_f1=0.464, train_loss_epoch=0.827]
Epoch 13:  37%|███▋      | 44/120 [10:13<17:40,  0.07it/s, v_num=6, train_loss_step=0.786, val_loss=0.849, val_mean_auc=0.691, val_mean_ap=0.377, val_accuracy=0.634, val_f1=0.464, train_loss_epoch=0.827]
Epoch 13:  37%|███▋      | 44/120 [10:14<17:40,  0.07it/s, v_num=6, train_loss_step=0.758, val_loss=0.849, val_mean_auc=0.691, val_mean_ap=0.377, val_accuracy=0.634, val_f1=0.464, train_loss_epoch=0.827]
Epoch 13:  38%|███▊      | 45/120 [10:14<17:03,  0.07it/s, v_num=6, train_loss_step=0.758, val_loss=0.849, val_mean_auc=0.691, val_mean_ap=0.377, val_accuracy=0.634, val_f1=0.464, train_loss_epoch=0.827]
Epoch 13:  38%|███▊      | 45/120 [10:14<17:04,  0.07it/s, v_num=6, train_loss_step=1.060, val_loss=0.849, val_mean_auc=0.691, val_mean_ap=0.377, val_accuracy=0.634, val_f1=0.464, train_loss_epoch=0.827]
Epoch 13:  38%|███▊      | 46/120 [10:40<17:10,  0.07it/s, v_num=6, train_loss_step=1.060, val_loss=0.849, val_mean_auc=0.691, val_mean_ap=0.377, val_accuracy=0.634, val_f1=0.464, train_loss_epoch=0.827]
Epoch 13:  38%|███▊      | 46/120 [10:40<17:11,  0.07it/s, v_num=6, train_loss_step=1.030, val_loss=0.849, val_mean_auc=0.691, val_mean_ap=0.377, val_accuracy=0.634, val_f1=0.464, train_loss_epoch=0.827]
Epoch 13:  39%|███▉      | 47/120 [10:41<16:35,  0.07it/s, v_num=6, train_loss_step=1.030, val_loss=0.849, val_mean_auc=0.691, val_mean_ap=0.377, val_accuracy=0.634, val_f1=0.464, train_loss_epoch=0.827]
Epoch 13:  39%|███▉      | 47/120 [10:41<16:36,  0.07it/s, v_num=6, train_loss_step=0.402, val_loss=0.849, val_mean_auc=0.691, val_mean_ap=0.377, val_accuracy=0.634, val_f1=0.464, train_loss_epoch=0.827]
Epoch 13:  40%|████      | 48/120 [11:04<16:36,  0.07it/s, v_num=6, train_loss_step=0.402, val_loss=0.849, val_mean_auc=0.691, val_mean_ap=0.377, val_accuracy=0.634, val_f1=0.464, train_loss_epoch=0.827]
Epoch 13:  40%|████      | 48/120 [11:04<16:36,  0.07it/s, v_num=6, train_loss_step=0.707, val_loss=0.849, val_mean_auc=0.691, val_mean_ap=0.377, val_accuracy=0.634, val_f1=0.464, train_loss_epoch=0.827]
Epoch 13:  41%|████      | 49/120 [11:04<16:02,  0.07it/s, v_num=6, train_loss_step=0.707, val_loss=0.849, val_mean_auc=0.691, val_mean_ap=0.377, val_accuracy=0.634, val_f1=0.464, train_loss_epoch=0.827]
Epoch 13:  41%|████      | 49/120 [11:04<16:03,  0.07it/s, v_num=6, train_loss_step=0.716, val_loss=0.849, val_mean_auc=0.691, val_mean_ap=0.377, val_accuracy=0.634, val_f1=0.464, train_loss_epoch=0.827]
Epoch 13:  42%|████▏     | 50/120 [11:34<16:12,  0.07it/s, v_num=6, train_loss_step=0.716, val_loss=0.849, val_mean_auc=0.691, val_mean_ap=0.377, val_accuracy=0.634, val_f1=0.464, train_loss_epoch=0.827]
Epoch 13:  42%|████▏     | 50/120 [11:34<16:12,  0.07it/s, v_num=6, train_loss_step=0.812, val_loss=0.849, val_mean_auc=0.691, val_mean_ap=0.377, val_accuracy=0.634, val_f1=0.464, train_loss_epoch=0.827]
Epoch 13:  42%|████▎     | 51/120 [11:34<15:40,  0.07it/s, v_num=6, train_loss_step=0.812, val_loss=0.849, val_mean_auc=0.691, val_mean_ap=0.377, val_accuracy=0.634, val_f1=0.464, train_loss_epoch=0.827]
Epoch 13:  42%|████▎     | 51/120 [11:35<15:40,  0.07it/s, v_num=6, train_loss_step=1.080, val_loss=0.849, val_mean_auc=0.691, val_mean_ap=0.377, val_accuracy=0.634, val_f1=0.464, train_loss_epoch=0.827]
Epoch 13:  43%|████▎     | 52/120 [12:03<15:45,  0.07it/s, v_num=6, train_loss_step=1.080, val_loss=0.849, val_mean_auc=0.691, val_mean_ap=0.377, val_accuracy=0.634, val_f1=0.464, train_loss_epoch=0.827]
Epoch 13:  43%|████▎     | 52/120 [12:03<15:46,  0.07it/s, v_num=6, train_loss_step=0.835, val_loss=0.849, val_mean_auc=0.691, val_mean_ap=0.377, val_accuracy=0.634, val_f1=0.464, train_loss_epoch=0.827]
Epoch 13:  44%|████▍     | 53/120 [12:03<15:14,  0.07it/s, v_num=6, train_loss_step=0.835, val_loss=0.849, val_mean_auc=0.691, val_mean_ap=0.377, val_accuracy=0.634, val_f1=0.464, train_loss_epoch=0.827]
Epoch 13:  44%|████▍     | 53/120 [12:04<15:15,  0.07it/s, v_num=6, train_loss_step=0.988, val_loss=0.849, val_mean_auc=0.691, val_mean_ap=0.377, val_accuracy=0.634, val_f1=0.464, train_loss_epoch=0.827]
Epoch 13:  45%|████▌     | 54/120 [12:31<15:18,  0.07it/s, v_num=6, train_loss_step=0.988, val_loss=0.849, val_mean_auc=0.691, val_mean_ap=0.377, val_accuracy=0.634, val_f1=0.464, train_loss_epoch=0.827]
Epoch 13:  45%|████▌     | 54/120 [12:31<15:18,  0.07it/s, v_num=6, train_loss_step=0.380, val_loss=0.849, val_mean_auc=0.691, val_mean_ap=0.377, val_accuracy=0.634, val_f1=0.464, train_loss_epoch=0.827]
Epoch 13:  46%|████▌     | 55/120 [12:31<14:48,  0.07it/s, v_num=6, train_loss_step=0.380, val_loss=0.849, val_mean_auc=0.691, val_mean_ap=0.377, val_accuracy=0.634, val_f1=0.464, train_loss_epoch=0.827]
Epoch 13:  46%|████▌     | 55/120 [12:32<14:48,  0.07it/s, v_num=6, train_loss_step=0.789, val_loss=0.849, val_mean_auc=0.691, val_mean_ap=0.377, val_accuracy=0.634, val_f1=0.464, train_loss_epoch=0.827]
Epoch 13:  47%|████▋     | 56/120 [12:57<14:48,  0.07it/s, v_num=6, train_loss_step=0.789, val_loss=0.849, val_mean_auc=0.691, val_mean_ap=0.377, val_accuracy=0.634, val_f1=0.464, train_loss_epoch=0.827]
Epoch 13:  47%|████▋     | 56/120 [12:57<14:48,  0.07it/s, v_num=6, train_loss_step=0.590, val_loss=0.849, val_mean_auc=0.691, val_mean_ap=0.377, val_accuracy=0.634, val_f1=0.464, train_loss_epoch=0.827]
Epoch 13:  48%|████▊     | 57/120 [12:57<14:19,  0.07it/s, v_num=6, train_loss_step=0.590, val_loss=0.849, val_mean_auc=0.691, val_mean_ap=0.377, val_accuracy=0.634, val_f1=0.464, train_loss_epoch=0.827]
Epoch 13:  48%|████▊     | 57/120 [12:58<14:20,  0.07it/s, v_num=6, train_loss_step=1.090, val_loss=0.849, val_mean_auc=0.691, val_mean_ap=0.377, val_accuracy=0.634, val_f1=0.464, train_loss_epoch=0.827]
Epoch 13:  48%|████▊     | 58/120 [13:25<14:20,  0.07it/s, v_num=6, train_loss_step=1.090, val_loss=0.849, val_mean_auc=0.691, val_mean_ap=0.377, val_accuracy=0.634, val_f1=0.464, train_loss_epoch=0.827]
Epoch 13:  48%|████▊     | 58/120 [13:25<14:21,  0.07it/s, v_num=6, train_loss_step=0.734, val_loss=0.849, val_mean_auc=0.691, val_mean_ap=0.377, val_accuracy=0.634, val_f1=0.464, train_loss_epoch=0.827]
Epoch 13:  49%|████▉     | 59/120 [13:25<13:52,  0.07it/s, v_num=6, train_loss_step=0.734, val_loss=0.849, val_mean_auc=0.691, val_mean_ap=0.377, val_accuracy=0.634, val_f1=0.464, train_loss_epoch=0.827]
Epoch 13:  49%|████▉     | 59/120 [13:25<13:53,  0.07it/s, v_num=6, train_loss_step=0.944, val_loss=0.849, val_mean_auc=0.691, val_mean_ap=0.377, val_accuracy=0.634, val_f1=0.464, train_loss_epoch=0.827]
Epoch 13:  50%|█████     | 60/120 [13:52<13:52,  0.07it/s, v_num=6, train_loss_step=0.944, val_loss=0.849, val_mean_auc=0.691, val_mean_ap=0.377, val_accuracy=0.634, val_f1=0.464, train_loss_epoch=0.827]
Epoch 13:  50%|█████     | 60/120 [13:52<13:52,  0.07it/s, v_num=6, train_loss_step=0.522, val_loss=0.849, val_mean_auc=0.691, val_mean_ap=0.377, val_accuracy=0.634, val_f1=0.464, train_loss_epoch=0.827]
Epoch 13:  51%|█████     | 61/120 [13:52<13:25,  0.07it/s, v_num=6, train_loss_step=0.522, val_loss=0.849, val_mean_auc=0.691, val_mean_ap=0.377, val_accuracy=0.634, val_f1=0.464, train_loss_epoch=0.827]
Epoch 13:  51%|█████     | 61/120 [13:53<13:25,  0.07it/s, v_num=6, train_loss_step=0.747, val_loss=0.849, val_mean_auc=0.691, val_mean_ap=0.377, val_accuracy=0.634, val_f1=0.464, train_loss_epoch=0.827]
Epoch 13:  52%|█████▏    | 62/120 [14:15<13:19,  0.07it/s, v_num=6, train_loss_step=0.747, val_loss=0.849, val_mean_auc=0.691, val_mean_ap=0.377, val_accuracy=0.634, val_f1=0.464, train_loss_epoch=0.827]
Epoch 13:  52%|█████▏    | 62/120 [14:15<13:20,  0.07it/s, v_num=6, train_loss_step=0.536, val_loss=0.849, val_mean_auc=0.691, val_mean_ap=0.377, val_accuracy=0.634, val_f1=0.464, train_loss_epoch=0.827]
Epoch 13:  52%|█████▎    | 63/120 [14:15<12:54,  0.07it/s, v_num=6, train_loss_step=0.536, val_loss=0.849, val_mean_auc=0.691, val_mean_ap=0.377, val_accuracy=0.634, val_f1=0.464, train_loss_epoch=0.827]
Epoch 13:  52%|█████▎    | 63/120 [14:16<12:54,  0.07it/s, v_num=6, train_loss_step=0.931, val_loss=0.849, val_mean_auc=0.691, val_mean_ap=0.377, val_accuracy=0.634, val_f1=0.464, train_loss_epoch=0.827]
Epoch 13:  53%|█████▎    | 64/120 [14:50<12:59,  0.07it/s, v_num=6, train_loss_step=0.931, val_loss=0.849, val_mean_auc=0.691, val_mean_ap=0.377, val_accuracy=0.634, val_f1=0.464, train_loss_epoch=0.827]
Epoch 13:  53%|█████▎    | 64/120 [14:50<12:59,  0.07it/s, v_num=6, train_loss_step=0.554, val_loss=0.849, val_mean_auc=0.691, val_mean_ap=0.377, val_accuracy=0.634, val_f1=0.464, train_loss_epoch=0.827]
Epoch 13:  54%|█████▍    | 65/120 [14:50<12:33,  0.07it/s, v_num=6, train_loss_step=0.554, val_loss=0.849, val_mean_auc=0.691, val_mean_ap=0.377, val_accuracy=0.634, val_f1=0.464, train_loss_epoch=0.827]
Epoch 13:  54%|█████▍    | 65/120 [14:51<12:34,  0.07it/s, v_num=6, train_loss_step=0.983, val_loss=0.849, val_mean_auc=0.691, val_mean_ap=0.377, val_accuracy=0.634, val_f1=0.464, train_loss_epoch=0.827]
Epoch 13:  55%|█████▌    | 66/120 [15:17<12:30,  0.07it/s, v_num=6, train_loss_step=0.983, val_loss=0.849, val_mean_auc=0.691, val_mean_ap=0.377, val_accuracy=0.634, val_f1=0.464, train_loss_epoch=0.827]
Epoch 13:  55%|█████▌    | 66/120 [15:18<12:31,  0.07it/s, v_num=6, train_loss_step=0.727, val_loss=0.849, val_mean_auc=0.691, val_mean_ap=0.377, val_accuracy=0.634, val_f1=0.464, train_loss_epoch=0.827]
Epoch 13:  56%|█████▌    | 67/120 [15:18<12:06,  0.07it/s, v_num=6, train_loss_step=0.727, val_loss=0.849, val_mean_auc=0.691, val_mean_ap=0.377, val_accuracy=0.634, val_f1=0.464, train_loss_epoch=0.827]
Epoch 13:  56%|█████▌    | 67/120 [15:18<12:06,  0.07it/s, v_num=6, train_loss_step=0.994, val_loss=0.849, val_mean_auc=0.691, val_mean_ap=0.377, val_accuracy=0.634, val_f1=0.464, train_loss_epoch=0.827]
Epoch 13:  57%|█████▋    | 68/120 [15:42<12:00,  0.07it/s, v_num=6, train_loss_step=0.994, val_loss=0.849, val_mean_auc=0.691, val_mean_ap=0.377, val_accuracy=0.634, val_f1=0.464, train_loss_epoch=0.827]
Epoch 13:  57%|█████▋    | 68/120 [15:42<12:00,  0.07it/s, v_num=6, train_loss_step=0.825, val_loss=0.849, val_mean_auc=0.691, val_mean_ap=0.377, val_accuracy=0.634, val_f1=0.464, train_loss_epoch=0.827]
Epoch 13:  57%|█████▊    | 69/120 [15:42<11:36,  0.07it/s, v_num=6, train_loss_step=0.825, val_loss=0.849, val_mean_auc=0.691, val_mean_ap=0.377, val_accuracy=0.634, val_f1=0.464, train_loss_epoch=0.827]
Epoch 13:  57%|█████▊    | 69/120 [15:43<11:37,  0.07it/s, v_num=6, train_loss_step=1.430, val_loss=0.849, val_mean_auc=0.691, val_mean_ap=0.377, val_accuracy=0.634, val_f1=0.464, train_loss_epoch=0.827]
Epoch 13:  58%|█████▊    | 70/120 [16:04<11:29,  0.07it/s, v_num=6, train_loss_step=1.430, val_loss=0.849, val_mean_auc=0.691, val_mean_ap=0.377, val_accuracy=0.634, val_f1=0.464, train_loss_epoch=0.827]
Epoch 13:  58%|█████▊    | 70/120 [16:05<11:29,  0.07it/s, v_num=6, train_loss_step=1.060, val_loss=0.849, val_mean_auc=0.691, val_mean_ap=0.377, val_accuracy=0.634, val_f1=0.464, train_loss_epoch=0.827]
Epoch 13:  59%|█████▉    | 71/120 [16:05<11:06,  0.07it/s, v_num=6, train_loss_step=1.060, val_loss=0.849, val_mean_auc=0.691, val_mean_ap=0.377, val_accuracy=0.634, val_f1=0.464, train_loss_epoch=0.827]
Epoch 13:  59%|█████▉    | 71/120 [16:05<11:06,  0.07it/s, v_num=6, train_loss_step=0.616, val_loss=0.849, val_mean_auc=0.691, val_mean_ap=0.377, val_accuracy=0.634, val_f1=0.464, train_loss_epoch=0.827]
Epoch 13:  60%|██████    | 72/120 [16:28<10:58,  0.07it/s, v_num=6, train_loss_step=0.616, val_loss=0.849, val_mean_auc=0.691, val_mean_ap=0.377, val_accuracy=0.634, val_f1=0.464, train_loss_epoch=0.827]
Epoch 13:  60%|██████    | 72/120 [16:28<10:59,  0.07it/s, v_num=6, train_loss_step=0.572, val_loss=0.849, val_mean_auc=0.691, val_mean_ap=0.377, val_accuracy=0.634, val_f1=0.464, train_loss_epoch=0.827]
Epoch 13:  61%|██████    | 73/120 [16:28<10:36,  0.07it/s, v_num=6, train_loss_step=0.572, val_loss=0.849, val_mean_auc=0.691, val_mean_ap=0.377, val_accuracy=0.634, val_f1=0.464, train_loss_epoch=0.827]
Epoch 13:  61%|██████    | 73/120 [16:28<10:36,  0.07it/s, v_num=6, train_loss_step=1.060, val_loss=0.849, val_mean_auc=0.691, val_mean_ap=0.377, val_accuracy=0.634, val_f1=0.464, train_loss_epoch=0.827]
Epoch 13:  62%|██████▏   | 74/120 [16:57<10:32,  0.07it/s, v_num=6, train_loss_step=1.060, val_loss=0.849, val_mean_auc=0.691, val_mean_ap=0.377, val_accuracy=0.634, val_f1=0.464, train_loss_epoch=0.827]
Epoch 13:  62%|██████▏   | 74/120 [16:58<10:32,  0.07it/s, v_num=6, train_loss_step=0.950, val_loss=0.849, val_mean_auc=0.691, val_mean_ap=0.377, val_accuracy=0.634, val_f1=0.464, train_loss_epoch=0.827]
Epoch 13:  62%|██████▎   | 75/120 [16:58<10:10,  0.07it/s, v_num=6, train_loss_step=0.950, val_loss=0.849, val_mean_auc=0.691, val_mean_ap=0.377, val_accuracy=0.634, val_f1=0.464, train_loss_epoch=0.827]
Epoch 13:  62%|██████▎   | 75/120 [16:58<10:11,  0.07it/s, v_num=6, train_loss_step=0.670, val_loss=0.849, val_mean_auc=0.691, val_mean_ap=0.377, val_accuracy=0.634, val_f1=0.464, train_loss_epoch=0.827]
Epoch 13:  63%|██████▎   | 76/120 [17:30<10:08,  0.07it/s, v_num=6, train_loss_step=0.670, val_loss=0.849, val_mean_auc=0.691, val_mean_ap=0.377, val_accuracy=0.634, val_f1=0.464, train_loss_epoch=0.827]
Epoch 13:  63%|██████▎   | 76/120 [17:31<10:08,  0.07it/s, v_num=6, train_loss_step=0.710, val_loss=0.849, val_mean_auc=0.691, val_mean_ap=0.377, val_accuracy=0.634, val_f1=0.464, train_loss_epoch=0.827]
Epoch 13:  64%|██████▍   | 77/120 [17:31<09:47,  0.07it/s, v_num=6, train_loss_step=0.710, val_loss=0.849, val_mean_auc=0.691, val_mean_ap=0.377, val_accuracy=0.634, val_f1=0.464, train_loss_epoch=0.827]
Epoch 13:  64%|██████▍   | 77/120 [17:31<09:47,  0.07it/s, v_num=6, train_loss_step=0.585, val_loss=0.849, val_mean_auc=0.691, val_mean_ap=0.377, val_accuracy=0.634, val_f1=0.464, train_loss_epoch=0.827]
Epoch 13:  65%|██████▌   | 78/120 [17:49<09:35,  0.07it/s, v_num=6, train_loss_step=0.585, val_loss=0.849, val_mean_auc=0.691, val_mean_ap=0.377, val_accuracy=0.634, val_f1=0.464, train_loss_epoch=0.827]
Epoch 13:  65%|██████▌   | 78/120 [17:49<09:35,  0.07it/s, v_num=6, train_loss_step=1.210, val_loss=0.849, val_mean_auc=0.691, val_mean_ap=0.377, val_accuracy=0.634, val_f1=0.464, train_loss_epoch=0.827]
Epoch 13:  66%|██████▌   | 79/120 [17:49<09:15,  0.07it/s, v_num=6, train_loss_step=1.210, val_loss=0.849, val_mean_auc=0.691, val_mean_ap=0.377, val_accuracy=0.634, val_f1=0.464, train_loss_epoch=0.827]
Epoch 13:  66%|██████▌   | 79/120 [17:50<09:15,  0.07it/s, v_num=6, train_loss_step=1.090, val_loss=0.849, val_mean_auc=0.691, val_mean_ap=0.377, val_accuracy=0.634, val_f1=0.464, train_loss_epoch=0.827]
Epoch 13:  67%|██████▋   | 80/120 [18:14<09:07,  0.07it/s, v_num=6, train_loss_step=1.090, val_loss=0.849, val_mean_auc=0.691, val_mean_ap=0.377, val_accuracy=0.634, val_f1=0.464, train_loss_epoch=0.827]
Epoch 13:  67%|██████▋   | 80/120 [18:15<09:07,  0.07it/s, v_num=6, train_loss_step=1.030, val_loss=0.849, val_mean_auc=0.691, val_mean_ap=0.377, val_accuracy=0.634, val_f1=0.464, train_loss_epoch=0.827]
Epoch 13:  68%|██████▊   | 81/120 [18:15<08:47,  0.07it/s, v_num=6, train_loss_step=1.030, val_loss=0.849, val_mean_auc=0.691, val_mean_ap=0.377, val_accuracy=0.634, val_f1=0.464, train_loss_epoch=0.827]
Epoch 13:  68%|██████▊   | 81/120 [18:15<08:47,  0.07it/s, v_num=6, train_loss_step=0.544, val_loss=0.849, val_mean_auc=0.691, val_mean_ap=0.377, val_accuracy=0.634, val_f1=0.464, train_loss_epoch=0.827]
Epoch 13:  68%|██████▊   | 82/120 [18:42<08:40,  0.07it/s, v_num=6, train_loss_step=0.544, val_loss=0.849, val_mean_auc=0.691, val_mean_ap=0.377, val_accuracy=0.634, val_f1=0.464, train_loss_epoch=0.827]
Epoch 13:  68%|██████▊   | 82/120 [18:43<08:40,  0.07it/s, v_num=6, train_loss_step=0.591, val_loss=0.849, val_mean_auc=0.691, val_mean_ap=0.377, val_accuracy=0.634, val_f1=0.464, train_loss_epoch=0.827]
Epoch 13:  69%|██████▉   | 83/120 [18:43<08:20,  0.07it/s, v_num=6, train_loss_step=0.591, val_loss=0.849, val_mean_auc=0.691, val_mean_ap=0.377, val_accuracy=0.634, val_f1=0.464, train_loss_epoch=0.827]
Epoch 13:  69%|██████▉   | 83/120 [18:43<08:20,  0.07it/s, v_num=6, train_loss_step=0.954, val_loss=0.849, val_mean_auc=0.691, val_mean_ap=0.377, val_accuracy=0.634, val_f1=0.464, train_loss_epoch=0.827]
Epoch 13:  70%|███████   | 84/120 [19:10<08:13,  0.07it/s, v_num=6, train_loss_step=0.954, val_loss=0.849, val_mean_auc=0.691, val_mean_ap=0.377, val_accuracy=0.634, val_f1=0.464, train_loss_epoch=0.827]
Epoch 13:  70%|███████   | 84/120 [19:10<08:13,  0.07it/s, v_num=6, train_loss_step=0.552, val_loss=0.849, val_mean_auc=0.691, val_mean_ap=0.377, val_accuracy=0.634, val_f1=0.464, train_loss_epoch=0.827]
Epoch 13:  71%|███████   | 85/120 [19:11<07:53,  0.07it/s, v_num=6, train_loss_step=0.552, val_loss=0.849, val_mean_auc=0.691, val_mean_ap=0.377, val_accuracy=0.634, val_f1=0.464, train_loss_epoch=0.827]
Epoch 13:  71%|███████   | 85/120 [19:11<07:54,  0.07it/s, v_num=6, train_loss_step=0.920, val_loss=0.849, val_mean_auc=0.691, val_mean_ap=0.377, val_accuracy=0.634, val_f1=0.464, train_loss_epoch=0.827]
Epoch 13:  72%|███████▏  | 86/120 [19:33<07:43,  0.07it/s, v_num=6, train_loss_step=0.920, val_loss=0.849, val_mean_auc=0.691, val_mean_ap=0.377, val_accuracy=0.634, val_f1=0.464, train_loss_epoch=0.827]
Epoch 13:  72%|███████▏  | 86/120 [19:33<07:44,  0.07it/s, v_num=6, train_loss_step=0.550, val_loss=0.849, val_mean_auc=0.691, val_mean_ap=0.377, val_accuracy=0.634, val_f1=0.464, train_loss_epoch=0.827]
Epoch 13:  72%|███████▎  | 87/120 [19:33<07:25,  0.07it/s, v_num=6, train_loss_step=0.550, val_loss=0.849, val_mean_auc=0.691, val_mean_ap=0.377, val_accuracy=0.634, val_f1=0.464, train_loss_epoch=0.827]
Epoch 13:  72%|███████▎  | 87/120 [19:34<07:25,  0.07it/s, v_num=6, train_loss_step=0.928, val_loss=0.849, val_mean_auc=0.691, val_mean_ap=0.377, val_accuracy=0.634, val_f1=0.464, train_loss_epoch=0.827]
Epoch 13:  73%|███████▎  | 88/120 [19:59<07:16,  0.07it/s, v_num=6, train_loss_step=0.928, val_loss=0.849, val_mean_auc=0.691, val_mean_ap=0.377, val_accuracy=0.634, val_f1=0.464, train_loss_epoch=0.827]
Epoch 13:  73%|███████▎  | 88/120 [19:59<07:16,  0.07it/s, v_num=6, train_loss_step=0.588, val_loss=0.849, val_mean_auc=0.691, val_mean_ap=0.377, val_accuracy=0.634, val_f1=0.464, train_loss_epoch=0.827]
Epoch 13:  74%|███████▍  | 89/120 [19:59<06:57,  0.07it/s, v_num=6, train_loss_step=0.588, val_loss=0.849, val_mean_auc=0.691, val_mean_ap=0.377, val_accuracy=0.634, val_f1=0.464, train_loss_epoch=0.827]
Epoch 13:  74%|███████▍  | 89/120 [20:00<06:57,  0.07it/s, v_num=6, train_loss_step=0.843, val_loss=0.849, val_mean_auc=0.691, val_mean_ap=0.377, val_accuracy=0.634, val_f1=0.464, train_loss_epoch=0.827]
Epoch 13:  75%|███████▌  | 90/120 [20:25<06:48,  0.07it/s, v_num=6, train_loss_step=0.843, val_loss=0.849, val_mean_auc=0.691, val_mean_ap=0.377, val_accuracy=0.634, val_f1=0.464, train_loss_epoch=0.827]
Epoch 13:  75%|███████▌  | 90/120 [20:25<06:48,  0.07it/s, v_num=6, train_loss_step=0.765, val_loss=0.849, val_mean_auc=0.691, val_mean_ap=0.377, val_accuracy=0.634, val_f1=0.464, train_loss_epoch=0.827]
Epoch 13:  76%|███████▌  | 91/120 [20:25<06:30,  0.07it/s, v_num=6, train_loss_step=0.765, val_loss=0.849, val_mean_auc=0.691, val_mean_ap=0.377, val_accuracy=0.634, val_f1=0.464, train_loss_epoch=0.827]
Epoch 13:  76%|███████▌  | 91/120 [20:26<06:30,  0.07it/s, v_num=6, train_loss_step=1.070, val_loss=0.849, val_mean_auc=0.691, val_mean_ap=0.377, val_accuracy=0.634, val_f1=0.464, train_loss_epoch=0.827]
Epoch 13:  77%|███████▋  | 92/120 [20:51<06:21,  0.07it/s, v_num=6, train_loss_step=1.070, val_loss=0.849, val_mean_auc=0.691, val_mean_ap=0.377, val_accuracy=0.634, val_f1=0.464, train_loss_epoch=0.827]
Epoch 13:  77%|███████▋  | 92/120 [20:52<06:21,  0.07it/s, v_num=6, train_loss_step=1.230, val_loss=0.849, val_mean_auc=0.691, val_mean_ap=0.377, val_accuracy=0.634, val_f1=0.464, train_loss_epoch=0.827]
Epoch 13:  78%|███████▊  | 93/120 [20:52<06:03,  0.07it/s, v_num=6, train_loss_step=1.230, val_loss=0.849, val_mean_auc=0.691, val_mean_ap=0.377, val_accuracy=0.634, val_f1=0.464, train_loss_epoch=0.827]
Epoch 13:  78%|███████▊  | 93/120 [20:52<06:03,  0.07it/s, v_num=6, train_loss_step=0.906, val_loss=0.849, val_mean_auc=0.691, val_mean_ap=0.377, val_accuracy=0.634, val_f1=0.464, train_loss_epoch=0.827]
Epoch 13:  78%|███████▊  | 94/120 [21:27<05:56,  0.07it/s, v_num=6, train_loss_step=0.906, val_loss=0.849, val_mean_auc=0.691, val_mean_ap=0.377, val_accuracy=0.634, val_f1=0.464, train_loss_epoch=0.827]
Epoch 13:  78%|███████▊  | 94/120 [21:27<05:56,  0.07it/s, v_num=6, train_loss_step=0.817, val_loss=0.849, val_mean_auc=0.691, val_mean_ap=0.377, val_accuracy=0.634, val_f1=0.464, train_loss_epoch=0.827]
Epoch 13:  79%|███████▉  | 95/120 [21:27<05:38,  0.07it/s, v_num=6, train_loss_step=0.817, val_loss=0.849, val_mean_auc=0.691, val_mean_ap=0.377, val_accuracy=0.634, val_f1=0.464, train_loss_epoch=0.827]
Epoch 13:  79%|███████▉  | 95/120 [21:28<05:38,  0.07it/s, v_num=6, train_loss_step=0.825, val_loss=0.849, val_mean_auc=0.691, val_mean_ap=0.377, val_accuracy=0.634, val_f1=0.464, train_loss_epoch=0.827]
Epoch 13:  80%|████████  | 96/120 [21:53<05:28,  0.07it/s, v_num=6, train_loss_step=0.825, val_loss=0.849, val_mean_auc=0.691, val_mean_ap=0.377, val_accuracy=0.634, val_f1=0.464, train_loss_epoch=0.827]
Epoch 13:  80%|████████  | 96/120 [21:53<05:28,  0.07it/s, v_num=6, train_loss_step=0.623, val_loss=0.849, val_mean_auc=0.691, val_mean_ap=0.377, val_accuracy=0.634, val_f1=0.464, train_loss_epoch=0.827]
Epoch 13:  81%|████████  | 97/120 [21:53<05:11,  0.07it/s, v_num=6, train_loss_step=0.623, val_loss=0.849, val_mean_auc=0.691, val_mean_ap=0.377, val_accuracy=0.634, val_f1=0.464, train_loss_epoch=0.827]
Epoch 13:  81%|████████  | 97/120 [21:54<05:11,  0.07it/s, v_num=6, train_loss_step=1.040, val_loss=0.849, val_mean_auc=0.691, val_mean_ap=0.377, val_accuracy=0.634, val_f1=0.464, train_loss_epoch=0.827]
Epoch 13:  82%|████████▏ | 98/120 [22:19<05:00,  0.07it/s, v_num=6, train_loss_step=1.040, val_loss=0.849, val_mean_auc=0.691, val_mean_ap=0.377, val_accuracy=0.634, val_f1=0.464, train_loss_epoch=0.827]
Epoch 13:  82%|████████▏ | 98/120 [22:19<05:00,  0.07it/s, v_num=6, train_loss_step=0.648, val_loss=0.849, val_mean_auc=0.691, val_mean_ap=0.377, val_accuracy=0.634, val_f1=0.464, train_loss_epoch=0.827]
Epoch 13:  82%|████████▎ | 99/120 [22:19<04:44,  0.07it/s, v_num=6, train_loss_step=0.648, val_loss=0.849, val_mean_auc=0.691, val_mean_ap=0.377, val_accuracy=0.634, val_f1=0.464, train_loss_epoch=0.827]
Epoch 13:  82%|████████▎ | 99/120 [22:20<04:44,  0.07it/s, v_num=6, train_loss_step=0.814, val_loss=0.849, val_mean_auc=0.691, val_mean_ap=0.377, val_accuracy=0.634, val_f1=0.464, train_loss_epoch=0.827]
Epoch 13:  83%|████████▎ | 100/120 [22:45<04:33,  0.07it/s, v_num=6, train_loss_step=0.814, val_loss=0.849, val_mean_auc=0.691, val_mean_ap=0.377, val_accuracy=0.634, val_f1=0.464, train_loss_epoch=0.827]
Epoch 13:  83%|████████▎ | 100/120 [22:45<04:33,  0.07it/s, v_num=6, train_loss_step=0.570, val_loss=0.849, val_mean_auc=0.691, val_mean_ap=0.377, val_accuracy=0.634, val_f1=0.464, train_loss_epoch=0.827]
Epoch 13:  84%|████████▍ | 101/120 [22:45<04:16,  0.07it/s, v_num=6, train_loss_step=0.570, val_loss=0.849, val_mean_auc=0.691, val_mean_ap=0.377, val_accuracy=0.634, val_f1=0.464, train_loss_epoch=0.827]
Epoch 13:  84%|████████▍ | 101/120 [22:46<04:17,  0.07it/s, v_num=6, train_loss_step=0.774, val_loss=0.849, val_mean_auc=0.691, val_mean_ap=0.377, val_accuracy=0.634, val_f1=0.464, train_loss_epoch=0.827]
Epoch 13:  85%|████████▌ | 102/120 [23:11<04:05,  0.07it/s, v_num=6, train_loss_step=0.774, val_loss=0.849, val_mean_auc=0.691, val_mean_ap=0.377, val_accuracy=0.634, val_f1=0.464, train_loss_epoch=0.827]
Epoch 13:  85%|████████▌ | 102/120 [23:11<04:05,  0.07it/s, v_num=6, train_loss_step=0.867, val_loss=0.849, val_mean_auc=0.691, val_mean_ap=0.377, val_accuracy=0.634, val_f1=0.464, train_loss_epoch=0.827]
Epoch 13:  86%|████████▌ | 103/120 [23:11<03:49,  0.07it/s, v_num=6, train_loss_step=0.867, val_loss=0.849, val_mean_auc=0.691, val_mean_ap=0.377, val_accuracy=0.634, val_f1=0.464, train_loss_epoch=0.827]
Epoch 13:  86%|████████▌ | 103/120 [23:12<03:49,  0.07it/s, v_num=6, train_loss_step=0.976, val_loss=0.849, val_mean_auc=0.691, val_mean_ap=0.377, val_accuracy=0.634, val_f1=0.464, train_loss_epoch=0.827]
Epoch 13:  87%|████████▋ | 104/120 [23:40<03:38,  0.07it/s, v_num=6, train_loss_step=0.976, val_loss=0.849, val_mean_auc=0.691, val_mean_ap=0.377, val_accuracy=0.634, val_f1=0.464, train_loss_epoch=0.827]
Epoch 13:  87%|████████▋ | 104/120 [23:40<03:38,  0.07it/s, v_num=6, train_loss_step=0.875, val_loss=0.849, val_mean_auc=0.691, val_mean_ap=0.377, val_accuracy=0.634, val_f1=0.464, train_loss_epoch=0.827]
Epoch 13:  88%|████████▊ | 105/120 [23:41<03:23,  0.07it/s, v_num=6, train_loss_step=0.875, val_loss=0.849, val_mean_auc=0.691, val_mean_ap=0.377, val_accuracy=0.634, val_f1=0.464, train_loss_epoch=0.827]
Epoch 13:  88%|████████▊ | 105/120 [23:41<03:23,  0.07it/s, v_num=6, train_loss_step=1.060, val_loss=0.849, val_mean_auc=0.691, val_mean_ap=0.377, val_accuracy=0.634, val_f1=0.464, train_loss_epoch=0.827]
Epoch 13:  88%|████████▊ | 106/120 [24:03<03:10,  0.07it/s, v_num=6, train_loss_step=1.060, val_loss=0.849, val_mean_auc=0.691, val_mean_ap=0.377, val_accuracy=0.634, val_f1=0.464, train_loss_epoch=0.827]
Epoch 13:  88%|████████▊ | 106/120 [24:03<03:10,  0.07it/s, v_num=6, train_loss_step=1.030, val_loss=0.849, val_mean_auc=0.691, val_mean_ap=0.377, val_accuracy=0.634, val_f1=0.464, train_loss_epoch=0.827]
Epoch 13:  89%|████████▉ | 107/120 [24:03<02:55,  0.07it/s, v_num=6, train_loss_step=1.030, val_loss=0.849, val_mean_auc=0.691, val_mean_ap=0.377, val_accuracy=0.634, val_f1=0.464, train_loss_epoch=0.827]
Epoch 13:  89%|████████▉ | 107/120 [24:04<02:55,  0.07it/s, v_num=6, train_loss_step=0.821, val_loss=0.849, val_mean_auc=0.691, val_mean_ap=0.377, val_accuracy=0.634, val_f1=0.464, train_loss_epoch=0.827]
Epoch 13:  90%|█████████ | 108/120 [24:26<02:42,  0.07it/s, v_num=6, train_loss_step=0.821, val_loss=0.849, val_mean_auc=0.691, val_mean_ap=0.377, val_accuracy=0.634, val_f1=0.464, train_loss_epoch=0.827]
Epoch 13:  90%|█████████ | 108/120 [24:27<02:43,  0.07it/s, v_num=6, train_loss_step=0.754, val_loss=0.849, val_mean_auc=0.691, val_mean_ap=0.377, val_accuracy=0.634, val_f1=0.464, train_loss_epoch=0.827]
Epoch 13:  91%|█████████ | 109/120 [24:27<02:28,  0.07it/s, v_num=6, train_loss_step=0.754, val_loss=0.849, val_mean_auc=0.691, val_mean_ap=0.377, val_accuracy=0.634, val_f1=0.464, train_loss_epoch=0.827]
Epoch 13:  91%|█████████ | 109/120 [24:27<02:28,  0.07it/s, v_num=6, train_loss_step=0.803, val_loss=0.849, val_mean_auc=0.691, val_mean_ap=0.377, val_accuracy=0.634, val_f1=0.464, train_loss_epoch=0.827]
Epoch 13:  92%|█████████▏| 110/120 [24:53<02:15,  0.07it/s, v_num=6, train_loss_step=0.803, val_loss=0.849, val_mean_auc=0.691, val_mean_ap=0.377, val_accuracy=0.634, val_f1=0.464, train_loss_epoch=0.827]
Epoch 13:  92%|█████████▏| 110/120 [24:54<02:15,  0.07it/s, v_num=6, train_loss_step=0.640, val_loss=0.849, val_mean_auc=0.691, val_mean_ap=0.377, val_accuracy=0.634, val_f1=0.464, train_loss_epoch=0.827]
Epoch 13:  92%|█████████▎| 111/120 [24:54<02:01,  0.07it/s, v_num=6, train_loss_step=0.640, val_loss=0.849, val_mean_auc=0.691, val_mean_ap=0.377, val_accuracy=0.634, val_f1=0.464, train_loss_epoch=0.827]
Epoch 13:  92%|█████████▎| 111/120 [24:54<02:01,  0.07it/s, v_num=6, train_loss_step=1.190, val_loss=0.849, val_mean_auc=0.691, val_mean_ap=0.377, val_accuracy=0.634, val_f1=0.464, train_loss_epoch=0.827]
Epoch 13:  93%|█████████▎| 112/120 [25:28<01:49,  0.07it/s, v_num=6, train_loss_step=1.190, val_loss=0.849, val_mean_auc=0.691, val_mean_ap=0.377, val_accuracy=0.634, val_f1=0.464, train_loss_epoch=0.827]
Epoch 13:  93%|█████████▎| 112/120 [25:29<01:49,  0.07it/s, v_num=6, train_loss_step=1.110, val_loss=0.849, val_mean_auc=0.691, val_mean_ap=0.377, val_accuracy=0.634, val_f1=0.464, train_loss_epoch=0.827]
Epoch 13:  94%|█████████▍| 113/120 [25:29<01:34,  0.07it/s, v_num=6, train_loss_step=1.110, val_loss=0.849, val_mean_auc=0.691, val_mean_ap=0.377, val_accuracy=0.634, val_f1=0.464, train_loss_epoch=0.827]
Epoch 13:  94%|█████████▍| 113/120 [25:29<01:34,  0.07it/s, v_num=6, train_loss_step=0.697, val_loss=0.849, val_mean_auc=0.691, val_mean_ap=0.377, val_accuracy=0.634, val_f1=0.464, train_loss_epoch=0.827]
Epoch 13:  95%|█████████▌| 114/120 [25:52<01:21,  0.07it/s, v_num=6, train_loss_step=0.697, val_loss=0.849, val_mean_auc=0.691, val_mean_ap=0.377, val_accuracy=0.634, val_f1=0.464, train_loss_epoch=0.827]
Epoch 13:  95%|█████████▌| 114/120 [25:52<01:21,  0.07it/s, v_num=6, train_loss_step=0.936, val_loss=0.849, val_mean_auc=0.691, val_mean_ap=0.377, val_accuracy=0.634, val_f1=0.464, train_loss_epoch=0.827]
Epoch 13:  96%|█████████▌| 115/120 [25:52<01:07,  0.07it/s, v_num=6, train_loss_step=0.936, val_loss=0.849, val_mean_auc=0.691, val_mean_ap=0.377, val_accuracy=0.634, val_f1=0.464, train_loss_epoch=0.827]
Epoch 13:  96%|█████████▌| 115/120 [25:53<01:07,  0.07it/s, v_num=6, train_loss_step=0.509, val_loss=0.849, val_mean_auc=0.691, val_mean_ap=0.377, val_accuracy=0.634, val_f1=0.464, train_loss_epoch=0.827]
Epoch 13:  97%|█████████▋| 116/120 [26:17<00:54,  0.07it/s, v_num=6, train_loss_step=0.509, val_loss=0.849, val_mean_auc=0.691, val_mean_ap=0.377, val_accuracy=0.634, val_f1=0.464, train_loss_epoch=0.827]
Epoch 13:  97%|█████████▋| 116/120 [26:18<00:54,  0.07it/s, v_num=6, train_loss_step=1.030, val_loss=0.849, val_mean_auc=0.691, val_mean_ap=0.377, val_accuracy=0.634, val_f1=0.464, train_loss_epoch=0.827]
Epoch 13:  98%|█████████▊| 117/120 [26:18<00:40,  0.07it/s, v_num=6, train_loss_step=1.030, val_loss=0.849, val_mean_auc=0.691, val_mean_ap=0.377, val_accuracy=0.634, val_f1=0.464, train_loss_epoch=0.827]
Epoch 13:  98%|█████████▊| 117/120 [26:18<00:40,  0.07it/s, v_num=6, train_loss_step=0.973, val_loss=0.849, val_mean_auc=0.691, val_mean_ap=0.377, val_accuracy=0.634, val_f1=0.464, train_loss_epoch=0.827]
Epoch 13:  98%|█████████▊| 118/120 [26:41<00:27,  0.07it/s, v_num=6, train_loss_step=0.973, val_loss=0.849, val_mean_auc=0.691, val_mean_ap=0.377, val_accuracy=0.634, val_f1=0.464, train_loss_epoch=0.827]
Epoch 13:  98%|█████████▊| 118/120 [26:41<00:27,  0.07it/s, v_num=6, train_loss_step=0.934, val_loss=0.849, val_mean_auc=0.691, val_mean_ap=0.377, val_accuracy=0.634, val_f1=0.464, train_loss_epoch=0.827]
Epoch 13:  99%|█████████▉| 119/120 [26:41<00:13,  0.07it/s, v_num=6, train_loss_step=0.934, val_loss=0.849, val_mean_auc=0.691, val_mean_ap=0.377, val_accuracy=0.634, val_f1=0.464, train_loss_epoch=0.827]
Epoch 13:  99%|█████████▉| 119/120 [26:42<00:13,  0.07it/s, v_num=6, train_loss_step=0.737, val_loss=0.849, val_mean_auc=0.691, val_mean_ap=0.377, val_accuracy=0.634, val_f1=0.464, train_loss_epoch=0.827]
Epoch 13: 100%|██████████| 120/120 [27:06<00:00,  0.07it/s, v_num=6, train_loss_step=0.737, val_loss=0.849, val_mean_auc=0.691, val_mean_ap=0.377, val_accuracy=0.634, val_f1=0.464, train_loss_epoch=0.827]
Epoch 13: 100%|██████████| 120/120 [27:07<00:00,  0.07it/s, v_num=6, train_loss_step=0.847, val_loss=0.849, val_mean_auc=0.691, val_mean_ap=0.377, val_accuracy=0.634, val_f1=0.464, train_loss_epoch=0.827]

Validation: |          | 0/? [00:00<?, ?it/s][A

Validation: |          | 0/? [00:00<?, ?it/s][A

Validation DataLoader 0:   0%|          | 0/15 [00:00<?, ?it/s][A

Validation DataLoader 0:   7%|▋         | 1/15 [00:00<00:06,  2.04it/s][A

Validation DataLoader 0:  13%|█▎        | 2/15 [00:00<00:06,  2.08it/s][A

Validation DataLoader 0:  20%|██        | 3/15 [00:23<01:33,  0.13it/s][A

Validation DataLoader 0:  27%|██▋       | 4/15 [00:23<01:05,  0.17it/s][A

Validation DataLoader 0:  33%|███▎      | 5/15 [00:48<01:37,  0.10it/s][A

Validation DataLoader 0:  40%|████      | 6/15 [00:49<01:13,  0.12it/s][A

Validation DataLoader 0:  47%|████▋     | 7/15 [01:11<01:21,  0.10it/s][A

Validation DataLoader 0:  53%|█████▎    | 8/15 [01:11<01:02,  0.11it/s][A

Validation DataLoader 0:  60%|██████    | 9/15 [01:30<01:00,  0.10it/s][A

Validation DataLoader 0:  67%|██████▋   | 10/15 [01:30<00:45,  0.11it/s][A

Validation DataLoader 0:  73%|███████▎  | 11/15 [01:57<00:42,  0.09it/s][A

Validation DataLoader 0:  80%|████████  | 12/15 [01:58<00:29,  0.10it/s][A

Validation DataLoader 0:  87%|████████▋ | 13/15 [02:23<00:22,  0.09it/s][A

Validation DataLoader 0:  93%|█████████▎| 14/15 [02:23<00:10,  0.10it/s][A

Validation DataLoader 0: 100%|██████████| 15/15 [02:43<00:00,  0.09it/s][A

                                                                        [A
Epoch 13: 100%|██████████| 120/120 [30:20<00:00,  0.07it/s, v_num=6, train_loss_step=0.847, val_loss=0.841, val_mean_auc=0.694, val_mean_ap=0.378, val_accuracy=0.669, val_f1=0.474, train_loss_epoch=0.827]
Epoch 13: 100%|██████████| 120/120 [30:20<00:00,  0.07it/s, v_num=6, train_loss_step=0.847, val_loss=0.841, val_mean_auc=0.694, val_mean_ap=0.378, val_accuracy=0.669, val_f1=0.474, train_loss_epoch=0.828]
Epoch 13:   0%|          | 0/120 [00:00<?, ?it/s, v_num=6, train_loss_step=0.847, val_loss=0.841, val_mean_auc=0.694, val_mean_ap=0.378, val_accuracy=0.669, val_f1=0.474, train_loss_epoch=0.828]          
Epoch 14:   0%|          | 0/120 [00:00<?, ?it/s, v_num=6, train_loss_step=0.847, val_loss=0.841, val_mean_auc=0.694, val_mean_ap=0.378, val_accuracy=0.669, val_f1=0.474, train_loss_epoch=0.828]
Epoch 14:   1%|          | 1/120 [00:25<50:40,  0.04it/s, v_num=6, train_loss_step=0.847, val_loss=0.841, val_mean_auc=0.694, val_mean_ap=0.378, val_accuracy=0.669, val_f1=0.474, train_loss_epoch=0.828]
Epoch 14:   1%|          | 1/120 [00:25<51:32,  0.04it/s, v_num=6, train_loss_step=0.997, val_loss=0.841, val_mean_auc=0.694, val_mean_ap=0.378, val_accuracy=0.669, val_f1=0.474, train_loss_epoch=0.828]
Epoch 14:   2%|▏         | 2/120 [00:27<27:30,  0.07it/s, v_num=6, train_loss_step=0.997, val_loss=0.841, val_mean_auc=0.694, val_mean_ap=0.378, val_accuracy=0.669, val_f1=0.474, train_loss_epoch=0.828]
Epoch 14:   2%|▏         | 2/120 [00:28<27:55,  0.07it/s, v_num=6, train_loss_step=0.513, val_loss=0.841, val_mean_auc=0.694, val_mean_ap=0.378, val_accuracy=0.669, val_f1=0.474, train_loss_epoch=0.828]
Epoch 14:   2%|▎         | 3/120 [01:06<43:32,  0.04it/s, v_num=6, train_loss_step=0.513, val_loss=0.841, val_mean_auc=0.694, val_mean_ap=0.378, val_accuracy=0.669, val_f1=0.474, train_loss_epoch=0.828]
Epoch 14:   2%|▎         | 3/120 [01:07<43:49,  0.04it/s, v_num=6, train_loss_step=0.908, val_loss=0.841, val_mean_auc=0.694, val_mean_ap=0.378, val_accuracy=0.669, val_f1=0.474, train_loss_epoch=0.828]
Epoch 14:   3%|▎         | 4/120 [01:07<32:36,  0.06it/s, v_num=6, train_loss_step=0.908, val_loss=0.841, val_mean_auc=0.694, val_mean_ap=0.378, val_accuracy=0.669, val_f1=0.474, train_loss_epoch=0.828]
Epoch 14:   3%|▎         | 4/120 [01:07<32:49,  0.06it/s, v_num=6, train_loss_step=0.669, val_loss=0.841, val_mean_auc=0.694, val_mean_ap=0.378, val_accuracy=0.669, val_f1=0.474, train_loss_epoch=0.828]
Epoch 14:   4%|▍         | 5/120 [01:28<34:05,  0.06it/s, v_num=6, train_loss_step=0.669, val_loss=0.841, val_mean_auc=0.694, val_mean_ap=0.378, val_accuracy=0.669, val_f1=0.474, train_loss_epoch=0.828]
Epoch 14:   4%|▍         | 5/120 [01:29<34:15,  0.06it/s, v_num=6, train_loss_step=1.110, val_loss=0.841, val_mean_auc=0.694, val_mean_ap=0.378, val_accuracy=0.669, val_f1=0.474, train_loss_epoch=0.828]
Epoch 14:   5%|▌         | 6/120 [01:31<28:59,  0.07it/s, v_num=6, train_loss_step=1.110, val_loss=0.841, val_mean_auc=0.694, val_mean_ap=0.378, val_accuracy=0.669, val_f1=0.474, train_loss_epoch=0.828]
Epoch 14:   5%|▌         | 6/120 [01:31<29:07,  0.07it/s, v_num=6, train_loss_step=0.663, val_loss=0.841, val_mean_auc=0.694, val_mean_ap=0.378, val_accuracy=0.669, val_f1=0.474, train_loss_epoch=0.828]
Epoch 14:   6%|▌         | 7/120 [01:50<29:38,  0.06it/s, v_num=6, train_loss_step=0.663, val_loss=0.841, val_mean_auc=0.694, val_mean_ap=0.378, val_accuracy=0.669, val_f1=0.474, train_loss_epoch=0.828]
Epoch 14:   6%|▌         | 7/120 [01:50<29:45,  0.06it/s, v_num=6, train_loss_step=0.717, val_loss=0.841, val_mean_auc=0.694, val_mean_ap=0.378, val_accuracy=0.669, val_f1=0.474, train_loss_epoch=0.828]
Epoch 14:   7%|▋         | 8/120 [02:01<28:26,  0.07it/s, v_num=6, train_loss_step=0.717, val_loss=0.841, val_mean_auc=0.694, val_mean_ap=0.378, val_accuracy=0.669, val_f1=0.474, train_loss_epoch=0.828]
Epoch 14:   7%|▋         | 8/120 [02:02<28:32,  0.07it/s, v_num=6, train_loss_step=1.040, val_loss=0.841, val_mean_auc=0.694, val_mean_ap=0.378, val_accuracy=0.669, val_f1=0.474, train_loss_epoch=0.828]
Epoch 14:   8%|▊         | 9/120 [02:15<27:56,  0.07it/s, v_num=6, train_loss_step=1.040, val_loss=0.841, val_mean_auc=0.694, val_mean_ap=0.378, val_accuracy=0.669, val_f1=0.474, train_loss_epoch=0.828]
Epoch 14:   8%|▊         | 9/120 [02:16<28:02,  0.07it/s, v_num=6, train_loss_step=0.849, val_loss=0.841, val_mean_auc=0.694, val_mean_ap=0.378, val_accuracy=0.669, val_f1=0.474, train_loss_epoch=0.828]
Epoch 14:   8%|▊         | 10/120 [02:27<27:00,  0.07it/s, v_num=6, train_loss_step=0.849, val_loss=0.841, val_mean_auc=0.694, val_mean_ap=0.378, val_accuracy=0.669, val_f1=0.474, train_loss_epoch=0.828]
Epoch 14:   8%|▊         | 10/120 [02:27<27:05,  0.07it/s, v_num=6, train_loss_step=0.694, val_loss=0.841, val_mean_auc=0.694, val_mean_ap=0.378, val_accuracy=0.669, val_f1=0.474, train_loss_epoch=0.828]
Epoch 14:   9%|▉         | 11/120 [02:40<26:33,  0.07it/s, v_num=6, train_loss_step=0.694, val_loss=0.841, val_mean_auc=0.694, val_mean_ap=0.378, val_accuracy=0.669, val_f1=0.474, train_loss_epoch=0.828]
Epoch 14:   9%|▉         | 11/120 [02:41<26:37,  0.07it/s, v_num=6, train_loss_step=1.400, val_loss=0.841, val_mean_auc=0.694, val_mean_ap=0.378, val_accuracy=0.669, val_f1=0.474, train_loss_epoch=0.828]
Epoch 14:  10%|█         | 12/120 [02:54<26:12,  0.07it/s, v_num=6, train_loss_step=1.400, val_loss=0.841, val_mean_auc=0.694, val_mean_ap=0.378, val_accuracy=0.669, val_f1=0.474, train_loss_epoch=0.828]
Epoch 14:  10%|█         | 12/120 [02:55<26:15,  0.07it/s, v_num=6, train_loss_step=0.935, val_loss=0.841, val_mean_auc=0.694, val_mean_ap=0.378, val_accuracy=0.669, val_f1=0.474, train_loss_epoch=0.828]
Epoch 14:  11%|█         | 13/120 [03:08<25:50,  0.07it/s, v_num=6, train_loss_step=0.935, val_loss=0.841, val_mean_auc=0.694, val_mean_ap=0.378, val_accuracy=0.669, val_f1=0.474, train_loss_epoch=0.828]
Epoch 14:  11%|█         | 13/120 [03:08<25:54,  0.07it/s, v_num=6, train_loss_step=0.779, val_loss=0.841, val_mean_auc=0.694, val_mean_ap=0.378, val_accuracy=0.669, val_f1=0.474, train_loss_epoch=0.828]
Epoch 14:  12%|█▏        | 14/120 [03:23<25:38,  0.07it/s, v_num=6, train_loss_step=0.779, val_loss=0.841, val_mean_auc=0.694, val_mean_ap=0.378, val_accuracy=0.669, val_f1=0.474, train_loss_epoch=0.828]
Epoch 14:  12%|█▏        | 14/120 [03:23<25:42,  0.07it/s, v_num=6, train_loss_step=0.489, val_loss=0.841, val_mean_auc=0.694, val_mean_ap=0.378, val_accuracy=0.669, val_f1=0.474, train_loss_epoch=0.828]
Epoch 14:  12%|█▎        | 15/120 [03:32<24:47,  0.07it/s, v_num=6, train_loss_step=0.489, val_loss=0.841, val_mean_auc=0.694, val_mean_ap=0.378, val_accuracy=0.669, val_f1=0.474, train_loss_epoch=0.828]
Epoch 14:  12%|█▎        | 15/120 [03:32<24:50,  0.07it/s, v_num=6, train_loss_step=0.801, val_loss=0.841, val_mean_auc=0.694, val_mean_ap=0.378, val_accuracy=0.669, val_f1=0.474, train_loss_epoch=0.828]
Epoch 14:  13%|█▎        | 16/120 [03:49<24:49,  0.07it/s, v_num=6, train_loss_step=0.801, val_loss=0.841, val_mean_auc=0.694, val_mean_ap=0.378, val_accuracy=0.669, val_f1=0.474, train_loss_epoch=0.828]
Epoch 14:  13%|█▎        | 16/120 [03:49<24:52,  0.07it/s, v_num=6, train_loss_step=0.939, val_loss=0.841, val_mean_auc=0.694, val_mean_ap=0.378, val_accuracy=0.669, val_f1=0.474, train_loss_epoch=0.828]
Epoch 14:  14%|█▍        | 17/120 [03:53<23:34,  0.07it/s, v_num=6, train_loss_step=0.939, val_loss=0.841, val_mean_auc=0.694, val_mean_ap=0.378, val_accuracy=0.669, val_f1=0.474, train_loss_epoch=0.828]
Epoch 14:  14%|█▍        | 17/120 [03:53<23:37,  0.07it/s, v_num=6, train_loss_step=1.030, val_loss=0.841, val_mean_auc=0.694, val_mean_ap=0.378, val_accuracy=0.669, val_f1=0.474, train_loss_epoch=0.828]
Epoch 14:  15%|█▌        | 18/120 [04:17<24:17,  0.07it/s, v_num=6, train_loss_step=1.030, val_loss=0.841, val_mean_auc=0.694, val_mean_ap=0.378, val_accuracy=0.669, val_f1=0.474, train_loss_epoch=0.828]
Epoch 14:  15%|█▌        | 18/120 [04:17<24:19,  0.07it/s, v_num=6, train_loss_step=0.644, val_loss=0.841, val_mean_auc=0.694, val_mean_ap=0.378, val_accuracy=0.669, val_f1=0.474, train_loss_epoch=0.828]
Epoch 14:  16%|█▌        | 19/120 [04:23<23:19,  0.07it/s, v_num=6, train_loss_step=0.644, val_loss=0.841, val_mean_auc=0.694, val_mean_ap=0.378, val_accuracy=0.669, val_f1=0.474, train_loss_epoch=0.828]
Epoch 14:  16%|█▌        | 19/120 [04:23<23:21,  0.07it/s, v_num=6, train_loss_step=0.907, val_loss=0.841, val_mean_auc=0.694, val_mean_ap=0.378, val_accuracy=0.669, val_f1=0.474, train_loss_epoch=0.828]
Epoch 14:  17%|█▋        | 20/120 [04:41<23:27,  0.07it/s, v_num=6, train_loss_step=0.907, val_loss=0.841, val_mean_auc=0.694, val_mean_ap=0.378, val_accuracy=0.669, val_f1=0.474, train_loss_epoch=0.828]
Epoch 14:  17%|█▋        | 20/120 [04:41<23:29,  0.07it/s, v_num=6, train_loss_step=0.677, val_loss=0.841, val_mean_auc=0.694, val_mean_ap=0.378, val_accuracy=0.669, val_f1=0.474, train_loss_epoch=0.828]
Epoch 14:  18%|█▊        | 21/120 [04:41<22:08,  0.07it/s, v_num=6, train_loss_step=0.677, val_loss=0.841, val_mean_auc=0.694, val_mean_ap=0.378, val_accuracy=0.669, val_f1=0.474, train_loss_epoch=0.828]
Epoch 14:  18%|█▊        | 21/120 [04:42<22:10,  0.07it/s, v_num=6, train_loss_step=0.494, val_loss=0.841, val_mean_auc=0.694, val_mean_ap=0.378, val_accuracy=0.669, val_f1=0.474, train_loss_epoch=0.828]
Epoch 14:  18%|█▊        | 22/120 [05:04<22:37,  0.07it/s, v_num=6, train_loss_step=0.494, val_loss=0.841, val_mean_auc=0.694, val_mean_ap=0.378, val_accuracy=0.669, val_f1=0.474, train_loss_epoch=0.828]
Epoch 14:  18%|█▊        | 22/120 [05:05<22:39,  0.07it/s, v_num=6, train_loss_step=0.572, val_loss=0.841, val_mean_auc=0.694, val_mean_ap=0.378, val_accuracy=0.669, val_f1=0.474, train_loss_epoch=0.828]
Epoch 14:  19%|█▉        | 23/120 [05:08<21:43,  0.07it/s, v_num=6, train_loss_step=0.572, val_loss=0.841, val_mean_auc=0.694, val_mean_ap=0.378, val_accuracy=0.669, val_f1=0.474, train_loss_epoch=0.828]
Epoch 14:  19%|█▉        | 23/120 [05:09<21:44,  0.07it/s, v_num=6, train_loss_step=0.772, val_loss=0.841, val_mean_auc=0.694, val_mean_ap=0.378, val_accuracy=0.669, val_f1=0.474, train_loss_epoch=0.828]
Epoch 14:  20%|██        | 24/120 [05:25<21:43,  0.07it/s, v_num=6, train_loss_step=0.772, val_loss=0.841, val_mean_auc=0.694, val_mean_ap=0.378, val_accuracy=0.669, val_f1=0.474, train_loss_epoch=0.828]
Epoch 14:  20%|██        | 24/120 [05:26<21:45,  0.07it/s, v_num=6, train_loss_step=0.983, val_loss=0.841, val_mean_auc=0.694, val_mean_ap=0.378, val_accuracy=0.669, val_f1=0.474, train_loss_epoch=0.828]
Epoch 14:  21%|██        | 25/120 [05:35<21:13,  0.07it/s, v_num=6, train_loss_step=0.983, val_loss=0.841, val_mean_auc=0.694, val_mean_ap=0.378, val_accuracy=0.669, val_f1=0.474, train_loss_epoch=0.828]
Epoch 14:  21%|██        | 25/120 [05:35<21:14,  0.07it/s, v_num=6, train_loss_step=0.917, val_loss=0.841, val_mean_auc=0.694, val_mean_ap=0.378, val_accuracy=0.669, val_f1=0.474, train_loss_epoch=0.828]
Epoch 14:  22%|██▏       | 26/120 [05:52<21:14,  0.07it/s, v_num=6, train_loss_step=0.917, val_loss=0.841, val_mean_auc=0.694, val_mean_ap=0.378, val_accuracy=0.669, val_f1=0.474, train_loss_epoch=0.828]
Epoch 14:  22%|██▏       | 26/120 [05:52<21:15,  0.07it/s, v_num=6, train_loss_step=1.450, val_loss=0.841, val_mean_auc=0.694, val_mean_ap=0.378, val_accuracy=0.669, val_f1=0.474, train_loss_epoch=0.828]
Epoch 14:  22%|██▎       | 27/120 [06:00<20:40,  0.07it/s, v_num=6, train_loss_step=1.450, val_loss=0.841, val_mean_auc=0.694, val_mean_ap=0.378, val_accuracy=0.669, val_f1=0.474, train_loss_epoch=0.828]
Epoch 14:  22%|██▎       | 27/120 [06:00<20:42,  0.07it/s, v_num=6, train_loss_step=0.819, val_loss=0.841, val_mean_auc=0.694, val_mean_ap=0.378, val_accuracy=0.669, val_f1=0.474, train_loss_epoch=0.828]
Epoch 14:  23%|██▎       | 28/120 [06:18<20:42,  0.07it/s, v_num=6, train_loss_step=0.819, val_loss=0.841, val_mean_auc=0.694, val_mean_ap=0.378, val_accuracy=0.669, val_f1=0.474, train_loss_epoch=0.828]
Epoch 14:  23%|██▎       | 28/120 [06:18<20:43,  0.07it/s, v_num=6, train_loss_step=0.879, val_loss=0.841, val_mean_auc=0.694, val_mean_ap=0.378, val_accuracy=0.669, val_f1=0.474, train_loss_epoch=0.828]
Epoch 14:  24%|██▍       | 29/120 [06:22<19:59,  0.08it/s, v_num=6, train_loss_step=0.879, val_loss=0.841, val_mean_auc=0.694, val_mean_ap=0.378, val_accuracy=0.669, val_f1=0.474, train_loss_epoch=0.828]
Epoch 14:  24%|██▍       | 29/120 [06:22<20:00,  0.08it/s, v_num=6, train_loss_step=0.824, val_loss=0.841, val_mean_auc=0.694, val_mean_ap=0.378, val_accuracy=0.669, val_f1=0.474, train_loss_epoch=0.828]
Epoch 14:  25%|██▌       | 30/120 [06:43<20:10,  0.07it/s, v_num=6, train_loss_step=0.824, val_loss=0.841, val_mean_auc=0.694, val_mean_ap=0.378, val_accuracy=0.669, val_f1=0.474, train_loss_epoch=0.828]
Epoch 14:  25%|██▌       | 30/120 [06:43<20:11,  0.07it/s, v_num=6, train_loss_step=1.120, val_loss=0.841, val_mean_auc=0.694, val_mean_ap=0.378, val_accuracy=0.669, val_f1=0.474, train_loss_epoch=0.828]
Epoch 14:  26%|██▌       | 31/120 [06:49<19:36,  0.08it/s, v_num=6, train_loss_step=1.120, val_loss=0.841, val_mean_auc=0.694, val_mean_ap=0.378, val_accuracy=0.669, val_f1=0.474, train_loss_epoch=0.828]
Epoch 14:  26%|██▌       | 31/120 [06:50<19:37,  0.08it/s, v_num=6, train_loss_step=1.090, val_loss=0.841, val_mean_auc=0.694, val_mean_ap=0.378, val_accuracy=0.669, val_f1=0.474, train_loss_epoch=0.828]
Epoch 14:  27%|██▋       | 32/120 [07:10<19:43,  0.07it/s, v_num=6, train_loss_step=1.090, val_loss=0.841, val_mean_auc=0.694, val_mean_ap=0.378, val_accuracy=0.669, val_f1=0.474, train_loss_epoch=0.828]
Epoch 14:  27%|██▋       | 32/120 [07:10<19:44,  0.07it/s, v_num=6, train_loss_step=0.848, val_loss=0.841, val_mean_auc=0.694, val_mean_ap=0.378, val_accuracy=0.669, val_f1=0.474, train_loss_epoch=0.828]
Epoch 14:  28%|██▊       | 33/120 [07:15<19:07,  0.08it/s, v_num=6, train_loss_step=0.848, val_loss=0.841, val_mean_auc=0.694, val_mean_ap=0.378, val_accuracy=0.669, val_f1=0.474, train_loss_epoch=0.828]
Epoch 14:  28%|██▊       | 33/120 [07:15<19:08,  0.08it/s, v_num=6, train_loss_step=0.622, val_loss=0.841, val_mean_auc=0.694, val_mean_ap=0.378, val_accuracy=0.669, val_f1=0.474, train_loss_epoch=0.828]
Epoch 14:  28%|██▊       | 34/120 [07:31<19:01,  0.08it/s, v_num=6, train_loss_step=0.622, val_loss=0.841, val_mean_auc=0.694, val_mean_ap=0.378, val_accuracy=0.669, val_f1=0.474, train_loss_epoch=0.828]
Epoch 14:  28%|██▊       | 34/120 [07:31<19:02,  0.08it/s, v_num=6, train_loss_step=0.842, val_loss=0.841, val_mean_auc=0.694, val_mean_ap=0.378, val_accuracy=0.669, val_f1=0.474, train_loss_epoch=0.828]
Epoch 14:  29%|██▉       | 35/120 [07:46<18:51,  0.08it/s, v_num=6, train_loss_step=0.842, val_loss=0.841, val_mean_auc=0.694, val_mean_ap=0.378, val_accuracy=0.669, val_f1=0.474, train_loss_epoch=0.828]
Epoch 14:  29%|██▉       | 35/120 [07:46<18:52,  0.08it/s, v_num=6, train_loss_step=0.661, val_loss=0.841, val_mean_auc=0.694, val_mean_ap=0.378, val_accuracy=0.669, val_f1=0.474, train_loss_epoch=0.828]
Epoch 14:  30%|███       | 36/120 [07:58<18:36,  0.08it/s, v_num=6, train_loss_step=0.661, val_loss=0.841, val_mean_auc=0.694, val_mean_ap=0.378, val_accuracy=0.669, val_f1=0.474, train_loss_epoch=0.828]
Epoch 14:  30%|███       | 36/120 [07:59<18:37,  0.08it/s, v_num=6, train_loss_step=1.040, val_loss=0.841, val_mean_auc=0.694, val_mean_ap=0.378, val_accuracy=0.669, val_f1=0.474, train_loss_epoch=0.828]
Epoch 14:  31%|███       | 37/120 [08:08<18:16,  0.08it/s, v_num=6, train_loss_step=1.040, val_loss=0.841, val_mean_auc=0.694, val_mean_ap=0.378, val_accuracy=0.669, val_f1=0.474, train_loss_epoch=0.828]
Epoch 14:  31%|███       | 37/120 [08:09<18:17,  0.08it/s, v_num=6, train_loss_step=0.749, val_loss=0.841, val_mean_auc=0.694, val_mean_ap=0.378, val_accuracy=0.669, val_f1=0.474, train_loss_epoch=0.828]
Epoch 14:  32%|███▏      | 38/120 [08:25<18:11,  0.08it/s, v_num=6, train_loss_step=0.749, val_loss=0.841, val_mean_auc=0.694, val_mean_ap=0.378, val_accuracy=0.669, val_f1=0.474, train_loss_epoch=0.828]
Epoch 14:  32%|███▏      | 38/120 [08:26<18:12,  0.08it/s, v_num=6, train_loss_step=0.562, val_loss=0.841, val_mean_auc=0.694, val_mean_ap=0.378, val_accuracy=0.669, val_f1=0.474, train_loss_epoch=0.828]
Epoch 14:  32%|███▎      | 39/120 [08:30<17:40,  0.08it/s, v_num=6, train_loss_step=0.562, val_loss=0.841, val_mean_auc=0.694, val_mean_ap=0.378, val_accuracy=0.669, val_f1=0.474, train_loss_epoch=0.828]
Epoch 14:  32%|███▎      | 39/120 [08:30<17:41,  0.08it/s, v_num=6, train_loss_step=0.844, val_loss=0.841, val_mean_auc=0.694, val_mean_ap=0.378, val_accuracy=0.669, val_f1=0.474, train_loss_epoch=0.828]
Epoch 14:  33%|███▎      | 40/120 [08:49<17:38,  0.08it/s, v_num=6, train_loss_step=0.844, val_loss=0.841, val_mean_auc=0.694, val_mean_ap=0.378, val_accuracy=0.669, val_f1=0.474, train_loss_epoch=0.828]
Epoch 14:  33%|███▎      | 40/120 [08:49<17:39,  0.08it/s, v_num=6, train_loss_step=0.990, val_loss=0.841, val_mean_auc=0.694, val_mean_ap=0.378, val_accuracy=0.669, val_f1=0.474, train_loss_epoch=0.828]
Epoch 14:  34%|███▍      | 41/120 [08:59<17:20,  0.08it/s, v_num=6, train_loss_step=0.990, val_loss=0.841, val_mean_auc=0.694, val_mean_ap=0.378, val_accuracy=0.669, val_f1=0.474, train_loss_epoch=0.828]
Epoch 14:  34%|███▍      | 41/120 [09:00<17:21,  0.08it/s, v_num=6, train_loss_step=0.548, val_loss=0.841, val_mean_auc=0.694, val_mean_ap=0.378, val_accuracy=0.669, val_f1=0.474, train_loss_epoch=0.828]
Epoch 14:  35%|███▌      | 42/120 [09:18<17:17,  0.08it/s, v_num=6, train_loss_step=0.548, val_loss=0.841, val_mean_auc=0.694, val_mean_ap=0.378, val_accuracy=0.669, val_f1=0.474, train_loss_epoch=0.828]
Epoch 14:  35%|███▌      | 42/120 [09:19<17:18,  0.08it/s, v_num=6, train_loss_step=0.613, val_loss=0.841, val_mean_auc=0.694, val_mean_ap=0.378, val_accuracy=0.669, val_f1=0.474, train_loss_epoch=0.828]
Epoch 14:  36%|███▌      | 43/120 [09:32<17:05,  0.08it/s, v_num=6, train_loss_step=0.613, val_loss=0.841, val_mean_auc=0.694, val_mean_ap=0.378, val_accuracy=0.669, val_f1=0.474, train_loss_epoch=0.828]
Epoch 14:  36%|███▌      | 43/120 [09:33<17:06,  0.08it/s, v_num=6, train_loss_step=0.704, val_loss=0.841, val_mean_auc=0.694, val_mean_ap=0.378, val_accuracy=0.669, val_f1=0.474, train_loss_epoch=0.828]
Epoch 14:  37%|███▋      | 44/120 [09:48<16:56,  0.07it/s, v_num=6, train_loss_step=0.704, val_loss=0.841, val_mean_auc=0.694, val_mean_ap=0.378, val_accuracy=0.669, val_f1=0.474, train_loss_epoch=0.828]
Epoch 14:  37%|███▋      | 44/120 [09:49<16:57,  0.07it/s, v_num=6, train_loss_step=0.730, val_loss=0.841, val_mean_auc=0.694, val_mean_ap=0.378, val_accuracy=0.669, val_f1=0.474, train_loss_epoch=0.828]
Epoch 14:  38%|███▊      | 45/120 [09:58<16:38,  0.08it/s, v_num=6, train_loss_step=0.730, val_loss=0.841, val_mean_auc=0.694, val_mean_ap=0.378, val_accuracy=0.669, val_f1=0.474, train_loss_epoch=0.828]
Epoch 14:  38%|███▊      | 45/120 [09:59<16:38,  0.08it/s, v_num=6, train_loss_step=0.915, val_loss=0.841, val_mean_auc=0.694, val_mean_ap=0.378, val_accuracy=0.669, val_f1=0.474, train_loss_epoch=0.828]
Epoch 14:  38%|███▊      | 46/120 [10:14<16:28,  0.07it/s, v_num=6, train_loss_step=0.915, val_loss=0.841, val_mean_auc=0.694, val_mean_ap=0.378, val_accuracy=0.669, val_f1=0.474, train_loss_epoch=0.828]
Epoch 14:  38%|███▊      | 46/120 [10:15<16:29,  0.07it/s, v_num=6, train_loss_step=0.863, val_loss=0.841, val_mean_auc=0.694, val_mean_ap=0.378, val_accuracy=0.669, val_f1=0.474, train_loss_epoch=0.828]
Epoch 14:  39%|███▉      | 47/120 [10:21<16:05,  0.08it/s, v_num=6, train_loss_step=0.863, val_loss=0.841, val_mean_auc=0.694, val_mean_ap=0.378, val_accuracy=0.669, val_f1=0.474, train_loss_epoch=0.828]
Epoch 14:  39%|███▉      | 47/120 [10:21<16:05,  0.08it/s, v_num=6, train_loss_step=0.969, val_loss=0.841, val_mean_auc=0.694, val_mean_ap=0.378, val_accuracy=0.669, val_f1=0.474, train_loss_epoch=0.828]
Epoch 14:  40%|████      | 48/120 [10:45<16:07,  0.07it/s, v_num=6, train_loss_step=0.969, val_loss=0.841, val_mean_auc=0.694, val_mean_ap=0.378, val_accuracy=0.669, val_f1=0.474, train_loss_epoch=0.828]
Epoch 14:  40%|████      | 48/120 [10:45<16:08,  0.07it/s, v_num=6, train_loss_step=0.825, val_loss=0.841, val_mean_auc=0.694, val_mean_ap=0.378, val_accuracy=0.669, val_f1=0.474, train_loss_epoch=0.828]
Epoch 14:  41%|████      | 49/120 [10:47<15:38,  0.08it/s, v_num=6, train_loss_step=0.825, val_loss=0.841, val_mean_auc=0.694, val_mean_ap=0.378, val_accuracy=0.669, val_f1=0.474, train_loss_epoch=0.828]
Epoch 14:  41%|████      | 49/120 [10:48<15:39,  0.08it/s, v_num=6, train_loss_step=0.910, val_loss=0.841, val_mean_auc=0.694, val_mean_ap=0.378, val_accuracy=0.669, val_f1=0.474, train_loss_epoch=0.828]
Epoch 14:  42%|████▏     | 50/120 [11:14<15:44,  0.07it/s, v_num=6, train_loss_step=0.910, val_loss=0.841, val_mean_auc=0.694, val_mean_ap=0.378, val_accuracy=0.669, val_f1=0.474, train_loss_epoch=0.828]
Epoch 14:  42%|████▏     | 50/120 [11:15<15:45,  0.07it/s, v_num=6, train_loss_step=0.769, val_loss=0.841, val_mean_auc=0.694, val_mean_ap=0.378, val_accuracy=0.669, val_f1=0.474, train_loss_epoch=0.828]
Epoch 14:  42%|████▎     | 51/120 [11:15<15:13,  0.08it/s, v_num=6, train_loss_step=0.769, val_loss=0.841, val_mean_auc=0.694, val_mean_ap=0.378, val_accuracy=0.669, val_f1=0.474, train_loss_epoch=0.828]
Epoch 14:  42%|████▎     | 51/120 [11:15<15:13,  0.08it/s, v_num=6, train_loss_step=0.566, val_loss=0.841, val_mean_auc=0.694, val_mean_ap=0.378, val_accuracy=0.669, val_f1=0.474, train_loss_epoch=0.828]
Epoch 14:  43%|████▎     | 52/120 [11:42<15:19,  0.07it/s, v_num=6, train_loss_step=0.566, val_loss=0.841, val_mean_auc=0.694, val_mean_ap=0.378, val_accuracy=0.669, val_f1=0.474, train_loss_epoch=0.828]
Epoch 14:  43%|████▎     | 52/120 [11:43<15:19,  0.07it/s, v_num=6, train_loss_step=0.767, val_loss=0.841, val_mean_auc=0.694, val_mean_ap=0.378, val_accuracy=0.669, val_f1=0.474, train_loss_epoch=0.828]
Epoch 14:  44%|████▍     | 53/120 [11:43<14:49,  0.08it/s, v_num=6, train_loss_step=0.767, val_loss=0.841, val_mean_auc=0.694, val_mean_ap=0.378, val_accuracy=0.669, val_f1=0.474, train_loss_epoch=0.828]
Epoch 14:  44%|████▍     | 53/120 [11:43<14:49,  0.08it/s, v_num=6, train_loss_step=0.740, val_loss=0.841, val_mean_auc=0.694, val_mean_ap=0.378, val_accuracy=0.669, val_f1=0.474, train_loss_epoch=0.828]
Epoch 14:  45%|████▌     | 54/120 [12:04<14:45,  0.07it/s, v_num=6, train_loss_step=0.740, val_loss=0.841, val_mean_auc=0.694, val_mean_ap=0.378, val_accuracy=0.669, val_f1=0.474, train_loss_epoch=0.828]
Epoch 14:  45%|████▌     | 54/120 [12:04<14:45,  0.07it/s, v_num=6, train_loss_step=0.798, val_loss=0.841, val_mean_auc=0.694, val_mean_ap=0.378, val_accuracy=0.669, val_f1=0.474, train_loss_epoch=0.828]
Epoch 14:  46%|████▌     | 55/120 [12:04<14:16,  0.08it/s, v_num=6, train_loss_step=0.798, val_loss=0.841, val_mean_auc=0.694, val_mean_ap=0.378, val_accuracy=0.669, val_f1=0.474, train_loss_epoch=0.828]
Epoch 14:  46%|████▌     | 55/120 [12:05<14:17,  0.08it/s, v_num=6, train_loss_step=0.762, val_loss=0.841, val_mean_auc=0.694, val_mean_ap=0.378, val_accuracy=0.669, val_f1=0.474, train_loss_epoch=0.828]
Epoch 14:  47%|████▋     | 56/120 [12:32<14:19,  0.07it/s, v_num=6, train_loss_step=0.762, val_loss=0.841, val_mean_auc=0.694, val_mean_ap=0.378, val_accuracy=0.669, val_f1=0.474, train_loss_epoch=0.828]
Epoch 14:  47%|████▋     | 56/120 [12:32<14:20,  0.07it/s, v_num=6, train_loss_step=0.920, val_loss=0.841, val_mean_auc=0.694, val_mean_ap=0.378, val_accuracy=0.669, val_f1=0.474, train_loss_epoch=0.828]
Epoch 14:  48%|████▊     | 57/120 [12:32<13:52,  0.08it/s, v_num=6, train_loss_step=0.920, val_loss=0.841, val_mean_auc=0.694, val_mean_ap=0.378, val_accuracy=0.669, val_f1=0.474, train_loss_epoch=0.828]
Epoch 14:  48%|████▊     | 57/120 [12:33<13:52,  0.08it/s, v_num=6, train_loss_step=0.848, val_loss=0.841, val_mean_auc=0.694, val_mean_ap=0.378, val_accuracy=0.669, val_f1=0.474, train_loss_epoch=0.828]
Epoch 14:  48%|████▊     | 58/120 [13:01<13:55,  0.07it/s, v_num=6, train_loss_step=0.848, val_loss=0.841, val_mean_auc=0.694, val_mean_ap=0.378, val_accuracy=0.669, val_f1=0.474, train_loss_epoch=0.828]
Epoch 14:  48%|████▊     | 58/120 [13:02<13:55,  0.07it/s, v_num=6, train_loss_step=0.933, val_loss=0.841, val_mean_auc=0.694, val_mean_ap=0.378, val_accuracy=0.669, val_f1=0.474, train_loss_epoch=0.828]
Epoch 14:  49%|████▉     | 59/120 [13:02<13:28,  0.08it/s, v_num=6, train_loss_step=0.933, val_loss=0.841, val_mean_auc=0.694, val_mean_ap=0.378, val_accuracy=0.669, val_f1=0.474, train_loss_epoch=0.828]
Epoch 14:  49%|████▉     | 59/120 [13:02<13:29,  0.08it/s, v_num=6, train_loss_step=0.749, val_loss=0.841, val_mean_auc=0.694, val_mean_ap=0.378, val_accuracy=0.669, val_f1=0.474, train_loss_epoch=0.828]
Epoch 14:  50%|█████     | 60/120 [13:30<13:30,  0.07it/s, v_num=6, train_loss_step=0.749, val_loss=0.841, val_mean_auc=0.694, val_mean_ap=0.378, val_accuracy=0.669, val_f1=0.474, train_loss_epoch=0.828]
Epoch 14:  50%|█████     | 60/120 [13:31<13:31,  0.07it/s, v_num=6, train_loss_step=0.813, val_loss=0.841, val_mean_auc=0.694, val_mean_ap=0.378, val_accuracy=0.669, val_f1=0.474, train_loss_epoch=0.828]
Epoch 14:  51%|█████     | 61/120 [13:31<13:04,  0.08it/s, v_num=6, train_loss_step=0.813, val_loss=0.841, val_mean_auc=0.694, val_mean_ap=0.378, val_accuracy=0.669, val_f1=0.474, train_loss_epoch=0.828]
Epoch 14:  51%|█████     | 61/120 [13:31<13:05,  0.08it/s, v_num=6, train_loss_step=0.715, val_loss=0.841, val_mean_auc=0.694, val_mean_ap=0.378, val_accuracy=0.669, val_f1=0.474, train_loss_epoch=0.828]
Epoch 14:  52%|█████▏    | 62/120 [13:58<13:04,  0.07it/s, v_num=6, train_loss_step=0.715, val_loss=0.841, val_mean_auc=0.694, val_mean_ap=0.378, val_accuracy=0.669, val_f1=0.474, train_loss_epoch=0.828]
Epoch 14:  52%|█████▏    | 62/120 [13:59<13:05,  0.07it/s, v_num=6, train_loss_step=0.577, val_loss=0.841, val_mean_auc=0.694, val_mean_ap=0.378, val_accuracy=0.669, val_f1=0.474, train_loss_epoch=0.828]
Epoch 14:  52%|█████▎    | 63/120 [13:59<12:39,  0.08it/s, v_num=6, train_loss_step=0.577, val_loss=0.841, val_mean_auc=0.694, val_mean_ap=0.378, val_accuracy=0.669, val_f1=0.474, train_loss_epoch=0.828]
Epoch 14:  52%|█████▎    | 63/120 [13:59<12:39,  0.08it/s, v_num=6, train_loss_step=1.020, val_loss=0.841, val_mean_auc=0.694, val_mean_ap=0.378, val_accuracy=0.669, val_f1=0.474, train_loss_epoch=0.828]
Epoch 14:  53%|█████▎    | 64/120 [14:21<12:33,  0.07it/s, v_num=6, train_loss_step=1.020, val_loss=0.841, val_mean_auc=0.694, val_mean_ap=0.378, val_accuracy=0.669, val_f1=0.474, train_loss_epoch=0.828]
Epoch 14:  53%|█████▎    | 64/120 [14:22<12:34,  0.07it/s, v_num=6, train_loss_step=0.649, val_loss=0.841, val_mean_auc=0.694, val_mean_ap=0.378, val_accuracy=0.669, val_f1=0.474, train_loss_epoch=0.828]
Epoch 14:  54%|█████▍    | 65/120 [14:22<12:09,  0.08it/s, v_num=6, train_loss_step=0.649, val_loss=0.841, val_mean_auc=0.694, val_mean_ap=0.378, val_accuracy=0.669, val_f1=0.474, train_loss_epoch=0.828]
Epoch 14:  54%|█████▍    | 65/120 [14:22<12:09,  0.08it/s, v_num=6, train_loss_step=0.719, val_loss=0.841, val_mean_auc=0.694, val_mean_ap=0.378, val_accuracy=0.669, val_f1=0.474, train_loss_epoch=0.828]
Epoch 14:  55%|█████▌    | 66/120 [15:01<12:17,  0.07it/s, v_num=6, train_loss_step=0.719, val_loss=0.841, val_mean_auc=0.694, val_mean_ap=0.378, val_accuracy=0.669, val_f1=0.474, train_loss_epoch=0.828]
Epoch 14:  55%|█████▌    | 66/120 [15:02<12:18,  0.07it/s, v_num=6, train_loss_step=1.010, val_loss=0.841, val_mean_auc=0.694, val_mean_ap=0.378, val_accuracy=0.669, val_f1=0.474, train_loss_epoch=0.828]
Epoch 14:  56%|█████▌    | 67/120 [15:02<11:53,  0.07it/s, v_num=6, train_loss_step=1.010, val_loss=0.841, val_mean_auc=0.694, val_mean_ap=0.378, val_accuracy=0.669, val_f1=0.474, train_loss_epoch=0.828]
Epoch 14:  56%|█████▌    | 67/120 [15:02<11:54,  0.07it/s, v_num=6, train_loss_step=1.130, val_loss=0.841, val_mean_auc=0.694, val_mean_ap=0.378, val_accuracy=0.669, val_f1=0.474, train_loss_epoch=0.828]
Epoch 14:  57%|█████▋    | 68/120 [15:31<11:52,  0.07it/s, v_num=6, train_loss_step=1.130, val_loss=0.841, val_mean_auc=0.694, val_mean_ap=0.378, val_accuracy=0.669, val_f1=0.474, train_loss_epoch=0.828]
Epoch 14:  57%|█████▋    | 68/120 [15:31<11:52,  0.07it/s, v_num=6, train_loss_step=1.170, val_loss=0.841, val_mean_auc=0.694, val_mean_ap=0.378, val_accuracy=0.669, val_f1=0.474, train_loss_epoch=0.828]
Epoch 14:  57%|█████▊    | 69/120 [15:31<11:28,  0.07it/s, v_num=6, train_loss_step=1.170, val_loss=0.841, val_mean_auc=0.694, val_mean_ap=0.378, val_accuracy=0.669, val_f1=0.474, train_loss_epoch=0.828]
Epoch 14:  57%|█████▊    | 69/120 [15:32<11:28,  0.07it/s, v_num=6, train_loss_step=0.719, val_loss=0.841, val_mean_auc=0.694, val_mean_ap=0.378, val_accuracy=0.669, val_f1=0.474, train_loss_epoch=0.828]
Epoch 14:  58%|█████▊    | 70/120 [15:53<11:21,  0.07it/s, v_num=6, train_loss_step=0.719, val_loss=0.841, val_mean_auc=0.694, val_mean_ap=0.378, val_accuracy=0.669, val_f1=0.474, train_loss_epoch=0.828]
Epoch 14:  58%|█████▊    | 70/120 [15:54<11:21,  0.07it/s, v_num=6, train_loss_step=0.804, val_loss=0.841, val_mean_auc=0.694, val_mean_ap=0.378, val_accuracy=0.669, val_f1=0.474, train_loss_epoch=0.828]
Epoch 14:  59%|█████▉    | 71/120 [15:54<10:58,  0.07it/s, v_num=6, train_loss_step=0.804, val_loss=0.841, val_mean_auc=0.694, val_mean_ap=0.378, val_accuracy=0.669, val_f1=0.474, train_loss_epoch=0.828]
Epoch 14:  59%|█████▉    | 71/120 [15:54<10:58,  0.07it/s, v_num=6, train_loss_step=0.722, val_loss=0.841, val_mean_auc=0.694, val_mean_ap=0.378, val_accuracy=0.669, val_f1=0.474, train_loss_epoch=0.828]
Epoch 14:  60%|██████    | 72/120 [16:25<10:57,  0.07it/s, v_num=6, train_loss_step=0.722, val_loss=0.841, val_mean_auc=0.694, val_mean_ap=0.378, val_accuracy=0.669, val_f1=0.474, train_loss_epoch=0.828]
Epoch 14:  60%|██████    | 72/120 [16:26<10:57,  0.07it/s, v_num=6, train_loss_step=0.722, val_loss=0.841, val_mean_auc=0.694, val_mean_ap=0.378, val_accuracy=0.669, val_f1=0.474, train_loss_epoch=0.828]
Epoch 14:  61%|██████    | 73/120 [16:26<10:34,  0.07it/s, v_num=6, train_loss_step=0.722, val_loss=0.841, val_mean_auc=0.694, val_mean_ap=0.378, val_accuracy=0.669, val_f1=0.474, train_loss_epoch=0.828]
Epoch 14:  61%|██████    | 73/120 [16:26<10:35,  0.07it/s, v_num=6, train_loss_step=0.866, val_loss=0.841, val_mean_auc=0.694, val_mean_ap=0.378, val_accuracy=0.669, val_f1=0.474, train_loss_epoch=0.828]
Epoch 14:  62%|██████▏   | 74/120 [16:57<10:32,  0.07it/s, v_num=6, train_loss_step=0.866, val_loss=0.841, val_mean_auc=0.694, val_mean_ap=0.378, val_accuracy=0.669, val_f1=0.474, train_loss_epoch=0.828]
Epoch 14:  62%|██████▏   | 74/120 [16:57<10:32,  0.07it/s, v_num=6, train_loss_step=0.672, val_loss=0.841, val_mean_auc=0.694, val_mean_ap=0.378, val_accuracy=0.669, val_f1=0.474, train_loss_epoch=0.828]
Epoch 14:  62%|██████▎   | 75/120 [16:57<10:10,  0.07it/s, v_num=6, train_loss_step=0.672, val_loss=0.841, val_mean_auc=0.694, val_mean_ap=0.378, val_accuracy=0.669, val_f1=0.474, train_loss_epoch=0.828]
Epoch 14:  62%|██████▎   | 75/120 [16:58<10:10,  0.07it/s, v_num=6, train_loss_step=0.763, val_loss=0.841, val_mean_auc=0.694, val_mean_ap=0.378, val_accuracy=0.669, val_f1=0.474, train_loss_epoch=0.828]
Epoch 14:  63%|██████▎   | 76/120 [17:21<10:02,  0.07it/s, v_num=6, train_loss_step=0.763, val_loss=0.841, val_mean_auc=0.694, val_mean_ap=0.378, val_accuracy=0.669, val_f1=0.474, train_loss_epoch=0.828]
Epoch 14:  63%|██████▎   | 76/120 [17:21<10:03,  0.07it/s, v_num=6, train_loss_step=0.842, val_loss=0.841, val_mean_auc=0.694, val_mean_ap=0.378, val_accuracy=0.669, val_f1=0.474, train_loss_epoch=0.828]
Epoch 14:  64%|██████▍   | 77/120 [17:21<09:41,  0.07it/s, v_num=6, train_loss_step=0.842, val_loss=0.841, val_mean_auc=0.694, val_mean_ap=0.378, val_accuracy=0.669, val_f1=0.474, train_loss_epoch=0.828]
Epoch 14:  64%|██████▍   | 77/120 [17:22<09:42,  0.07it/s, v_num=6, train_loss_step=0.766, val_loss=0.841, val_mean_auc=0.694, val_mean_ap=0.378, val_accuracy=0.669, val_f1=0.474, train_loss_epoch=0.828]
Epoch 14:  65%|██████▌   | 78/120 [17:45<09:33,  0.07it/s, v_num=6, train_loss_step=0.766, val_loss=0.841, val_mean_auc=0.694, val_mean_ap=0.378, val_accuracy=0.669, val_f1=0.474, train_loss_epoch=0.828]
Epoch 14:  65%|██████▌   | 78/120 [17:46<09:34,  0.07it/s, v_num=6, train_loss_step=0.894, val_loss=0.841, val_mean_auc=0.694, val_mean_ap=0.378, val_accuracy=0.669, val_f1=0.474, train_loss_epoch=0.828]
Epoch 14:  66%|██████▌   | 79/120 [17:46<09:13,  0.07it/s, v_num=6, train_loss_step=0.894, val_loss=0.841, val_mean_auc=0.694, val_mean_ap=0.378, val_accuracy=0.669, val_f1=0.474, train_loss_epoch=0.828]
Epoch 14:  66%|██████▌   | 79/120 [17:46<09:13,  0.07it/s, v_num=6, train_loss_step=1.190, val_loss=0.841, val_mean_auc=0.694, val_mean_ap=0.378, val_accuracy=0.669, val_f1=0.474, train_loss_epoch=0.828]
Epoch 14:  67%|██████▋   | 80/120 [18:11<09:05,  0.07it/s, v_num=6, train_loss_step=1.190, val_loss=0.841, val_mean_auc=0.694, val_mean_ap=0.378, val_accuracy=0.669, val_f1=0.474, train_loss_epoch=0.828]
Epoch 14:  67%|██████▋   | 80/120 [18:11<09:05,  0.07it/s, v_num=6, train_loss_step=0.918, val_loss=0.841, val_mean_auc=0.694, val_mean_ap=0.378, val_accuracy=0.669, val_f1=0.474, train_loss_epoch=0.828]
Epoch 14:  68%|██████▊   | 81/120 [18:11<08:45,  0.07it/s, v_num=6, train_loss_step=0.918, val_loss=0.841, val_mean_auc=0.694, val_mean_ap=0.378, val_accuracy=0.669, val_f1=0.474, train_loss_epoch=0.828]
Epoch 14:  68%|██████▊   | 81/120 [18:12<08:45,  0.07it/s, v_num=6, train_loss_step=0.802, val_loss=0.841, val_mean_auc=0.694, val_mean_ap=0.378, val_accuracy=0.669, val_f1=0.474, train_loss_epoch=0.828]
Epoch 14:  68%|██████▊   | 82/120 [18:34<08:36,  0.07it/s, v_num=6, train_loss_step=0.802, val_loss=0.841, val_mean_auc=0.694, val_mean_ap=0.378, val_accuracy=0.669, val_f1=0.474, train_loss_epoch=0.828]
Epoch 14:  68%|██████▊   | 82/120 [18:34<08:36,  0.07it/s, v_num=6, train_loss_step=1.220, val_loss=0.841, val_mean_auc=0.694, val_mean_ap=0.378, val_accuracy=0.669, val_f1=0.474, train_loss_epoch=0.828]
Epoch 14:  69%|██████▉   | 83/120 [18:34<08:16,  0.07it/s, v_num=6, train_loss_step=1.220, val_loss=0.841, val_mean_auc=0.694, val_mean_ap=0.378, val_accuracy=0.669, val_f1=0.474, train_loss_epoch=0.828]
Epoch 14:  69%|██████▉   | 83/120 [18:34<08:17,  0.07it/s, v_num=6, train_loss_step=0.961, val_loss=0.841, val_mean_auc=0.694, val_mean_ap=0.378, val_accuracy=0.669, val_f1=0.474, train_loss_epoch=0.828]
Epoch 14:  70%|███████   | 84/120 [19:00<08:08,  0.07it/s, v_num=6, train_loss_step=0.961, val_loss=0.841, val_mean_auc=0.694, val_mean_ap=0.378, val_accuracy=0.669, val_f1=0.474, train_loss_epoch=0.828]
Epoch 14:  70%|███████   | 84/120 [19:01<08:09,  0.07it/s, v_num=6, train_loss_step=0.948, val_loss=0.841, val_mean_auc=0.694, val_mean_ap=0.378, val_accuracy=0.669, val_f1=0.474, train_loss_epoch=0.828]
Epoch 14:  71%|███████   | 85/120 [19:01<07:49,  0.07it/s, v_num=6, train_loss_step=0.948, val_loss=0.841, val_mean_auc=0.694, val_mean_ap=0.378, val_accuracy=0.669, val_f1=0.474, train_loss_epoch=0.828]
Epoch 14:  71%|███████   | 85/120 [19:01<07:50,  0.07it/s, v_num=6, train_loss_step=0.640, val_loss=0.841, val_mean_auc=0.694, val_mean_ap=0.378, val_accuracy=0.669, val_f1=0.474, train_loss_epoch=0.828]
Epoch 14:  72%|███████▏  | 86/120 [19:21<07:39,  0.07it/s, v_num=6, train_loss_step=0.640, val_loss=0.841, val_mean_auc=0.694, val_mean_ap=0.378, val_accuracy=0.669, val_f1=0.474, train_loss_epoch=0.828]
Epoch 14:  72%|███████▏  | 86/120 [19:22<07:39,  0.07it/s, v_num=6, train_loss_step=0.943, val_loss=0.841, val_mean_auc=0.694, val_mean_ap=0.378, val_accuracy=0.669, val_f1=0.474, train_loss_epoch=0.828]
Epoch 14:  72%|███████▎  | 87/120 [19:22<07:20,  0.07it/s, v_num=6, train_loss_step=0.943, val_loss=0.841, val_mean_auc=0.694, val_mean_ap=0.378, val_accuracy=0.669, val_f1=0.474, train_loss_epoch=0.828]
Epoch 14:  72%|███████▎  | 87/120 [19:22<07:20,  0.07it/s, v_num=6, train_loss_step=0.369, val_loss=0.841, val_mean_auc=0.694, val_mean_ap=0.378, val_accuracy=0.669, val_f1=0.474, train_loss_epoch=0.828]
Epoch 14:  73%|███████▎  | 88/120 [19:46<07:11,  0.07it/s, v_num=6, train_loss_step=0.369, val_loss=0.841, val_mean_auc=0.694, val_mean_ap=0.378, val_accuracy=0.669, val_f1=0.474, train_loss_epoch=0.828]
Epoch 14:  73%|███████▎  | 88/120 [19:47<07:11,  0.07it/s, v_num=6, train_loss_step=0.973, val_loss=0.841, val_mean_auc=0.694, val_mean_ap=0.378, val_accuracy=0.669, val_f1=0.474, train_loss_epoch=0.828]
Epoch 14:  74%|███████▍  | 89/120 [19:47<06:53,  0.07it/s, v_num=6, train_loss_step=0.973, val_loss=0.841, val_mean_auc=0.694, val_mean_ap=0.378, val_accuracy=0.669, val_f1=0.474, train_loss_epoch=0.828]
Epoch 14:  74%|███████▍  | 89/120 [19:47<06:53,  0.07it/s, v_num=6, train_loss_step=0.858, val_loss=0.841, val_mean_auc=0.694, val_mean_ap=0.378, val_accuracy=0.669, val_f1=0.474, train_loss_epoch=0.828]
Epoch 14:  75%|███████▌  | 90/120 [20:17<06:45,  0.07it/s, v_num=6, train_loss_step=0.858, val_loss=0.841, val_mean_auc=0.694, val_mean_ap=0.378, val_accuracy=0.669, val_f1=0.474, train_loss_epoch=0.828]
Epoch 14:  75%|███████▌  | 90/120 [20:17<06:45,  0.07it/s, v_num=6, train_loss_step=0.608, val_loss=0.841, val_mean_auc=0.694, val_mean_ap=0.378, val_accuracy=0.669, val_f1=0.474, train_loss_epoch=0.828]
Epoch 14:  76%|███████▌  | 91/120 [20:17<06:28,  0.07it/s, v_num=6, train_loss_step=0.608, val_loss=0.841, val_mean_auc=0.694, val_mean_ap=0.378, val_accuracy=0.669, val_f1=0.474, train_loss_epoch=0.828]
Epoch 14:  76%|███████▌  | 91/120 [20:18<06:28,  0.07it/s, v_num=6, train_loss_step=1.180, val_loss=0.841, val_mean_auc=0.694, val_mean_ap=0.378, val_accuracy=0.669, val_f1=0.474, train_loss_epoch=0.828]
Epoch 14:  77%|███████▋  | 92/120 [20:47<06:19,  0.07it/s, v_num=6, train_loss_step=1.180, val_loss=0.841, val_mean_auc=0.694, val_mean_ap=0.378, val_accuracy=0.669, val_f1=0.474, train_loss_epoch=0.828]
Epoch 14:  77%|███████▋  | 92/120 [20:48<06:19,  0.07it/s, v_num=6, train_loss_step=0.940, val_loss=0.841, val_mean_auc=0.694, val_mean_ap=0.378, val_accuracy=0.669, val_f1=0.474, train_loss_epoch=0.828]
Epoch 14:  78%|███████▊  | 93/120 [20:48<06:02,  0.07it/s, v_num=6, train_loss_step=0.940, val_loss=0.841, val_mean_auc=0.694, val_mean_ap=0.378, val_accuracy=0.669, val_f1=0.474, train_loss_epoch=0.828]
Epoch 14:  78%|███████▊  | 93/120 [20:48<06:02,  0.07it/s, v_num=6, train_loss_step=0.806, val_loss=0.841, val_mean_auc=0.694, val_mean_ap=0.378, val_accuracy=0.669, val_f1=0.474, train_loss_epoch=0.828]
Epoch 14:  78%|███████▊  | 94/120 [21:12<05:51,  0.07it/s, v_num=6, train_loss_step=0.806, val_loss=0.841, val_mean_auc=0.694, val_mean_ap=0.378, val_accuracy=0.669, val_f1=0.474, train_loss_epoch=0.828]
Epoch 14:  78%|███████▊  | 94/120 [21:12<05:52,  0.07it/s, v_num=6, train_loss_step=0.746, val_loss=0.841, val_mean_auc=0.694, val_mean_ap=0.378, val_accuracy=0.669, val_f1=0.474, train_loss_epoch=0.828]
Epoch 14:  79%|███████▉  | 95/120 [21:12<05:34,  0.07it/s, v_num=6, train_loss_step=0.746, val_loss=0.841, val_mean_auc=0.694, val_mean_ap=0.378, val_accuracy=0.669, val_f1=0.474, train_loss_epoch=0.828]
Epoch 14:  79%|███████▉  | 95/120 [21:13<05:35,  0.07it/s, v_num=6, train_loss_step=0.601, val_loss=0.841, val_mean_auc=0.694, val_mean_ap=0.378, val_accuracy=0.669, val_f1=0.474, train_loss_epoch=0.828]
Epoch 14:  80%|████████  | 96/120 [21:41<05:25,  0.07it/s, v_num=6, train_loss_step=0.601, val_loss=0.841, val_mean_auc=0.694, val_mean_ap=0.378, val_accuracy=0.669, val_f1=0.474, train_loss_epoch=0.828]
Epoch 14:  80%|████████  | 96/120 [21:42<05:25,  0.07it/s, v_num=6, train_loss_step=0.616, val_loss=0.841, val_mean_auc=0.694, val_mean_ap=0.378, val_accuracy=0.669, val_f1=0.474, train_loss_epoch=0.828]
Epoch 14:  81%|████████  | 97/120 [21:42<05:08,  0.07it/s, v_num=6, train_loss_step=0.616, val_loss=0.841, val_mean_auc=0.694, val_mean_ap=0.378, val_accuracy=0.669, val_f1=0.474, train_loss_epoch=0.828]
Epoch 14:  81%|████████  | 97/120 [21:42<05:08,  0.07it/s, v_num=6, train_loss_step=0.642, val_loss=0.841, val_mean_auc=0.694, val_mean_ap=0.378, val_accuracy=0.669, val_f1=0.474, train_loss_epoch=0.828]
Epoch 14:  82%|████████▏ | 98/120 [22:08<04:58,  0.07it/s, v_num=6, train_loss_step=0.642, val_loss=0.841, val_mean_auc=0.694, val_mean_ap=0.378, val_accuracy=0.669, val_f1=0.474, train_loss_epoch=0.828]
Epoch 14:  82%|████████▏ | 98/120 [22:09<04:58,  0.07it/s, v_num=6, train_loss_step=0.445, val_loss=0.841, val_mean_auc=0.694, val_mean_ap=0.378, val_accuracy=0.669, val_f1=0.474, train_loss_epoch=0.828]
Epoch 14:  82%|████████▎ | 99/120 [22:09<04:42,  0.07it/s, v_num=6, train_loss_step=0.445, val_loss=0.841, val_mean_auc=0.694, val_mean_ap=0.378, val_accuracy=0.669, val_f1=0.474, train_loss_epoch=0.828]
Epoch 14:  82%|████████▎ | 99/120 [22:09<04:42,  0.07it/s, v_num=6, train_loss_step=0.586, val_loss=0.841, val_mean_auc=0.694, val_mean_ap=0.378, val_accuracy=0.669, val_f1=0.474, train_loss_epoch=0.828]
Epoch 14:  83%|████████▎ | 100/120 [22:32<04:30,  0.07it/s, v_num=6, train_loss_step=0.586, val_loss=0.841, val_mean_auc=0.694, val_mean_ap=0.378, val_accuracy=0.669, val_f1=0.474, train_loss_epoch=0.828]
Epoch 14:  83%|████████▎ | 100/120 [22:32<04:30,  0.07it/s, v_num=6, train_loss_step=0.939, val_loss=0.841, val_mean_auc=0.694, val_mean_ap=0.378, val_accuracy=0.669, val_f1=0.474, train_loss_epoch=0.828]
Epoch 14:  84%|████████▍ | 101/120 [22:33<04:14,  0.07it/s, v_num=6, train_loss_step=0.939, val_loss=0.841, val_mean_auc=0.694, val_mean_ap=0.378, val_accuracy=0.669, val_f1=0.474, train_loss_epoch=0.828]
Epoch 14:  84%|████████▍ | 101/120 [22:33<04:14,  0.07it/s, v_num=6, train_loss_step=0.648, val_loss=0.841, val_mean_auc=0.694, val_mean_ap=0.378, val_accuracy=0.669, val_f1=0.474, train_loss_epoch=0.828]
Epoch 14:  85%|████████▌ | 102/120 [23:01<04:03,  0.07it/s, v_num=6, train_loss_step=0.648, val_loss=0.841, val_mean_auc=0.694, val_mean_ap=0.378, val_accuracy=0.669, val_f1=0.474, train_loss_epoch=0.828]
Epoch 14:  85%|████████▌ | 102/120 [23:02<04:03,  0.07it/s, v_num=6, train_loss_step=0.726, val_loss=0.841, val_mean_auc=0.694, val_mean_ap=0.378, val_accuracy=0.669, val_f1=0.474, train_loss_epoch=0.828]
Epoch 14:  86%|████████▌ | 103/120 [23:02<03:48,  0.07it/s, v_num=6, train_loss_step=0.726, val_loss=0.841, val_mean_auc=0.694, val_mean_ap=0.378, val_accuracy=0.669, val_f1=0.474, train_loss_epoch=0.828]
Epoch 14:  86%|████████▌ | 103/120 [23:02<03:48,  0.07it/s, v_num=6, train_loss_step=0.772, val_loss=0.841, val_mean_auc=0.694, val_mean_ap=0.378, val_accuracy=0.669, val_f1=0.474, train_loss_epoch=0.828]
Epoch 14:  87%|████████▋ | 104/120 [23:27<03:36,  0.07it/s, v_num=6, train_loss_step=0.772, val_loss=0.841, val_mean_auc=0.694, val_mean_ap=0.378, val_accuracy=0.669, val_f1=0.474, train_loss_epoch=0.828]
Epoch 14:  87%|████████▋ | 104/120 [23:28<03:36,  0.07it/s, v_num=6, train_loss_step=0.733, val_loss=0.841, val_mean_auc=0.694, val_mean_ap=0.378, val_accuracy=0.669, val_f1=0.474, train_loss_epoch=0.828]
Epoch 14:  88%|████████▊ | 105/120 [23:28<03:21,  0.07it/s, v_num=6, train_loss_step=0.733, val_loss=0.841, val_mean_auc=0.694, val_mean_ap=0.378, val_accuracy=0.669, val_f1=0.474, train_loss_epoch=0.828]
Epoch 14:  88%|████████▊ | 105/120 [23:28<03:21,  0.07it/s, v_num=6, train_loss_step=0.664, val_loss=0.841, val_mean_auc=0.694, val_mean_ap=0.378, val_accuracy=0.669, val_f1=0.474, train_loss_epoch=0.828]
Epoch 14:  88%|████████▊ | 106/120 [23:49<03:08,  0.07it/s, v_num=6, train_loss_step=0.664, val_loss=0.841, val_mean_auc=0.694, val_mean_ap=0.378, val_accuracy=0.669, val_f1=0.474, train_loss_epoch=0.828]
Epoch 14:  88%|████████▊ | 106/120 [23:49<03:08,  0.07it/s, v_num=6, train_loss_step=1.250, val_loss=0.841, val_mean_auc=0.694, val_mean_ap=0.378, val_accuracy=0.669, val_f1=0.474, train_loss_epoch=0.828]
Epoch 14:  89%|████████▉ | 107/120 [23:50<02:53,  0.07it/s, v_num=6, train_loss_step=1.250, val_loss=0.841, val_mean_auc=0.694, val_mean_ap=0.378, val_accuracy=0.669, val_f1=0.474, train_loss_epoch=0.828]
Epoch 14:  89%|████████▉ | 107/120 [23:50<02:53,  0.07it/s, v_num=6, train_loss_step=0.807, val_loss=0.841, val_mean_auc=0.694, val_mean_ap=0.378, val_accuracy=0.669, val_f1=0.474, train_loss_epoch=0.828]
Epoch 14:  90%|█████████ | 108/120 [24:19<02:42,  0.07it/s, v_num=6, train_loss_step=0.807, val_loss=0.841, val_mean_auc=0.694, val_mean_ap=0.378, val_accuracy=0.669, val_f1=0.474, train_loss_epoch=0.828]
Epoch 14:  90%|█████████ | 108/120 [24:20<02:42,  0.07it/s, v_num=6, train_loss_step=0.748, val_loss=0.841, val_mean_auc=0.694, val_mean_ap=0.378, val_accuracy=0.669, val_f1=0.474, train_loss_epoch=0.828]
Epoch 14:  91%|█████████ | 109/120 [24:20<02:27,  0.07it/s, v_num=6, train_loss_step=0.748, val_loss=0.841, val_mean_auc=0.694, val_mean_ap=0.378, val_accuracy=0.669, val_f1=0.474, train_loss_epoch=0.828]
Epoch 14:  91%|█████████ | 109/120 [24:20<02:27,  0.07it/s, v_num=6, train_loss_step=1.130, val_loss=0.841, val_mean_auc=0.694, val_mean_ap=0.378, val_accuracy=0.669, val_f1=0.474, train_loss_epoch=0.828]
Epoch 14:  92%|█████████▏| 110/120 [24:40<02:14,  0.07it/s, v_num=6, train_loss_step=1.130, val_loss=0.841, val_mean_auc=0.694, val_mean_ap=0.378, val_accuracy=0.669, val_f1=0.474, train_loss_epoch=0.828]
Epoch 14:  92%|█████████▏| 110/120 [24:40<02:14,  0.07it/s, v_num=6, train_loss_step=0.897, val_loss=0.841, val_mean_auc=0.694, val_mean_ap=0.378, val_accuracy=0.669, val_f1=0.474, train_loss_epoch=0.828]
Epoch 14:  92%|█████████▎| 111/120 [24:40<02:00,  0.07it/s, v_num=6, train_loss_step=0.897, val_loss=0.841, val_mean_auc=0.694, val_mean_ap=0.378, val_accuracy=0.669, val_f1=0.474, train_loss_epoch=0.828]
Epoch 14:  92%|█████████▎| 111/120 [24:41<02:00,  0.07it/s, v_num=6, train_loss_step=0.455, val_loss=0.841, val_mean_auc=0.694, val_mean_ap=0.378, val_accuracy=0.669, val_f1=0.474, train_loss_epoch=0.828]
Epoch 14:  93%|█████████▎| 112/120 [25:14<01:48,  0.07it/s, v_num=6, train_loss_step=0.455, val_loss=0.841, val_mean_auc=0.694, val_mean_ap=0.378, val_accuracy=0.669, val_f1=0.474, train_loss_epoch=0.828]
Epoch 14:  93%|█████████▎| 112/120 [25:14<01:48,  0.07it/s, v_num=6, train_loss_step=0.703, val_loss=0.841, val_mean_auc=0.694, val_mean_ap=0.378, val_accuracy=0.669, val_f1=0.474, train_loss_epoch=0.828]
Epoch 14:  94%|█████████▍| 113/120 [25:14<01:33,  0.07it/s, v_num=6, train_loss_step=0.703, val_loss=0.841, val_mean_auc=0.694, val_mean_ap=0.378, val_accuracy=0.669, val_f1=0.474, train_loss_epoch=0.828]
Epoch 14:  94%|█████████▍| 113/120 [25:15<01:33,  0.07it/s, v_num=6, train_loss_step=0.728, val_loss=0.841, val_mean_auc=0.694, val_mean_ap=0.378, val_accuracy=0.669, val_f1=0.474, train_loss_epoch=0.828]
Epoch 14:  95%|█████████▌| 114/120 [25:43<01:21,  0.07it/s, v_num=6, train_loss_step=0.728, val_loss=0.841, val_mean_auc=0.694, val_mean_ap=0.378, val_accuracy=0.669, val_f1=0.474, train_loss_epoch=0.828]
Epoch 14:  95%|█████████▌| 114/120 [25:44<01:21,  0.07it/s, v_num=6, train_loss_step=1.040, val_loss=0.841, val_mean_auc=0.694, val_mean_ap=0.378, val_accuracy=0.669, val_f1=0.474, train_loss_epoch=0.828]
Epoch 14:  96%|█████████▌| 115/120 [25:44<01:07,  0.07it/s, v_num=6, train_loss_step=1.040, val_loss=0.841, val_mean_auc=0.694, val_mean_ap=0.378, val_accuracy=0.669, val_f1=0.474, train_loss_epoch=0.828]
Epoch 14:  96%|█████████▌| 115/120 [25:44<01:07,  0.07it/s, v_num=6, train_loss_step=0.747, val_loss=0.841, val_mean_auc=0.694, val_mean_ap=0.378, val_accuracy=0.669, val_f1=0.474, train_loss_epoch=0.828]
Epoch 14:  97%|█████████▋| 116/120 [26:14<00:54,  0.07it/s, v_num=6, train_loss_step=0.747, val_loss=0.841, val_mean_auc=0.694, val_mean_ap=0.378, val_accuracy=0.669, val_f1=0.474, train_loss_epoch=0.828]
Epoch 14:  97%|█████████▋| 116/120 [26:14<00:54,  0.07it/s, v_num=6, train_loss_step=0.814, val_loss=0.841, val_mean_auc=0.694, val_mean_ap=0.378, val_accuracy=0.669, val_f1=0.474, train_loss_epoch=0.828]
Epoch 14:  98%|█████████▊| 117/120 [26:14<00:40,  0.07it/s, v_num=6, train_loss_step=0.814, val_loss=0.841, val_mean_auc=0.694, val_mean_ap=0.378, val_accuracy=0.669, val_f1=0.474, train_loss_epoch=0.828]
Epoch 14:  98%|█████████▊| 117/120 [26:14<00:40,  0.07it/s, v_num=6, train_loss_step=0.910, val_loss=0.841, val_mean_auc=0.694, val_mean_ap=0.378, val_accuracy=0.669, val_f1=0.474, train_loss_epoch=0.828]
Epoch 14:  98%|█████████▊| 118/120 [26:44<00:27,  0.07it/s, v_num=6, train_loss_step=0.910, val_loss=0.841, val_mean_auc=0.694, val_mean_ap=0.378, val_accuracy=0.669, val_f1=0.474, train_loss_epoch=0.828]
Epoch 14:  98%|█████████▊| 118/120 [26:45<00:27,  0.07it/s, v_num=6, train_loss_step=0.831, val_loss=0.841, val_mean_auc=0.694, val_mean_ap=0.378, val_accuracy=0.669, val_f1=0.474, train_loss_epoch=0.828]
Epoch 14:  99%|█████████▉| 119/120 [26:45<00:13,  0.07it/s, v_num=6, train_loss_step=0.831, val_loss=0.841, val_mean_auc=0.694, val_mean_ap=0.378, val_accuracy=0.669, val_f1=0.474, train_loss_epoch=0.828]
Epoch 14:  99%|█████████▉| 119/120 [26:45<00:13,  0.07it/s, v_num=6, train_loss_step=0.752, val_loss=0.841, val_mean_auc=0.694, val_mean_ap=0.378, val_accuracy=0.669, val_f1=0.474, train_loss_epoch=0.828]
Epoch 14: 100%|██████████| 120/120 [27:06<00:00,  0.07it/s, v_num=6, train_loss_step=0.752, val_loss=0.841, val_mean_auc=0.694, val_mean_ap=0.378, val_accuracy=0.669, val_f1=0.474, train_loss_epoch=0.828]
Epoch 14: 100%|██████████| 120/120 [27:06<00:00,  0.07it/s, v_num=6, train_loss_step=0.702, val_loss=0.841, val_mean_auc=0.694, val_mean_ap=0.378, val_accuracy=0.669, val_f1=0.474, train_loss_epoch=0.828]

Validation: |          | 0/? [00:00<?, ?it/s][A

Validation: |          | 0/? [00:00<?, ?it/s][A

Validation DataLoader 0:   0%|          | 0/15 [00:00<?, ?it/s][A

Validation DataLoader 0:   7%|▋         | 1/15 [00:00<00:06,  2.04it/s][A

Validation DataLoader 0:  13%|█▎        | 2/15 [00:00<00:06,  2.07it/s][A

Validation DataLoader 0:  20%|██        | 3/15 [00:22<01:30,  0.13it/s][A

Validation DataLoader 0:  27%|██▋       | 4/15 [00:23<01:03,  0.17it/s][A

Validation DataLoader 0:  33%|███▎      | 5/15 [00:48<01:36,  0.10it/s][A

Validation DataLoader 0:  40%|████      | 6/15 [00:48<01:13,  0.12it/s][A

Validation DataLoader 0:  47%|████▋     | 7/15 [01:11<01:21,  0.10it/s][A

Validation DataLoader 0:  53%|█████▎    | 8/15 [01:11<01:02,  0.11it/s][A

Validation DataLoader 0:  60%|██████    | 9/15 [01:30<01:00,  0.10it/s][A

Validation DataLoader 0:  67%|██████▋   | 10/15 [01:30<00:45,  0.11it/s][A

Validation DataLoader 0:  73%|███████▎  | 11/15 [01:57<00:42,  0.09it/s][A

Validation DataLoader 0:  80%|████████  | 12/15 [01:57<00:29,  0.10it/s][A

Validation DataLoader 0:  87%|████████▋ | 13/15 [02:22<00:21,  0.09it/s][A

Validation DataLoader 0:  93%|█████████▎| 14/15 [02:23<00:10,  0.10it/s][A

Validation DataLoader 0: 100%|██████████| 15/15 [02:42<00:00,  0.09it/s][A

                                                                        [A
Epoch 14: 100%|██████████| 120/120 [30:17<00:00,  0.07it/s, v_num=6, train_loss_step=0.702, val_loss=0.844, val_mean_auc=0.693, val_mean_ap=0.378, val_accuracy=0.653, val_f1=0.474, train_loss_epoch=0.828]
Epoch 14: 100%|██████████| 120/120 [30:17<00:00,  0.07it/s, v_num=6, train_loss_step=0.702, val_loss=0.844, val_mean_auc=0.693, val_mean_ap=0.378, val_accuracy=0.653, val_f1=0.474, train_loss_epoch=0.819]
Epoch 14:   0%|          | 0/120 [00:00<?, ?it/s, v_num=6, train_loss_step=0.702, val_loss=0.844, val_mean_auc=0.693, val_mean_ap=0.378, val_accuracy=0.653, val_f1=0.474, train_loss_epoch=0.819]          
Epoch 15:   0%|          | 0/120 [00:00<?, ?it/s, v_num=6, train_loss_step=0.702, val_loss=0.844, val_mean_auc=0.693, val_mean_ap=0.378, val_accuracy=0.653, val_f1=0.474, train_loss_epoch=0.819]
Epoch 15:   1%|          | 1/120 [00:26<52:03,  0.04it/s, v_num=6, train_loss_step=0.702, val_loss=0.844, val_mean_auc=0.693, val_mean_ap=0.378, val_accuracy=0.653, val_f1=0.474, train_loss_epoch=0.819]
Epoch 15:   1%|          | 1/120 [00:26<52:55,  0.04it/s, v_num=6, train_loss_step=0.936, val_loss=0.844, val_mean_auc=0.693, val_mean_ap=0.378, val_accuracy=0.653, val_f1=0.474, train_loss_epoch=0.819]
Epoch 15:   2%|▏         | 2/120 [00:27<26:34,  0.07it/s, v_num=6, train_loss_step=0.936, val_loss=0.844, val_mean_auc=0.693, val_mean_ap=0.378, val_accuracy=0.653, val_f1=0.474, train_loss_epoch=0.819]
Epoch 15:   2%|▏         | 2/120 [00:27<26:59,  0.07it/s, v_num=6, train_loss_step=0.822, val_loss=0.844, val_mean_auc=0.693, val_mean_ap=0.378, val_accuracy=0.653, val_f1=0.474, train_loss_epoch=0.819]
Epoch 15:   2%|▎         | 3/120 [00:48<31:45,  0.06it/s, v_num=6, train_loss_step=0.822, val_loss=0.844, val_mean_auc=0.693, val_mean_ap=0.378, val_accuracy=0.653, val_f1=0.474, train_loss_epoch=0.819]
Epoch 15:   2%|▎         | 3/120 [00:49<32:02,  0.06it/s, v_num=6, train_loss_step=0.989, val_loss=0.844, val_mean_auc=0.693, val_mean_ap=0.378, val_accuracy=0.653, val_f1=0.474, train_loss_epoch=0.819]
Epoch 15:   3%|▎         | 4/120 [00:53<25:48,  0.07it/s, v_num=6, train_loss_step=0.989, val_loss=0.844, val_mean_auc=0.693, val_mean_ap=0.378, val_accuracy=0.653, val_f1=0.474, train_loss_epoch=0.819]
Epoch 15:   3%|▎         | 4/120 [00:53<26:00,  0.07it/s, v_num=6, train_loss_step=0.913, val_loss=0.844, val_mean_auc=0.693, val_mean_ap=0.378, val_accuracy=0.653, val_f1=0.474, train_loss_epoch=0.819]
Epoch 15:   4%|▍         | 5/120 [01:11<27:33,  0.07it/s, v_num=6, train_loss_step=0.913, val_loss=0.844, val_mean_auc=0.693, val_mean_ap=0.378, val_accuracy=0.653, val_f1=0.474, train_loss_epoch=0.819]
Epoch 15:   4%|▍         | 5/120 [01:12<27:44,  0.07it/s, v_num=6, train_loss_step=0.505, val_loss=0.844, val_mean_auc=0.693, val_mean_ap=0.378, val_accuracy=0.653, val_f1=0.474, train_loss_epoch=0.819]
Epoch 15:   5%|▌         | 6/120 [01:16<24:09,  0.08it/s, v_num=6, train_loss_step=0.505, val_loss=0.844, val_mean_auc=0.693, val_mean_ap=0.378, val_accuracy=0.653, val_f1=0.474, train_loss_epoch=0.819]
Epoch 15:   5%|▌         | 6/120 [01:16<24:17,  0.08it/s, v_num=6, train_loss_step=0.507, val_loss=0.844, val_mean_auc=0.693, val_mean_ap=0.378, val_accuracy=0.653, val_f1=0.474, train_loss_epoch=0.819]
Epoch 15:   6%|▌         | 7/120 [01:35<25:42,  0.07it/s, v_num=6, train_loss_step=0.507, val_loss=0.844, val_mean_auc=0.693, val_mean_ap=0.378, val_accuracy=0.653, val_f1=0.474, train_loss_epoch=0.819]
Epoch 15:   6%|▌         | 7/120 [01:36<25:49,  0.07it/s, v_num=6, train_loss_step=0.708, val_loss=0.844, val_mean_auc=0.693, val_mean_ap=0.378, val_accuracy=0.653, val_f1=0.474, train_loss_epoch=0.819]
Epoch 15:   7%|▋         | 8/120 [01:52<26:18,  0.07it/s, v_num=6, train_loss_step=0.708, val_loss=0.844, val_mean_auc=0.693, val_mean_ap=0.378, val_accuracy=0.653, val_f1=0.474, train_loss_epoch=0.819]
Epoch 15:   7%|▋         | 8/120 [01:53<26:25,  0.07it/s, v_num=6, train_loss_step=0.944, val_loss=0.844, val_mean_auc=0.693, val_mean_ap=0.378, val_accuracy=0.653, val_f1=0.474, train_loss_epoch=0.819]
Epoch 15:   8%|▊         | 9/120 [01:59<24:36,  0.08it/s, v_num=6, train_loss_step=0.944, val_loss=0.844, val_mean_auc=0.693, val_mean_ap=0.378, val_accuracy=0.653, val_f1=0.474, train_loss_epoch=0.819]
Epoch 15:   8%|▊         | 9/120 [02:00<24:41,  0.07it/s, v_num=6, train_loss_step=0.685, val_loss=0.844, val_mean_auc=0.693, val_mean_ap=0.378, val_accuracy=0.653, val_f1=0.474, train_loss_epoch=0.819]
Epoch 15:   8%|▊         | 10/120 [02:23<26:13,  0.07it/s, v_num=6, train_loss_step=0.685, val_loss=0.844, val_mean_auc=0.693, val_mean_ap=0.378, val_accuracy=0.653, val_f1=0.474, train_loss_epoch=0.819]
Epoch 15:   8%|▊         | 10/120 [02:23<26:17,  0.07it/s, v_num=6, train_loss_step=1.180, val_loss=0.844, val_mean_auc=0.693, val_mean_ap=0.378, val_accuracy=0.653, val_f1=0.474, train_loss_epoch=0.819]
Epoch 15:   9%|▉         | 11/120 [02:23<23:41,  0.08it/s, v_num=6, train_loss_step=1.180, val_loss=0.844, val_mean_auc=0.693, val_mean_ap=0.378, val_accuracy=0.653, val_f1=0.474, train_loss_epoch=0.819]
Epoch 15:   9%|▉         | 11/120 [02:23<23:46,  0.08it/s, v_num=6, train_loss_step=0.834, val_loss=0.844, val_mean_auc=0.693, val_mean_ap=0.378, val_accuracy=0.653, val_f1=0.474, train_loss_epoch=0.819]
Epoch 15:  10%|█         | 12/120 [02:49<25:26,  0.07it/s, v_num=6, train_loss_step=0.834, val_loss=0.844, val_mean_auc=0.693, val_mean_ap=0.378, val_accuracy=0.653, val_f1=0.474, train_loss_epoch=0.819]
Epoch 15:  10%|█         | 12/120 [02:50<25:30,  0.07it/s, v_num=6, train_loss_step=0.703, val_loss=0.844, val_mean_auc=0.693, val_mean_ap=0.378, val_accuracy=0.653, val_f1=0.474, train_loss_epoch=0.819]
Epoch 15:  11%|█         | 13/120 [02:50<23:19,  0.08it/s, v_num=6, train_loss_step=0.703, val_loss=0.844, val_mean_auc=0.693, val_mean_ap=0.378, val_accuracy=0.653, val_f1=0.474, train_loss_epoch=0.819]
Epoch 15:  11%|█         | 13/120 [02:50<23:23,  0.08it/s, v_num=6, train_loss_step=0.813, val_loss=0.844, val_mean_auc=0.693, val_mean_ap=0.378, val_accuracy=0.653, val_f1=0.474, train_loss_epoch=0.819]
Epoch 15:  12%|█▏        | 14/120 [03:11<24:07,  0.07it/s, v_num=6, train_loss_step=0.813, val_loss=0.844, val_mean_auc=0.693, val_mean_ap=0.378, val_accuracy=0.653, val_f1=0.474, train_loss_epoch=0.819]
Epoch 15:  12%|█▏        | 14/120 [03:11<24:10,  0.07it/s, v_num=6, train_loss_step=0.405, val_loss=0.844, val_mean_auc=0.693, val_mean_ap=0.378, val_accuracy=0.653, val_f1=0.474, train_loss_epoch=0.819]
Epoch 15:  12%|█▎        | 15/120 [03:14<22:38,  0.08it/s, v_num=6, train_loss_step=0.405, val_loss=0.844, val_mean_auc=0.693, val_mean_ap=0.378, val_accuracy=0.653, val_f1=0.474, train_loss_epoch=0.819]
Epoch 15:  12%|█▎        | 15/120 [03:14<22:41,  0.08it/s, v_num=6, train_loss_step=0.507, val_loss=0.844, val_mean_auc=0.693, val_mean_ap=0.378, val_accuracy=0.653, val_f1=0.474, train_loss_epoch=0.819]
Epoch 15:  13%|█▎        | 16/120 [03:37<23:36,  0.07it/s, v_num=6, train_loss_step=0.507, val_loss=0.844, val_mean_auc=0.693, val_mean_ap=0.378, val_accuracy=0.653, val_f1=0.474, train_loss_epoch=0.819]
Epoch 15:  13%|█▎        | 16/120 [03:38<23:39,  0.07it/s, v_num=6, train_loss_step=0.846, val_loss=0.844, val_mean_auc=0.693, val_mean_ap=0.378, val_accuracy=0.653, val_f1=0.474, train_loss_epoch=0.819]
Epoch 15:  14%|█▍        | 17/120 [03:38<22:03,  0.08it/s, v_num=6, train_loss_step=0.846, val_loss=0.844, val_mean_auc=0.693, val_mean_ap=0.378, val_accuracy=0.653, val_f1=0.474, train_loss_epoch=0.819]
Epoch 15:  14%|█▍        | 17/120 [03:38<22:06,  0.08it/s, v_num=6, train_loss_step=0.563, val_loss=0.844, val_mean_auc=0.693, val_mean_ap=0.378, val_accuracy=0.653, val_f1=0.474, train_loss_epoch=0.819]
Epoch 15:  15%|█▌        | 18/120 [04:04<23:04,  0.07it/s, v_num=6, train_loss_step=0.563, val_loss=0.844, val_mean_auc=0.693, val_mean_ap=0.378, val_accuracy=0.653, val_f1=0.474, train_loss_epoch=0.819]
Epoch 15:  15%|█▌        | 18/120 [04:04<23:06,  0.07it/s, v_num=6, train_loss_step=0.814, val_loss=0.844, val_mean_auc=0.693, val_mean_ap=0.378, val_accuracy=0.653, val_f1=0.474, train_loss_epoch=0.819]
Epoch 15:  16%|█▌        | 19/120 [04:04<21:40,  0.08it/s, v_num=6, train_loss_step=0.814, val_loss=0.844, val_mean_auc=0.693, val_mean_ap=0.378, val_accuracy=0.653, val_f1=0.474, train_loss_epoch=0.819]
Epoch 15:  16%|█▌        | 19/120 [04:05<21:43,  0.08it/s, v_num=6, train_loss_step=1.070, val_loss=0.844, val_mean_auc=0.693, val_mean_ap=0.378, val_accuracy=0.653, val_f1=0.474, train_loss_epoch=0.819]
Epoch 15:  17%|█▋        | 20/120 [04:28<22:23,  0.07it/s, v_num=6, train_loss_step=1.070, val_loss=0.844, val_mean_auc=0.693, val_mean_ap=0.378, val_accuracy=0.653, val_f1=0.474, train_loss_epoch=0.819]
Epoch 15:  17%|█▋        | 20/120 [04:29<22:25,  0.07it/s, v_num=6, train_loss_step=0.603, val_loss=0.844, val_mean_auc=0.693, val_mean_ap=0.378, val_accuracy=0.653, val_f1=0.474, train_loss_epoch=0.819]
Epoch 15:  18%|█▊        | 21/120 [04:29<21:08,  0.08it/s, v_num=6, train_loss_step=0.603, val_loss=0.844, val_mean_auc=0.693, val_mean_ap=0.378, val_accuracy=0.653, val_f1=0.474, train_loss_epoch=0.819]
Epoch 15:  18%|█▊        | 21/120 [04:29<21:10,  0.08it/s, v_num=6, train_loss_step=0.920, val_loss=0.844, val_mean_auc=0.693, val_mean_ap=0.378, val_accuracy=0.653, val_f1=0.474, train_loss_epoch=0.819]
Epoch 15:  18%|█▊        | 22/120 [04:56<22:01,  0.07it/s, v_num=6, train_loss_step=0.920, val_loss=0.844, val_mean_auc=0.693, val_mean_ap=0.378, val_accuracy=0.653, val_f1=0.474, train_loss_epoch=0.819]
Epoch 15:  18%|█▊        | 22/120 [04:57<22:03,  0.07it/s, v_num=6, train_loss_step=1.020, val_loss=0.844, val_mean_auc=0.693, val_mean_ap=0.378, val_accuracy=0.653, val_f1=0.474, train_loss_epoch=0.819]
Epoch 15:  19%|█▉        | 23/120 [04:57<20:53,  0.08it/s, v_num=6, train_loss_step=1.020, val_loss=0.844, val_mean_auc=0.693, val_mean_ap=0.378, val_accuracy=0.653, val_f1=0.474, train_loss_epoch=0.819]
Epoch 15:  19%|█▉        | 23/120 [04:57<20:55,  0.08it/s, v_num=6, train_loss_step=1.150, val_loss=0.844, val_mean_auc=0.693, val_mean_ap=0.378, val_accuracy=0.653, val_f1=0.474, train_loss_epoch=0.819]
Epoch 15:  20%|██        | 24/120 [05:23<21:32,  0.07it/s, v_num=6, train_loss_step=1.150, val_loss=0.844, val_mean_auc=0.693, val_mean_ap=0.378, val_accuracy=0.653, val_f1=0.474, train_loss_epoch=0.819]
Epoch 15:  20%|██        | 24/120 [05:23<21:34,  0.07it/s, v_num=6, train_loss_step=1.030, val_loss=0.844, val_mean_auc=0.693, val_mean_ap=0.378, val_accuracy=0.653, val_f1=0.474, train_loss_epoch=0.819]
Epoch 15:  21%|██        | 25/120 [05:23<20:29,  0.08it/s, v_num=6, train_loss_step=1.030, val_loss=0.844, val_mean_auc=0.693, val_mean_ap=0.378, val_accuracy=0.653, val_f1=0.474, train_loss_epoch=0.819]
Epoch 15:  21%|██        | 25/120 [05:24<20:31,  0.08it/s, v_num=6, train_loss_step=1.070, val_loss=0.844, val_mean_auc=0.693, val_mean_ap=0.378, val_accuracy=0.653, val_f1=0.474, train_loss_epoch=0.819]
Epoch 15:  22%|██▏       | 26/120 [05:47<20:57,  0.07it/s, v_num=6, train_loss_step=1.070, val_loss=0.844, val_mean_auc=0.693, val_mean_ap=0.378, val_accuracy=0.653, val_f1=0.474, train_loss_epoch=0.819]
Epoch 15:  22%|██▏       | 26/120 [05:48<20:59,  0.07it/s, v_num=6, train_loss_step=0.944, val_loss=0.844, val_mean_auc=0.693, val_mean_ap=0.378, val_accuracy=0.653, val_f1=0.474, train_loss_epoch=0.819]
Epoch 15:  22%|██▎       | 27/120 [05:48<20:00,  0.08it/s, v_num=6, train_loss_step=0.944, val_loss=0.844, val_mean_auc=0.693, val_mean_ap=0.378, val_accuracy=0.653, val_f1=0.474, train_loss_epoch=0.819]
Epoch 15:  22%|██▎       | 27/120 [05:48<20:01,  0.08it/s, v_num=6, train_loss_step=0.820, val_loss=0.844, val_mean_auc=0.693, val_mean_ap=0.378, val_accuracy=0.653, val_f1=0.474, train_loss_epoch=0.819]
Epoch 15:  23%|██▎       | 28/120 [06:16<20:38,  0.07it/s, v_num=6, train_loss_step=0.820, val_loss=0.844, val_mean_auc=0.693, val_mean_ap=0.378, val_accuracy=0.653, val_f1=0.474, train_loss_epoch=0.819]
Epoch 15:  23%|██▎       | 28/120 [06:17<20:40,  0.07it/s, v_num=6, train_loss_step=0.826, val_loss=0.844, val_mean_auc=0.693, val_mean_ap=0.378, val_accuracy=0.653, val_f1=0.474, train_loss_epoch=0.819]
Epoch 15:  24%|██▍       | 29/120 [06:17<19:44,  0.08it/s, v_num=6, train_loss_step=0.826, val_loss=0.844, val_mean_auc=0.693, val_mean_ap=0.378, val_accuracy=0.653, val_f1=0.474, train_loss_epoch=0.819]
Epoch 15:  24%|██▍       | 29/120 [06:17<19:45,  0.08it/s, v_num=6, train_loss_step=0.834, val_loss=0.844, val_mean_auc=0.693, val_mean_ap=0.378, val_accuracy=0.653, val_f1=0.474, train_loss_epoch=0.819]
Epoch 15:  25%|██▌       | 30/120 [06:43<20:11,  0.07it/s, v_num=6, train_loss_step=0.834, val_loss=0.844, val_mean_auc=0.693, val_mean_ap=0.378, val_accuracy=0.653, val_f1=0.474, train_loss_epoch=0.819]
Epoch 15:  25%|██▌       | 30/120 [06:44<20:12,  0.07it/s, v_num=6, train_loss_step=0.872, val_loss=0.844, val_mean_auc=0.693, val_mean_ap=0.378, val_accuracy=0.653, val_f1=0.474, train_loss_epoch=0.819]
Epoch 15:  26%|██▌       | 31/120 [06:44<19:20,  0.08it/s, v_num=6, train_loss_step=0.872, val_loss=0.844, val_mean_auc=0.693, val_mean_ap=0.378, val_accuracy=0.653, val_f1=0.474, train_loss_epoch=0.819]
Epoch 15:  26%|██▌       | 31/120 [06:44<19:21,  0.08it/s, v_num=6, train_loss_step=1.230, val_loss=0.844, val_mean_auc=0.693, val_mean_ap=0.378, val_accuracy=0.653, val_f1=0.474, train_loss_epoch=0.819]
Epoch 15:  27%|██▋       | 32/120 [07:15<19:58,  0.07it/s, v_num=6, train_loss_step=1.230, val_loss=0.844, val_mean_auc=0.693, val_mean_ap=0.378, val_accuracy=0.653, val_f1=0.474, train_loss_epoch=0.819]
Epoch 15:  27%|██▋       | 32/120 [07:16<19:59,  0.07it/s, v_num=6, train_loss_step=0.740, val_loss=0.844, val_mean_auc=0.693, val_mean_ap=0.378, val_accuracy=0.653, val_f1=0.474, train_loss_epoch=0.819]
Epoch 15:  28%|██▊       | 33/120 [07:16<19:10,  0.08it/s, v_num=6, train_loss_step=0.740, val_loss=0.844, val_mean_auc=0.693, val_mean_ap=0.378, val_accuracy=0.653, val_f1=0.474, train_loss_epoch=0.819]
Epoch 15:  28%|██▊       | 33/120 [07:16<19:11,  0.08it/s, v_num=6, train_loss_step=1.040, val_loss=0.844, val_mean_auc=0.693, val_mean_ap=0.378, val_accuracy=0.653, val_f1=0.474, train_loss_epoch=0.819]
Epoch 15:  28%|██▊       | 34/120 [07:42<19:30,  0.07it/s, v_num=6, train_loss_step=1.040, val_loss=0.844, val_mean_auc=0.693, val_mean_ap=0.378, val_accuracy=0.653, val_f1=0.474, train_loss_epoch=0.819]
Epoch 15:  28%|██▊       | 34/120 [07:43<19:31,  0.07it/s, v_num=6, train_loss_step=0.692, val_loss=0.844, val_mean_auc=0.693, val_mean_ap=0.378, val_accuracy=0.653, val_f1=0.474, train_loss_epoch=0.819]
Epoch 15:  29%|██▉       | 35/120 [07:43<18:44,  0.08it/s, v_num=6, train_loss_step=0.692, val_loss=0.844, val_mean_auc=0.693, val_mean_ap=0.378, val_accuracy=0.653, val_f1=0.474, train_loss_epoch=0.819]
Epoch 15:  29%|██▉       | 35/120 [07:43<18:46,  0.08it/s, v_num=6, train_loss_step=0.528, val_loss=0.844, val_mean_auc=0.693, val_mean_ap=0.378, val_accuracy=0.653, val_f1=0.474, train_loss_epoch=0.819]
Epoch 15:  30%|███       | 36/120 [08:02<18:44,  0.07it/s, v_num=6, train_loss_step=0.528, val_loss=0.844, val_mean_auc=0.693, val_mean_ap=0.378, val_accuracy=0.653, val_f1=0.474, train_loss_epoch=0.819]
Epoch 15:  30%|███       | 36/120 [08:02<18:46,  0.07it/s, v_num=6, train_loss_step=1.220, val_loss=0.844, val_mean_auc=0.693, val_mean_ap=0.378, val_accuracy=0.653, val_f1=0.474, train_loss_epoch=0.819]
Epoch 15:  31%|███       | 37/120 [08:02<18:02,  0.08it/s, v_num=6, train_loss_step=1.220, val_loss=0.844, val_mean_auc=0.693, val_mean_ap=0.378, val_accuracy=0.653, val_f1=0.474, train_loss_epoch=0.819]
Epoch 15:  31%|███       | 37/120 [08:03<18:03,  0.08it/s, v_num=6, train_loss_step=0.536, val_loss=0.844, val_mean_auc=0.693, val_mean_ap=0.378, val_accuracy=0.653, val_f1=0.474, train_loss_epoch=0.819]
Epoch 15:  32%|███▏      | 38/120 [08:31<18:24,  0.07it/s, v_num=6, train_loss_step=0.536, val_loss=0.844, val_mean_auc=0.693, val_mean_ap=0.378, val_accuracy=0.653, val_f1=0.474, train_loss_epoch=0.819]
Epoch 15:  32%|███▏      | 38/120 [08:32<18:25,  0.07it/s, v_num=6, train_loss_step=1.050, val_loss=0.844, val_mean_auc=0.693, val_mean_ap=0.378, val_accuracy=0.653, val_f1=0.474, train_loss_epoch=0.819]
Epoch 15:  32%|███▎      | 39/120 [08:32<17:44,  0.08it/s, v_num=6, train_loss_step=1.050, val_loss=0.844, val_mean_auc=0.693, val_mean_ap=0.378, val_accuracy=0.653, val_f1=0.474, train_loss_epoch=0.819]
Epoch 15:  32%|███▎      | 39/120 [08:32<17:45,  0.08it/s, v_num=6, train_loss_step=0.714, val_loss=0.844, val_mean_auc=0.693, val_mean_ap=0.378, val_accuracy=0.653, val_f1=0.474, train_loss_epoch=0.819]
Epoch 15:  33%|███▎      | 40/120 [09:04<18:08,  0.07it/s, v_num=6, train_loss_step=0.714, val_loss=0.844, val_mean_auc=0.693, val_mean_ap=0.378, val_accuracy=0.653, val_f1=0.474, train_loss_epoch=0.819]
Epoch 15:  33%|███▎      | 40/120 [09:04<18:08,  0.07it/s, v_num=6, train_loss_step=0.749, val_loss=0.844, val_mean_auc=0.693, val_mean_ap=0.378, val_accuracy=0.653, val_f1=0.474, train_loss_epoch=0.819]
Epoch 15:  34%|███▍      | 41/120 [09:04<17:29,  0.08it/s, v_num=6, train_loss_step=0.749, val_loss=0.844, val_mean_auc=0.693, val_mean_ap=0.378, val_accuracy=0.653, val_f1=0.474, train_loss_epoch=0.819]
Epoch 15:  34%|███▍      | 41/120 [09:04<17:30,  0.08it/s, v_num=6, train_loss_step=1.030, val_loss=0.844, val_mean_auc=0.693, val_mean_ap=0.378, val_accuracy=0.653, val_f1=0.474, train_loss_epoch=0.819]
Epoch 15:  35%|███▌      | 42/120 [09:31<17:41,  0.07it/s, v_num=6, train_loss_step=1.030, val_loss=0.844, val_mean_auc=0.693, val_mean_ap=0.378, val_accuracy=0.653, val_f1=0.474, train_loss_epoch=0.819]
Epoch 15:  35%|███▌      | 42/120 [09:32<17:42,  0.07it/s, v_num=6, train_loss_step=0.851, val_loss=0.844, val_mean_auc=0.693, val_mean_ap=0.378, val_accuracy=0.653, val_f1=0.474, train_loss_epoch=0.819]
Epoch 15:  36%|███▌      | 43/120 [09:32<17:04,  0.08it/s, v_num=6, train_loss_step=0.851, val_loss=0.844, val_mean_auc=0.693, val_mean_ap=0.378, val_accuracy=0.653, val_f1=0.474, train_loss_epoch=0.819]
Epoch 15:  36%|███▌      | 43/120 [09:32<17:05,  0.08it/s, v_num=6, train_loss_step=0.816, val_loss=0.844, val_mean_auc=0.693, val_mean_ap=0.378, val_accuracy=0.653, val_f1=0.474, train_loss_epoch=0.819]
Epoch 15:  37%|███▋      | 44/120 [09:55<17:08,  0.07it/s, v_num=6, train_loss_step=0.816, val_loss=0.844, val_mean_auc=0.693, val_mean_ap=0.378, val_accuracy=0.653, val_f1=0.474, train_loss_epoch=0.819]
Epoch 15:  37%|███▋      | 44/120 [09:55<17:08,  0.07it/s, v_num=6, train_loss_step=0.972, val_loss=0.844, val_mean_auc=0.693, val_mean_ap=0.378, val_accuracy=0.653, val_f1=0.474, train_loss_epoch=0.819]
Epoch 15:  38%|███▊      | 45/120 [09:55<16:32,  0.08it/s, v_num=6, train_loss_step=0.972, val_loss=0.844, val_mean_auc=0.693, val_mean_ap=0.378, val_accuracy=0.653, val_f1=0.474, train_loss_epoch=0.819]
Epoch 15:  38%|███▊      | 45/120 [09:56<16:33,  0.08it/s, v_num=6, train_loss_step=0.861, val_loss=0.844, val_mean_auc=0.693, val_mean_ap=0.378, val_accuracy=0.653, val_f1=0.474, train_loss_epoch=0.819]
Epoch 15:  38%|███▊      | 46/120 [10:22<16:40,  0.07it/s, v_num=6, train_loss_step=0.861, val_loss=0.844, val_mean_auc=0.693, val_mean_ap=0.378, val_accuracy=0.653, val_f1=0.474, train_loss_epoch=0.819]
Epoch 15:  38%|███▊      | 46/120 [10:22<16:41,  0.07it/s, v_num=6, train_loss_step=0.689, val_loss=0.844, val_mean_auc=0.693, val_mean_ap=0.378, val_accuracy=0.653, val_f1=0.474, train_loss_epoch=0.819]
Epoch 15:  39%|███▉      | 47/120 [10:22<16:06,  0.08it/s, v_num=6, train_loss_step=0.689, val_loss=0.844, val_mean_auc=0.693, val_mean_ap=0.378, val_accuracy=0.653, val_f1=0.474, train_loss_epoch=0.819]
Epoch 15:  39%|███▉      | 47/120 [10:22<16:07,  0.08it/s, v_num=6, train_loss_step=0.744, val_loss=0.844, val_mean_auc=0.693, val_mean_ap=0.378, val_accuracy=0.653, val_f1=0.474, train_loss_epoch=0.819]
Epoch 15:  40%|████      | 48/120 [10:40<16:01,  0.07it/s, v_num=6, train_loss_step=0.744, val_loss=0.844, val_mean_auc=0.693, val_mean_ap=0.378, val_accuracy=0.653, val_f1=0.474, train_loss_epoch=0.819]
Epoch 15:  40%|████      | 48/120 [10:41<16:02,  0.07it/s, v_num=6, train_loss_step=0.733, val_loss=0.844, val_mean_auc=0.693, val_mean_ap=0.378, val_accuracy=0.653, val_f1=0.474, train_loss_epoch=0.819]
Epoch 15:  41%|████      | 49/120 [10:41<15:29,  0.08it/s, v_num=6, train_loss_step=0.733, val_loss=0.844, val_mean_auc=0.693, val_mean_ap=0.378, val_accuracy=0.653, val_f1=0.474, train_loss_epoch=0.819]
Epoch 15:  41%|████      | 49/120 [10:41<15:29,  0.08it/s, v_num=6, train_loss_step=0.654, val_loss=0.844, val_mean_auc=0.693, val_mean_ap=0.378, val_accuracy=0.653, val_f1=0.474, train_loss_epoch=0.819]
Epoch 15:  42%|████▏     | 50/120 [11:09<15:37,  0.07it/s, v_num=6, train_loss_step=0.654, val_loss=0.844, val_mean_auc=0.693, val_mean_ap=0.378, val_accuracy=0.653, val_f1=0.474, train_loss_epoch=0.819]
Epoch 15:  42%|████▏     | 50/120 [11:09<15:37,  0.07it/s, v_num=6, train_loss_step=0.722, val_loss=0.844, val_mean_auc=0.693, val_mean_ap=0.378, val_accuracy=0.653, val_f1=0.474, train_loss_epoch=0.819]
Epoch 15:  42%|████▎     | 51/120 [11:09<15:06,  0.08it/s, v_num=6, train_loss_step=0.722, val_loss=0.844, val_mean_auc=0.693, val_mean_ap=0.378, val_accuracy=0.653, val_f1=0.474, train_loss_epoch=0.819]
Epoch 15:  42%|████▎     | 51/120 [11:10<15:06,  0.08it/s, v_num=6, train_loss_step=1.160, val_loss=0.844, val_mean_auc=0.693, val_mean_ap=0.378, val_accuracy=0.653, val_f1=0.474, train_loss_epoch=0.819]
Epoch 15:  43%|████▎     | 52/120 [11:39<15:14,  0.07it/s, v_num=6, train_loss_step=1.160, val_loss=0.844, val_mean_auc=0.693, val_mean_ap=0.378, val_accuracy=0.653, val_f1=0.474, train_loss_epoch=0.819]
Epoch 15:  43%|████▎     | 52/120 [11:39<15:14,  0.07it/s, v_num=6, train_loss_step=0.659, val_loss=0.844, val_mean_auc=0.693, val_mean_ap=0.378, val_accuracy=0.653, val_f1=0.474, train_loss_epoch=0.819]
Epoch 15:  44%|████▍     | 53/120 [11:39<14:44,  0.08it/s, v_num=6, train_loss_step=0.659, val_loss=0.844, val_mean_auc=0.693, val_mean_ap=0.378, val_accuracy=0.653, val_f1=0.474, train_loss_epoch=0.819]
Epoch 15:  44%|████▍     | 53/120 [11:40<14:45,  0.08it/s, v_num=6, train_loss_step=0.607, val_loss=0.844, val_mean_auc=0.693, val_mean_ap=0.378, val_accuracy=0.653, val_f1=0.474, train_loss_epoch=0.819]
Epoch 15:  45%|████▌     | 54/120 [12:05<14:47,  0.07it/s, v_num=6, train_loss_step=0.607, val_loss=0.844, val_mean_auc=0.693, val_mean_ap=0.378, val_accuracy=0.653, val_f1=0.474, train_loss_epoch=0.819]
Epoch 15:  45%|████▌     | 54/120 [12:06<14:47,  0.07it/s, v_num=6, train_loss_step=0.897, val_loss=0.844, val_mean_auc=0.693, val_mean_ap=0.378, val_accuracy=0.653, val_f1=0.474, train_loss_epoch=0.819]
Epoch 15:  46%|████▌     | 55/120 [12:06<14:18,  0.08it/s, v_num=6, train_loss_step=0.897, val_loss=0.844, val_mean_auc=0.693, val_mean_ap=0.378, val_accuracy=0.653, val_f1=0.474, train_loss_epoch=0.819]
Epoch 15:  46%|████▌     | 55/120 [12:06<14:18,  0.08it/s, v_num=6, train_loss_step=0.881, val_loss=0.844, val_mean_auc=0.693, val_mean_ap=0.378, val_accuracy=0.653, val_f1=0.474, train_loss_epoch=0.819]
Epoch 15:  47%|████▋     | 56/120 [12:33<14:21,  0.07it/s, v_num=6, train_loss_step=0.881, val_loss=0.844, val_mean_auc=0.693, val_mean_ap=0.378, val_accuracy=0.653, val_f1=0.474, train_loss_epoch=0.819]
Epoch 15:  47%|████▋     | 56/120 [12:34<14:21,  0.07it/s, v_num=6, train_loss_step=0.734, val_loss=0.844, val_mean_auc=0.693, val_mean_ap=0.378, val_accuracy=0.653, val_f1=0.474, train_loss_epoch=0.819]
Epoch 15:  48%|████▊     | 57/120 [12:34<13:53,  0.08it/s, v_num=6, train_loss_step=0.734, val_loss=0.844, val_mean_auc=0.693, val_mean_ap=0.378, val_accuracy=0.653, val_f1=0.474, train_loss_epoch=0.819]
Epoch 15:  48%|████▊     | 57/120 [12:34<13:54,  0.08it/s, v_num=6, train_loss_step=0.919, val_loss=0.844, val_mean_auc=0.693, val_mean_ap=0.378, val_accuracy=0.653, val_f1=0.474, train_loss_epoch=0.819]
Epoch 15:  48%|████▊     | 58/120 [12:58<13:52,  0.07it/s, v_num=6, train_loss_step=0.919, val_loss=0.844, val_mean_auc=0.693, val_mean_ap=0.378, val_accuracy=0.653, val_f1=0.474, train_loss_epoch=0.819]
Epoch 15:  48%|████▊     | 58/120 [12:58<13:52,  0.07it/s, v_num=6, train_loss_step=0.587, val_loss=0.844, val_mean_auc=0.693, val_mean_ap=0.378, val_accuracy=0.653, val_f1=0.474, train_loss_epoch=0.819]
Epoch 15:  49%|████▉     | 59/120 [12:58<13:25,  0.08it/s, v_num=6, train_loss_step=0.587, val_loss=0.844, val_mean_auc=0.693, val_mean_ap=0.378, val_accuracy=0.653, val_f1=0.474, train_loss_epoch=0.819]
Epoch 15:  49%|████▉     | 59/120 [12:59<13:25,  0.08it/s, v_num=6, train_loss_step=0.510, val_loss=0.844, val_mean_auc=0.693, val_mean_ap=0.378, val_accuracy=0.653, val_f1=0.474, train_loss_epoch=0.819]
Epoch 15:  50%|█████     | 60/120 [13:29<13:29,  0.07it/s, v_num=6, train_loss_step=0.510, val_loss=0.844, val_mean_auc=0.693, val_mean_ap=0.378, val_accuracy=0.653, val_f1=0.474, train_loss_epoch=0.819]
Epoch 15:  50%|█████     | 60/120 [13:29<13:29,  0.07it/s, v_num=6, train_loss_step=0.580, val_loss=0.844, val_mean_auc=0.693, val_mean_ap=0.378, val_accuracy=0.653, val_f1=0.474, train_loss_epoch=0.819]
Epoch 15:  51%|█████     | 61/120 [13:29<13:03,  0.08it/s, v_num=6, train_loss_step=0.580, val_loss=0.844, val_mean_auc=0.693, val_mean_ap=0.378, val_accuracy=0.653, val_f1=0.474, train_loss_epoch=0.819]
Epoch 15:  51%|█████     | 61/120 [13:30<13:03,  0.08it/s, v_num=6, train_loss_step=1.060, val_loss=0.844, val_mean_auc=0.693, val_mean_ap=0.378, val_accuracy=0.653, val_f1=0.474, train_loss_epoch=0.819]
Epoch 15:  52%|█████▏    | 62/120 [13:58<13:04,  0.07it/s, v_num=6, train_loss_step=1.060, val_loss=0.844, val_mean_auc=0.693, val_mean_ap=0.378, val_accuracy=0.653, val_f1=0.474, train_loss_epoch=0.819]
Epoch 15:  52%|█████▏    | 62/120 [13:58<13:04,  0.07it/s, v_num=6, train_loss_step=0.818, val_loss=0.844, val_mean_auc=0.693, val_mean_ap=0.378, val_accuracy=0.653, val_f1=0.474, train_loss_epoch=0.819]
Epoch 15:  52%|█████▎    | 63/120 [13:58<12:39,  0.08it/s, v_num=6, train_loss_step=0.818, val_loss=0.844, val_mean_auc=0.693, val_mean_ap=0.378, val_accuracy=0.653, val_f1=0.474, train_loss_epoch=0.819]
Epoch 15:  52%|█████▎    | 63/120 [13:59<12:39,  0.08it/s, v_num=6, train_loss_step=0.734, val_loss=0.844, val_mean_auc=0.693, val_mean_ap=0.378, val_accuracy=0.653, val_f1=0.474, train_loss_epoch=0.819]
Epoch 15:  53%|█████▎    | 64/120 [14:36<12:46,  0.07it/s, v_num=6, train_loss_step=0.734, val_loss=0.844, val_mean_auc=0.693, val_mean_ap=0.378, val_accuracy=0.653, val_f1=0.474, train_loss_epoch=0.819]
Epoch 15:  53%|█████▎    | 64/120 [14:36<12:47,  0.07it/s, v_num=6, train_loss_step=0.763, val_loss=0.844, val_mean_auc=0.693, val_mean_ap=0.378, val_accuracy=0.653, val_f1=0.474, train_loss_epoch=0.819]
Epoch 15:  54%|█████▍    | 65/120 [14:36<12:21,  0.07it/s, v_num=6, train_loss_step=0.763, val_loss=0.844, val_mean_auc=0.693, val_mean_ap=0.378, val_accuracy=0.653, val_f1=0.474, train_loss_epoch=0.819]
Epoch 15:  54%|█████▍    | 65/120 [14:37<12:22,  0.07it/s, v_num=6, train_loss_step=0.682, val_loss=0.844, val_mean_auc=0.693, val_mean_ap=0.378, val_accuracy=0.653, val_f1=0.474, train_loss_epoch=0.819]
Epoch 15:  55%|█████▌    | 66/120 [15:03<12:18,  0.07it/s, v_num=6, train_loss_step=0.682, val_loss=0.844, val_mean_auc=0.693, val_mean_ap=0.378, val_accuracy=0.653, val_f1=0.474, train_loss_epoch=0.819]
Epoch 15:  55%|█████▌    | 66/120 [15:03<12:19,  0.07it/s, v_num=6, train_loss_step=1.060, val_loss=0.844, val_mean_auc=0.693, val_mean_ap=0.378, val_accuracy=0.653, val_f1=0.474, train_loss_epoch=0.819]
Epoch 15:  56%|█████▌    | 67/120 [15:03<11:54,  0.07it/s, v_num=6, train_loss_step=1.060, val_loss=0.844, val_mean_auc=0.693, val_mean_ap=0.378, val_accuracy=0.653, val_f1=0.474, train_loss_epoch=0.819]
Epoch 15:  56%|█████▌    | 67/120 [15:03<11:55,  0.07it/s, v_num=6, train_loss_step=0.511, val_loss=0.844, val_mean_auc=0.693, val_mean_ap=0.378, val_accuracy=0.653, val_f1=0.474, train_loss_epoch=0.819]
Epoch 15:  57%|█████▋    | 68/120 [15:33<11:53,  0.07it/s, v_num=6, train_loss_step=0.511, val_loss=0.844, val_mean_auc=0.693, val_mean_ap=0.378, val_accuracy=0.653, val_f1=0.474, train_loss_epoch=0.819]
Epoch 15:  57%|█████▋    | 68/120 [15:33<11:53,  0.07it/s, v_num=6, train_loss_step=0.755, val_loss=0.844, val_mean_auc=0.693, val_mean_ap=0.378, val_accuracy=0.653, val_f1=0.474, train_loss_epoch=0.819]
Epoch 15:  57%|█████▊    | 69/120 [15:33<11:30,  0.07it/s, v_num=6, train_loss_step=0.755, val_loss=0.844, val_mean_auc=0.693, val_mean_ap=0.378, val_accuracy=0.653, val_f1=0.474, train_loss_epoch=0.819]
Epoch 15:  57%|█████▊    | 69/120 [15:34<11:30,  0.07it/s, v_num=6, train_loss_step=0.781, val_loss=0.844, val_mean_auc=0.693, val_mean_ap=0.378, val_accuracy=0.653, val_f1=0.474, train_loss_epoch=0.819]
Epoch 15:  58%|█████▊    | 70/120 [16:01<11:26,  0.07it/s, v_num=6, train_loss_step=0.781, val_loss=0.844, val_mean_auc=0.693, val_mean_ap=0.378, val_accuracy=0.653, val_f1=0.474, train_loss_epoch=0.819]
Epoch 15:  58%|█████▊    | 70/120 [16:01<11:26,  0.07it/s, v_num=6, train_loss_step=0.801, val_loss=0.844, val_mean_auc=0.693, val_mean_ap=0.378, val_accuracy=0.653, val_f1=0.474, train_loss_epoch=0.819]
Epoch 15:  59%|█████▉    | 71/120 [16:01<11:03,  0.07it/s, v_num=6, train_loss_step=0.801, val_loss=0.844, val_mean_auc=0.693, val_mean_ap=0.378, val_accuracy=0.653, val_f1=0.474, train_loss_epoch=0.819]
Epoch 15:  59%|█████▉    | 71/120 [16:01<11:03,  0.07it/s, v_num=6, train_loss_step=0.685, val_loss=0.844, val_mean_auc=0.693, val_mean_ap=0.378, val_accuracy=0.653, val_f1=0.474, train_loss_epoch=0.819]
Epoch 15:  60%|██████    | 72/120 [16:24<10:56,  0.07it/s, v_num=6, train_loss_step=0.685, val_loss=0.844, val_mean_auc=0.693, val_mean_ap=0.378, val_accuracy=0.653, val_f1=0.474, train_loss_epoch=0.819]
Epoch 15:  60%|██████    | 72/120 [16:25<10:56,  0.07it/s, v_num=6, train_loss_step=0.668, val_loss=0.844, val_mean_auc=0.693, val_mean_ap=0.378, val_accuracy=0.653, val_f1=0.474, train_loss_epoch=0.819]
Epoch 15:  61%|██████    | 73/120 [16:25<10:34,  0.07it/s, v_num=6, train_loss_step=0.668, val_loss=0.844, val_mean_auc=0.693, val_mean_ap=0.378, val_accuracy=0.653, val_f1=0.474, train_loss_epoch=0.819]
Epoch 15:  61%|██████    | 73/120 [16:25<10:34,  0.07it/s, v_num=6, train_loss_step=0.609, val_loss=0.844, val_mean_auc=0.693, val_mean_ap=0.378, val_accuracy=0.653, val_f1=0.474, train_loss_epoch=0.819]
Epoch 15:  62%|██████▏   | 74/120 [16:50<10:28,  0.07it/s, v_num=6, train_loss_step=0.609, val_loss=0.844, val_mean_auc=0.693, val_mean_ap=0.378, val_accuracy=0.653, val_f1=0.474, train_loss_epoch=0.819]
Epoch 15:  62%|██████▏   | 74/120 [16:50<10:28,  0.07it/s, v_num=6, train_loss_step=0.613, val_loss=0.844, val_mean_auc=0.693, val_mean_ap=0.378, val_accuracy=0.653, val_f1=0.474, train_loss_epoch=0.819]
Epoch 15:  62%|██████▎   | 75/120 [16:50<10:06,  0.07it/s, v_num=6, train_loss_step=0.613, val_loss=0.844, val_mean_auc=0.693, val_mean_ap=0.378, val_accuracy=0.653, val_f1=0.474, train_loss_epoch=0.819]
Epoch 15:  62%|██████▎   | 75/120 [16:51<10:06,  0.07it/s, v_num=6, train_loss_step=1.320, val_loss=0.844, val_mean_auc=0.693, val_mean_ap=0.378, val_accuracy=0.653, val_f1=0.474, train_loss_epoch=0.819]
Epoch 15:  63%|██████▎   | 76/120 [17:14<09:58,  0.07it/s, v_num=6, train_loss_step=1.320, val_loss=0.844, val_mean_auc=0.693, val_mean_ap=0.378, val_accuracy=0.653, val_f1=0.474, train_loss_epoch=0.819]
Epoch 15:  63%|██████▎   | 76/120 [17:15<09:59,  0.07it/s, v_num=6, train_loss_step=0.787, val_loss=0.844, val_mean_auc=0.693, val_mean_ap=0.378, val_accuracy=0.653, val_f1=0.474, train_loss_epoch=0.819]
Epoch 15:  64%|██████▍   | 77/120 [17:15<09:38,  0.07it/s, v_num=6, train_loss_step=0.787, val_loss=0.844, val_mean_auc=0.693, val_mean_ap=0.378, val_accuracy=0.653, val_f1=0.474, train_loss_epoch=0.819]
Epoch 15:  64%|██████▍   | 77/120 [17:15<09:38,  0.07it/s, v_num=6, train_loss_step=0.795, val_loss=0.844, val_mean_auc=0.693, val_mean_ap=0.378, val_accuracy=0.653, val_f1=0.474, train_loss_epoch=0.819]
Epoch 15:  65%|██████▌   | 78/120 [17:48<09:35,  0.07it/s, v_num=6, train_loss_step=0.795, val_loss=0.844, val_mean_auc=0.693, val_mean_ap=0.378, val_accuracy=0.653, val_f1=0.474, train_loss_epoch=0.819]
Epoch 15:  65%|██████▌   | 78/120 [17:48<09:35,  0.07it/s, v_num=6, train_loss_step=1.170, val_loss=0.844, val_mean_auc=0.693, val_mean_ap=0.378, val_accuracy=0.653, val_f1=0.474, train_loss_epoch=0.819]
Epoch 15:  66%|██████▌   | 79/120 [17:48<09:14,  0.07it/s, v_num=6, train_loss_step=1.170, val_loss=0.844, val_mean_auc=0.693, val_mean_ap=0.378, val_accuracy=0.653, val_f1=0.474, train_loss_epoch=0.819]
Epoch 15:  66%|██████▌   | 79/120 [17:49<09:14,  0.07it/s, v_num=6, train_loss_step=1.180, val_loss=0.844, val_mean_auc=0.693, val_mean_ap=0.378, val_accuracy=0.653, val_f1=0.474, train_loss_epoch=0.819]
Epoch 15:  67%|██████▋   | 80/120 [18:15<09:07,  0.07it/s, v_num=6, train_loss_step=1.180, val_loss=0.844, val_mean_auc=0.693, val_mean_ap=0.378, val_accuracy=0.653, val_f1=0.474, train_loss_epoch=0.819]
Epoch 15:  67%|██████▋   | 80/120 [18:15<09:07,  0.07it/s, v_num=6, train_loss_step=1.070, val_loss=0.844, val_mean_auc=0.693, val_mean_ap=0.378, val_accuracy=0.653, val_f1=0.474, train_loss_epoch=0.819]
Epoch 15:  68%|██████▊   | 81/120 [18:16<08:47,  0.07it/s, v_num=6, train_loss_step=1.070, val_loss=0.844, val_mean_auc=0.693, val_mean_ap=0.378, val_accuracy=0.653, val_f1=0.474, train_loss_epoch=0.819]
Epoch 15:  68%|██████▊   | 81/120 [18:16<08:47,  0.07it/s, v_num=6, train_loss_step=0.606, val_loss=0.844, val_mean_auc=0.693, val_mean_ap=0.378, val_accuracy=0.653, val_f1=0.474, train_loss_epoch=0.819]
Epoch 15:  68%|██████▊   | 82/120 [18:40<08:39,  0.07it/s, v_num=6, train_loss_step=0.606, val_loss=0.844, val_mean_auc=0.693, val_mean_ap=0.378, val_accuracy=0.653, val_f1=0.474, train_loss_epoch=0.819]
Epoch 15:  68%|██████▊   | 82/120 [18:40<08:39,  0.07it/s, v_num=6, train_loss_step=1.060, val_loss=0.844, val_mean_auc=0.693, val_mean_ap=0.378, val_accuracy=0.653, val_f1=0.474, train_loss_epoch=0.819]
Epoch 15:  69%|██████▉   | 83/120 [18:40<08:19,  0.07it/s, v_num=6, train_loss_step=1.060, val_loss=0.844, val_mean_auc=0.693, val_mean_ap=0.378, val_accuracy=0.653, val_f1=0.474, train_loss_epoch=0.819]
Epoch 15:  69%|██████▉   | 83/120 [18:40<08:19,  0.07it/s, v_num=6, train_loss_step=1.100, val_loss=0.844, val_mean_auc=0.693, val_mean_ap=0.378, val_accuracy=0.653, val_f1=0.474, train_loss_epoch=0.819]
Epoch 15:  70%|███████   | 84/120 [19:09<08:12,  0.07it/s, v_num=6, train_loss_step=1.100, val_loss=0.844, val_mean_auc=0.693, val_mean_ap=0.378, val_accuracy=0.653, val_f1=0.474, train_loss_epoch=0.819]
Epoch 15:  70%|███████   | 84/120 [19:10<08:12,  0.07it/s, v_num=6, train_loss_step=1.270, val_loss=0.844, val_mean_auc=0.693, val_mean_ap=0.378, val_accuracy=0.653, val_f1=0.474, train_loss_epoch=0.819]
Epoch 15:  71%|███████   | 85/120 [19:10<07:53,  0.07it/s, v_num=6, train_loss_step=1.270, val_loss=0.844, val_mean_auc=0.693, val_mean_ap=0.378, val_accuracy=0.653, val_f1=0.474, train_loss_epoch=0.819]
Epoch 15:  71%|███████   | 85/120 [19:10<07:53,  0.07it/s, v_num=6, train_loss_step=0.519, val_loss=0.844, val_mean_auc=0.693, val_mean_ap=0.378, val_accuracy=0.653, val_f1=0.474, train_loss_epoch=0.819]
Epoch 15:  72%|███████▏  | 86/120 [19:37<07:45,  0.07it/s, v_num=6, train_loss_step=0.519, val_loss=0.844, val_mean_auc=0.693, val_mean_ap=0.378, val_accuracy=0.653, val_f1=0.474, train_loss_epoch=0.819]
Epoch 15:  72%|███████▏  | 86/120 [19:38<07:45,  0.07it/s, v_num=6, train_loss_step=1.050, val_loss=0.844, val_mean_auc=0.693, val_mean_ap=0.378, val_accuracy=0.653, val_f1=0.474, train_loss_epoch=0.819]
Epoch 15:  72%|███████▎  | 87/120 [19:38<07:26,  0.07it/s, v_num=6, train_loss_step=1.050, val_loss=0.844, val_mean_auc=0.693, val_mean_ap=0.378, val_accuracy=0.653, val_f1=0.474, train_loss_epoch=0.819]
Epoch 15:  72%|███████▎  | 87/120 [19:38<07:27,  0.07it/s, v_num=6, train_loss_step=0.719, val_loss=0.844, val_mean_auc=0.693, val_mean_ap=0.378, val_accuracy=0.653, val_f1=0.474, train_loss_epoch=0.819]
Epoch 15:  73%|███████▎  | 88/120 [20:03<07:17,  0.07it/s, v_num=6, train_loss_step=0.719, val_loss=0.844, val_mean_auc=0.693, val_mean_ap=0.378, val_accuracy=0.653, val_f1=0.474, train_loss_epoch=0.819]
Epoch 15:  73%|███████▎  | 88/120 [20:03<07:17,  0.07it/s, v_num=6, train_loss_step=0.849, val_loss=0.844, val_mean_auc=0.693, val_mean_ap=0.378, val_accuracy=0.653, val_f1=0.474, train_loss_epoch=0.819]
Epoch 15:  74%|███████▍  | 89/120 [20:03<06:59,  0.07it/s, v_num=6, train_loss_step=0.849, val_loss=0.844, val_mean_auc=0.693, val_mean_ap=0.378, val_accuracy=0.653, val_f1=0.474, train_loss_epoch=0.819]
Epoch 15:  74%|███████▍  | 89/120 [20:04<06:59,  0.07it/s, v_num=6, train_loss_step=0.853, val_loss=0.844, val_mean_auc=0.693, val_mean_ap=0.378, val_accuracy=0.653, val_f1=0.474, train_loss_epoch=0.819]
Epoch 15:  75%|███████▌  | 90/120 [20:31<06:50,  0.07it/s, v_num=6, train_loss_step=0.853, val_loss=0.844, val_mean_auc=0.693, val_mean_ap=0.378, val_accuracy=0.653, val_f1=0.474, train_loss_epoch=0.819]
Epoch 15:  75%|███████▌  | 90/120 [20:31<06:50,  0.07it/s, v_num=6, train_loss_step=0.819, val_loss=0.844, val_mean_auc=0.693, val_mean_ap=0.378, val_accuracy=0.653, val_f1=0.474, train_loss_epoch=0.819]
Epoch 15:  76%|███████▌  | 91/120 [20:31<06:32,  0.07it/s, v_num=6, train_loss_step=0.819, val_loss=0.844, val_mean_auc=0.693, val_mean_ap=0.378, val_accuracy=0.653, val_f1=0.474, train_loss_epoch=0.819]
Epoch 15:  76%|███████▌  | 91/120 [20:32<06:32,  0.07it/s, v_num=6, train_loss_step=0.618, val_loss=0.844, val_mean_auc=0.693, val_mean_ap=0.378, val_accuracy=0.653, val_f1=0.474, train_loss_epoch=0.819]
Epoch 15:  77%|███████▋  | 92/120 [20:52<06:21,  0.07it/s, v_num=6, train_loss_step=0.618, val_loss=0.844, val_mean_auc=0.693, val_mean_ap=0.378, val_accuracy=0.653, val_f1=0.474, train_loss_epoch=0.819]
Epoch 15:  77%|███████▋  | 92/120 [20:52<06:21,  0.07it/s, v_num=6, train_loss_step=0.975, val_loss=0.844, val_mean_auc=0.693, val_mean_ap=0.378, val_accuracy=0.653, val_f1=0.474, train_loss_epoch=0.819]
Epoch 15:  78%|███████▊  | 93/120 [20:52<06:03,  0.07it/s, v_num=6, train_loss_step=0.975, val_loss=0.844, val_mean_auc=0.693, val_mean_ap=0.378, val_accuracy=0.653, val_f1=0.474, train_loss_epoch=0.819]
Epoch 15:  78%|███████▊  | 93/120 [20:53<06:03,  0.07it/s, v_num=6, train_loss_step=0.861, val_loss=0.844, val_mean_auc=0.693, val_mean_ap=0.378, val_accuracy=0.653, val_f1=0.474, train_loss_epoch=0.819]
Epoch 15:  78%|███████▊  | 94/120 [21:19<05:54,  0.07it/s, v_num=6, train_loss_step=0.861, val_loss=0.844, val_mean_auc=0.693, val_mean_ap=0.378, val_accuracy=0.653, val_f1=0.474, train_loss_epoch=0.819]
Epoch 15:  78%|███████▊  | 94/120 [21:20<05:54,  0.07it/s, v_num=6, train_loss_step=0.778, val_loss=0.844, val_mean_auc=0.693, val_mean_ap=0.378, val_accuracy=0.653, val_f1=0.474, train_loss_epoch=0.819]
Epoch 15:  79%|███████▉  | 95/120 [21:20<05:36,  0.07it/s, v_num=6, train_loss_step=0.778, val_loss=0.844, val_mean_auc=0.693, val_mean_ap=0.378, val_accuracy=0.653, val_f1=0.474, train_loss_epoch=0.819]
Epoch 15:  79%|███████▉  | 95/120 [21:20<05:37,  0.07it/s, v_num=6, train_loss_step=0.970, val_loss=0.844, val_mean_auc=0.693, val_mean_ap=0.378, val_accuracy=0.653, val_f1=0.474, train_loss_epoch=0.819]
Epoch 15:  80%|████████  | 96/120 [21:40<05:25,  0.07it/s, v_num=6, train_loss_step=0.970, val_loss=0.844, val_mean_auc=0.693, val_mean_ap=0.378, val_accuracy=0.653, val_f1=0.474, train_loss_epoch=0.819]
Epoch 15:  80%|████████  | 96/120 [21:40<05:25,  0.07it/s, v_num=6, train_loss_step=0.847, val_loss=0.844, val_mean_auc=0.693, val_mean_ap=0.378, val_accuracy=0.653, val_f1=0.474, train_loss_epoch=0.819]
Epoch 15:  81%|████████  | 97/120 [21:40<05:08,  0.07it/s, v_num=6, train_loss_step=0.847, val_loss=0.844, val_mean_auc=0.693, val_mean_ap=0.378, val_accuracy=0.653, val_f1=0.474, train_loss_epoch=0.819]
Epoch 15:  81%|████████  | 97/120 [21:41<05:08,  0.07it/s, v_num=6, train_loss_step=0.699, val_loss=0.844, val_mean_auc=0.693, val_mean_ap=0.378, val_accuracy=0.653, val_f1=0.474, train_loss_epoch=0.819]
Epoch 15:  82%|████████▏ | 98/120 [22:17<05:00,  0.07it/s, v_num=6, train_loss_step=0.699, val_loss=0.844, val_mean_auc=0.693, val_mean_ap=0.378, val_accuracy=0.653, val_f1=0.474, train_loss_epoch=0.819]
Epoch 15:  82%|████████▏ | 98/120 [22:17<05:00,  0.07it/s, v_num=6, train_loss_step=0.974, val_loss=0.844, val_mean_auc=0.693, val_mean_ap=0.378, val_accuracy=0.653, val_f1=0.474, train_loss_epoch=0.819]
Epoch 15:  82%|████████▎ | 99/120 [22:17<04:43,  0.07it/s, v_num=6, train_loss_step=0.974, val_loss=0.844, val_mean_auc=0.693, val_mean_ap=0.378, val_accuracy=0.653, val_f1=0.474, train_loss_epoch=0.819]
Epoch 15:  82%|████████▎ | 99/120 [22:17<04:43,  0.07it/s, v_num=6, train_loss_step=0.738, val_loss=0.844, val_mean_auc=0.693, val_mean_ap=0.378, val_accuracy=0.653, val_f1=0.474, train_loss_epoch=0.819]
Epoch 15:  83%|████████▎ | 100/120 [22:41<04:32,  0.07it/s, v_num=6, train_loss_step=0.738, val_loss=0.844, val_mean_auc=0.693, val_mean_ap=0.378, val_accuracy=0.653, val_f1=0.474, train_loss_epoch=0.819]
Epoch 15:  83%|████████▎ | 100/120 [22:41<04:32,  0.07it/s, v_num=6, train_loss_step=0.547, val_loss=0.844, val_mean_auc=0.693, val_mean_ap=0.378, val_accuracy=0.653, val_f1=0.474, train_loss_epoch=0.819]
Epoch 15:  84%|████████▍ | 101/120 [22:41<04:16,  0.07it/s, v_num=6, train_loss_step=0.547, val_loss=0.844, val_mean_auc=0.693, val_mean_ap=0.378, val_accuracy=0.653, val_f1=0.474, train_loss_epoch=0.819]
Epoch 15:  84%|████████▍ | 101/120 [22:42<04:16,  0.07it/s, v_num=6, train_loss_step=0.671, val_loss=0.844, val_mean_auc=0.693, val_mean_ap=0.378, val_accuracy=0.653, val_f1=0.474, train_loss_epoch=0.819]
Epoch 15:  85%|████████▌ | 102/120 [23:12<04:05,  0.07it/s, v_num=6, train_loss_step=0.671, val_loss=0.844, val_mean_auc=0.693, val_mean_ap=0.378, val_accuracy=0.653, val_f1=0.474, train_loss_epoch=0.819]
Epoch 15:  85%|████████▌ | 102/120 [23:12<04:05,  0.07it/s, v_num=6, train_loss_step=0.759, val_loss=0.844, val_mean_auc=0.693, val_mean_ap=0.378, val_accuracy=0.653, val_f1=0.474, train_loss_epoch=0.819]
Epoch 15:  86%|████████▌ | 103/120 [23:12<03:49,  0.07it/s, v_num=6, train_loss_step=0.759, val_loss=0.844, val_mean_auc=0.693, val_mean_ap=0.378, val_accuracy=0.653, val_f1=0.474, train_loss_epoch=0.819]
Epoch 15:  86%|████████▌ | 103/120 [23:13<03:49,  0.07it/s, v_num=6, train_loss_step=0.724, val_loss=0.844, val_mean_auc=0.693, val_mean_ap=0.378, val_accuracy=0.653, val_f1=0.474, train_loss_epoch=0.819]
Epoch 15:  87%|████████▋ | 104/120 [23:37<03:38,  0.07it/s, v_num=6, train_loss_step=0.724, val_loss=0.844, val_mean_auc=0.693, val_mean_ap=0.378, val_accuracy=0.653, val_f1=0.474, train_loss_epoch=0.819]
Epoch 15:  87%|████████▋ | 104/120 [23:38<03:38,  0.07it/s, v_num=6, train_loss_step=1.220, val_loss=0.844, val_mean_auc=0.693, val_mean_ap=0.378, val_accuracy=0.653, val_f1=0.474, train_loss_epoch=0.819]
Epoch 15:  88%|████████▊ | 105/120 [23:38<03:22,  0.07it/s, v_num=6, train_loss_step=1.220, val_loss=0.844, val_mean_auc=0.693, val_mean_ap=0.378, val_accuracy=0.653, val_f1=0.474, train_loss_epoch=0.819]
Epoch 15:  88%|████████▊ | 105/120 [23:38<03:22,  0.07it/s, v_num=6, train_loss_step=0.981, val_loss=0.844, val_mean_auc=0.693, val_mean_ap=0.378, val_accuracy=0.653, val_f1=0.474, train_loss_epoch=0.819]
Epoch 15:  88%|████████▊ | 106/120 [23:58<03:09,  0.07it/s, v_num=6, train_loss_step=0.981, val_loss=0.844, val_mean_auc=0.693, val_mean_ap=0.378, val_accuracy=0.653, val_f1=0.474, train_loss_epoch=0.819]
Epoch 15:  88%|████████▊ | 106/120 [23:58<03:09,  0.07it/s, v_num=6, train_loss_step=1.020, val_loss=0.844, val_mean_auc=0.693, val_mean_ap=0.378, val_accuracy=0.653, val_f1=0.474, train_loss_epoch=0.819]
Epoch 15:  89%|████████▉ | 107/120 [23:58<02:54,  0.07it/s, v_num=6, train_loss_step=1.020, val_loss=0.844, val_mean_auc=0.693, val_mean_ap=0.378, val_accuracy=0.653, val_f1=0.474, train_loss_epoch=0.819]
Epoch 15:  89%|████████▉ | 107/120 [23:59<02:54,  0.07it/s, v_num=6, train_loss_step=0.845, val_loss=0.844, val_mean_auc=0.693, val_mean_ap=0.378, val_accuracy=0.653, val_f1=0.474, train_loss_epoch=0.819]
Epoch 15:  90%|█████████ | 108/120 [24:27<02:43,  0.07it/s, v_num=6, train_loss_step=0.845, val_loss=0.844, val_mean_auc=0.693, val_mean_ap=0.378, val_accuracy=0.653, val_f1=0.474, train_loss_epoch=0.819]
Epoch 15:  90%|█████████ | 108/120 [24:28<02:43,  0.07it/s, v_num=6, train_loss_step=0.752, val_loss=0.844, val_mean_auc=0.693, val_mean_ap=0.378, val_accuracy=0.653, val_f1=0.474, train_loss_epoch=0.819]
Epoch 15:  91%|█████████ | 109/120 [24:28<02:28,  0.07it/s, v_num=6, train_loss_step=0.752, val_loss=0.844, val_mean_auc=0.693, val_mean_ap=0.378, val_accuracy=0.653, val_f1=0.474, train_loss_epoch=0.819]
Epoch 15:  91%|█████████ | 109/120 [24:28<02:28,  0.07it/s, v_num=6, train_loss_step=0.838, val_loss=0.844, val_mean_auc=0.693, val_mean_ap=0.378, val_accuracy=0.653, val_f1=0.474, train_loss_epoch=0.819]
Epoch 15:  92%|█████████▏| 110/120 [24:51<02:15,  0.07it/s, v_num=6, train_loss_step=0.838, val_loss=0.844, val_mean_auc=0.693, val_mean_ap=0.378, val_accuracy=0.653, val_f1=0.474, train_loss_epoch=0.819]
Epoch 15:  92%|█████████▏| 110/120 [24:51<02:15,  0.07it/s, v_num=6, train_loss_step=0.595, val_loss=0.844, val_mean_auc=0.693, val_mean_ap=0.378, val_accuracy=0.653, val_f1=0.474, train_loss_epoch=0.819]
Epoch 15:  92%|█████████▎| 111/120 [24:51<02:00,  0.07it/s, v_num=6, train_loss_step=0.595, val_loss=0.844, val_mean_auc=0.693, val_mean_ap=0.378, val_accuracy=0.653, val_f1=0.474, train_loss_epoch=0.819]
Epoch 15:  92%|█████████▎| 111/120 [24:52<02:01,  0.07it/s, v_num=6, train_loss_step=0.741, val_loss=0.844, val_mean_auc=0.693, val_mean_ap=0.378, val_accuracy=0.653, val_f1=0.474, train_loss_epoch=0.819]
Epoch 15:  93%|█████████▎| 112/120 [25:21<01:48,  0.07it/s, v_num=6, train_loss_step=0.741, val_loss=0.844, val_mean_auc=0.693, val_mean_ap=0.378, val_accuracy=0.653, val_f1=0.474, train_loss_epoch=0.819]
Epoch 15:  93%|█████████▎| 112/120 [25:21<01:48,  0.07it/s, v_num=6, train_loss_step=0.738, val_loss=0.844, val_mean_auc=0.693, val_mean_ap=0.378, val_accuracy=0.653, val_f1=0.474, train_loss_epoch=0.819]
Epoch 15:  94%|█████████▍| 113/120 [25:21<01:34,  0.07it/s, v_num=6, train_loss_step=0.738, val_loss=0.844, val_mean_auc=0.693, val_mean_ap=0.378, val_accuracy=0.653, val_f1=0.474, train_loss_epoch=0.819]
Epoch 15:  94%|█████████▍| 113/120 [25:22<01:34,  0.07it/s, v_num=6, train_loss_step=0.812, val_loss=0.844, val_mean_auc=0.693, val_mean_ap=0.378, val_accuracy=0.653, val_f1=0.474, train_loss_epoch=0.819]
Epoch 15:  95%|█████████▌| 114/120 [25:43<01:21,  0.07it/s, v_num=6, train_loss_step=0.812, val_loss=0.844, val_mean_auc=0.693, val_mean_ap=0.378, val_accuracy=0.653, val_f1=0.474, train_loss_epoch=0.819]
Epoch 15:  95%|█████████▌| 114/120 [25:43<01:21,  0.07it/s, v_num=6, train_loss_step=1.010, val_loss=0.844, val_mean_auc=0.693, val_mean_ap=0.378, val_accuracy=0.653, val_f1=0.474, train_loss_epoch=0.819]
Epoch 15:  96%|█████████▌| 115/120 [25:43<01:07,  0.07it/s, v_num=6, train_loss_step=1.010, val_loss=0.844, val_mean_auc=0.693, val_mean_ap=0.378, val_accuracy=0.653, val_f1=0.474, train_loss_epoch=0.819]
Epoch 15:  96%|█████████▌| 115/120 [25:44<01:07,  0.07it/s, v_num=6, train_loss_step=0.970, val_loss=0.844, val_mean_auc=0.693, val_mean_ap=0.378, val_accuracy=0.653, val_f1=0.474, train_loss_epoch=0.819]
Epoch 15:  97%|█████████▋| 116/120 [26:03<00:53,  0.07it/s, v_num=6, train_loss_step=0.970, val_loss=0.844, val_mean_auc=0.693, val_mean_ap=0.378, val_accuracy=0.653, val_f1=0.474, train_loss_epoch=0.819]
Epoch 15:  97%|█████████▋| 116/120 [26:04<00:53,  0.07it/s, v_num=6, train_loss_step=0.757, val_loss=0.844, val_mean_auc=0.693, val_mean_ap=0.378, val_accuracy=0.653, val_f1=0.474, train_loss_epoch=0.819]
Epoch 15:  98%|█████████▊| 117/120 [26:04<00:40,  0.07it/s, v_num=6, train_loss_step=0.757, val_loss=0.844, val_mean_auc=0.693, val_mean_ap=0.378, val_accuracy=0.653, val_f1=0.474, train_loss_epoch=0.819]
Epoch 15:  98%|█████████▊| 117/120 [26:04<00:40,  0.07it/s, v_num=6, train_loss_step=0.892, val_loss=0.844, val_mean_auc=0.693, val_mean_ap=0.378, val_accuracy=0.653, val_f1=0.474, train_loss_epoch=0.819]
Epoch 15:  98%|█████████▊| 118/120 [26:30<00:26,  0.07it/s, v_num=6, train_loss_step=0.892, val_loss=0.844, val_mean_auc=0.693, val_mean_ap=0.378, val_accuracy=0.653, val_f1=0.474, train_loss_epoch=0.819]
Epoch 15:  98%|█████████▊| 118/120 [26:30<00:26,  0.07it/s, v_num=6, train_loss_step=0.810, val_loss=0.844, val_mean_auc=0.693, val_mean_ap=0.378, val_accuracy=0.653, val_f1=0.474, train_loss_epoch=0.819]
Epoch 15:  99%|█████████▉| 119/120 [26:30<00:13,  0.07it/s, v_num=6, train_loss_step=0.810, val_loss=0.844, val_mean_auc=0.693, val_mean_ap=0.378, val_accuracy=0.653, val_f1=0.474, train_loss_epoch=0.819]
Epoch 15:  99%|█████████▉| 119/120 [26:30<00:13,  0.07it/s, v_num=6, train_loss_step=0.901, val_loss=0.844, val_mean_auc=0.693, val_mean_ap=0.378, val_accuracy=0.653, val_f1=0.474, train_loss_epoch=0.819]
Epoch 15: 100%|██████████| 120/120 [26:52<00:00,  0.07it/s, v_num=6, train_loss_step=0.901, val_loss=0.844, val_mean_auc=0.693, val_mean_ap=0.378, val_accuracy=0.653, val_f1=0.474, train_loss_epoch=0.819]
Epoch 15: 100%|██████████| 120/120 [26:52<00:00,  0.07it/s, v_num=6, train_loss_step=0.788, val_loss=0.844, val_mean_auc=0.693, val_mean_ap=0.378, val_accuracy=0.653, val_f1=0.474, train_loss_epoch=0.819]

Validation: |          | 0/? [00:00<?, ?it/s][A

Validation: |          | 0/? [00:00<?, ?it/s][A

Validation DataLoader 0:   0%|          | 0/15 [00:00<?, ?it/s][A

Validation DataLoader 0:   7%|▋         | 1/15 [00:00<00:06,  2.08it/s][A

Validation DataLoader 0:  13%|█▎        | 2/15 [00:00<00:06,  2.10it/s][A

Validation DataLoader 0:  20%|██        | 3/15 [00:21<01:26,  0.14it/s][A

Validation DataLoader 0:  27%|██▋       | 4/15 [00:22<01:00,  0.18it/s][A

Validation DataLoader 0:  33%|███▎      | 5/15 [00:45<01:30,  0.11it/s][A

Validation DataLoader 0:  40%|████      | 6/15 [00:45<01:08,  0.13it/s][A

Validation DataLoader 0:  47%|████▋     | 7/15 [01:06<01:16,  0.10it/s][A

Validation DataLoader 0:  53%|█████▎    | 8/15 [01:08<00:59,  0.12it/s][A

Validation DataLoader 0:  60%|██████    | 9/15 [01:24<00:56,  0.11it/s][A

Validation DataLoader 0:  67%|██████▋   | 10/15 [01:34<00:47,  0.11it/s][A

Validation DataLoader 0:  73%|███████▎  | 11/15 [01:50<00:40,  0.10it/s][A

Validation DataLoader 0:  80%|████████  | 12/15 [01:55<00:28,  0.10it/s][A

Validation DataLoader 0:  87%|████████▋ | 13/15 [02:13<00:20,  0.10it/s][A

Validation DataLoader 0:  93%|█████████▎| 14/15 [02:20<00:10,  0.10it/s][A

Validation DataLoader 0: 100%|██████████| 15/15 [02:32<00:00,  0.10it/s][A

                                                                        [A
Epoch 15: 100%|██████████| 120/120 [29:52<00:00,  0.07it/s, v_num=6, train_loss_step=0.788, val_loss=0.840, val_mean_auc=0.694, val_mean_ap=0.377, val_accuracy=0.645, val_f1=0.467, train_loss_epoch=0.819]
Epoch 15: 100%|██████████| 120/120 [29:52<00:00,  0.07it/s, v_num=6, train_loss_step=0.788, val_loss=0.840, val_mean_auc=0.694, val_mean_ap=0.377, val_accuracy=0.645, val_f1=0.467, train_loss_epoch=0.829]
Epoch 15:   0%|          | 0/120 [00:00<?, ?it/s, v_num=6, train_loss_step=0.788, val_loss=0.840, val_mean_auc=0.694, val_mean_ap=0.377, val_accuracy=0.645, val_f1=0.467, train_loss_epoch=0.829]          
Epoch 16:   0%|          | 0/120 [00:00<?, ?it/s, v_num=6, train_loss_step=0.788, val_loss=0.840, val_mean_auc=0.694, val_mean_ap=0.377, val_accuracy=0.645, val_f1=0.467, train_loss_epoch=0.829]
Epoch 16:   1%|          | 1/120 [00:31<1:03:09,  0.03it/s, v_num=6, train_loss_step=0.788, val_loss=0.840, val_mean_auc=0.694, val_mean_ap=0.377, val_accuracy=0.645, val_f1=0.467, train_loss_epoch=0.829]
Epoch 16:   1%|          | 1/120 [00:32<1:04:00,  0.03it/s, v_num=6, train_loss_step=0.709, val_loss=0.840, val_mean_auc=0.694, val_mean_ap=0.377, val_accuracy=0.645, val_f1=0.467, train_loss_epoch=0.829]
Epoch 16:   2%|▏         | 2/120 [00:33<33:01,  0.06it/s, v_num=6, train_loss_step=0.709, val_loss=0.840, val_mean_auc=0.694, val_mean_ap=0.377, val_accuracy=0.645, val_f1=0.467, train_loss_epoch=0.829]  
Epoch 16:   2%|▏         | 2/120 [00:34<33:27,  0.06it/s, v_num=6, train_loss_step=0.592, val_loss=0.840, val_mean_auc=0.694, val_mean_ap=0.377, val_accuracy=0.645, val_f1=0.467, train_loss_epoch=0.829]
Epoch 16:   2%|▎         | 3/120 [00:54<35:16,  0.06it/s, v_num=6, train_loss_step=0.592, val_loss=0.840, val_mean_auc=0.694, val_mean_ap=0.377, val_accuracy=0.645, val_f1=0.467, train_loss_epoch=0.829]
Epoch 16:   2%|▎         | 3/120 [00:54<35:33,  0.05it/s, v_num=6, train_loss_step=0.659, val_loss=0.840, val_mean_auc=0.694, val_mean_ap=0.377, val_accuracy=0.645, val_f1=0.467, train_loss_epoch=0.829]
Epoch 16:   3%|▎         | 4/120 [00:58<28:08,  0.07it/s, v_num=6, train_loss_step=0.659, val_loss=0.840, val_mean_auc=0.694, val_mean_ap=0.377, val_accuracy=0.645, val_f1=0.467, train_loss_epoch=0.829]
Epoch 16:   3%|▎         | 4/120 [00:58<28:21,  0.07it/s, v_num=6, train_loss_step=0.586, val_loss=0.840, val_mean_auc=0.694, val_mean_ap=0.377, val_accuracy=0.645, val_f1=0.467, train_loss_epoch=0.829]
Epoch 16:   4%|▍         | 5/120 [01:19<30:34,  0.06it/s, v_num=6, train_loss_step=0.586, val_loss=0.840, val_mean_auc=0.694, val_mean_ap=0.377, val_accuracy=0.645, val_f1=0.467, train_loss_epoch=0.829]
Epoch 16:   4%|▍         | 5/120 [01:20<30:45,  0.06it/s, v_num=6, train_loss_step=1.040, val_loss=0.840, val_mean_auc=0.694, val_mean_ap=0.377, val_accuracy=0.645, val_f1=0.467, train_loss_epoch=0.829]
Epoch 16:   5%|▌         | 6/120 [01:32<29:14,  0.06it/s, v_num=6, train_loss_step=1.040, val_loss=0.840, val_mean_auc=0.694, val_mean_ap=0.377, val_accuracy=0.645, val_f1=0.467, train_loss_epoch=0.829]
Epoch 16:   5%|▌         | 6/120 [01:32<29:22,  0.06it/s, v_num=6, train_loss_step=0.902, val_loss=0.840, val_mean_auc=0.694, val_mean_ap=0.377, val_accuracy=0.645, val_f1=0.467, train_loss_epoch=0.829]
Epoch 16:   6%|▌         | 7/120 [01:42<27:34,  0.07it/s, v_num=6, train_loss_step=0.902, val_loss=0.840, val_mean_auc=0.694, val_mean_ap=0.377, val_accuracy=0.645, val_f1=0.467, train_loss_epoch=0.829]
Epoch 16:   6%|▌         | 7/120 [01:42<27:41,  0.07it/s, v_num=6, train_loss_step=0.959, val_loss=0.840, val_mean_auc=0.694, val_mean_ap=0.377, val_accuracy=0.645, val_f1=0.467, train_loss_epoch=0.829]
Epoch 16:   7%|▋         | 8/120 [01:56<27:17,  0.07it/s, v_num=6, train_loss_step=0.959, val_loss=0.840, val_mean_auc=0.694, val_mean_ap=0.377, val_accuracy=0.645, val_f1=0.467, train_loss_epoch=0.829]
Epoch 16:   7%|▋         | 8/120 [01:57<27:23,  0.07it/s, v_num=6, train_loss_step=0.446, val_loss=0.840, val_mean_auc=0.694, val_mean_ap=0.377, val_accuracy=0.645, val_f1=0.467, train_loss_epoch=0.829]
Epoch 16:   8%|▊         | 9/120 [02:18<28:29,  0.06it/s, v_num=6, train_loss_step=0.446, val_loss=0.840, val_mean_auc=0.694, val_mean_ap=0.377, val_accuracy=0.645, val_f1=0.467, train_loss_epoch=0.829]
Epoch 16:   8%|▊         | 9/120 [02:19<28:34,  0.06it/s, v_num=6, train_loss_step=0.583, val_loss=0.840, val_mean_auc=0.694, val_mean_ap=0.377, val_accuracy=0.645, val_f1=0.467, train_loss_epoch=0.829]
Epoch 16:   8%|▊         | 10/120 [02:24<26:28,  0.07it/s, v_num=6, train_loss_step=0.583, val_loss=0.840, val_mean_auc=0.694, val_mean_ap=0.377, val_accuracy=0.645, val_f1=0.467, train_loss_epoch=0.829]
Epoch 16:   8%|▊         | 10/120 [02:24<26:33,  0.07it/s, v_num=6, train_loss_step=0.882, val_loss=0.840, val_mean_auc=0.694, val_mean_ap=0.377, val_accuracy=0.645, val_f1=0.467, train_loss_epoch=0.829]
Epoch 16:   9%|▉         | 11/120 [02:48<27:50,  0.07it/s, v_num=6, train_loss_step=0.882, val_loss=0.840, val_mean_auc=0.694, val_mean_ap=0.377, val_accuracy=0.645, val_f1=0.467, train_loss_epoch=0.829]
Epoch 16:   9%|▉         | 11/120 [02:49<27:55,  0.07it/s, v_num=6, train_loss_step=0.609, val_loss=0.840, val_mean_auc=0.694, val_mean_ap=0.377, val_accuracy=0.645, val_f1=0.467, train_loss_epoch=0.829]
Epoch 16:  10%|█         | 12/120 [02:50<25:38,  0.07it/s, v_num=6, train_loss_step=0.609, val_loss=0.840, val_mean_auc=0.694, val_mean_ap=0.377, val_accuracy=0.645, val_f1=0.467, train_loss_epoch=0.829]
Epoch 16:  10%|█         | 12/120 [02:51<25:42,  0.07it/s, v_num=6, train_loss_step=0.823, val_loss=0.840, val_mean_auc=0.694, val_mean_ap=0.377, val_accuracy=0.645, val_f1=0.467, train_loss_epoch=0.829]
Epoch 16:  11%|█         | 13/120 [03:14<26:40,  0.07it/s, v_num=6, train_loss_step=0.823, val_loss=0.840, val_mean_auc=0.694, val_mean_ap=0.377, val_accuracy=0.645, val_f1=0.467, train_loss_epoch=0.829]
Epoch 16:  11%|█         | 13/120 [03:14<26:44,  0.07it/s, v_num=6, train_loss_step=0.856, val_loss=0.840, val_mean_auc=0.694, val_mean_ap=0.377, val_accuracy=0.645, val_f1=0.467, train_loss_epoch=0.829]
Epoch 16:  12%|█▏        | 14/120 [03:17<24:54,  0.07it/s, v_num=6, train_loss_step=0.856, val_loss=0.840, val_mean_auc=0.694, val_mean_ap=0.377, val_accuracy=0.645, val_f1=0.467, train_loss_epoch=0.829]
Epoch 16:  12%|█▏        | 14/120 [03:17<24:57,  0.07it/s, v_num=6, train_loss_step=0.556, val_loss=0.840, val_mean_auc=0.694, val_mean_ap=0.377, val_accuracy=0.645, val_f1=0.467, train_loss_epoch=0.829]
Epoch 16:  12%|█▎        | 15/120 [03:41<25:48,  0.07it/s, v_num=6, train_loss_step=0.556, val_loss=0.840, val_mean_auc=0.694, val_mean_ap=0.377, val_accuracy=0.645, val_f1=0.467, train_loss_epoch=0.829]
Epoch 16:  12%|█▎        | 15/120 [03:41<25:51,  0.07it/s, v_num=6, train_loss_step=1.010, val_loss=0.840, val_mean_auc=0.694, val_mean_ap=0.377, val_accuracy=0.645, val_f1=0.467, train_loss_epoch=0.829]
Epoch 16:  13%|█▎        | 16/120 [03:43<24:12,  0.07it/s, v_num=6, train_loss_step=1.010, val_loss=0.840, val_mean_auc=0.694, val_mean_ap=0.377, val_accuracy=0.645, val_f1=0.467, train_loss_epoch=0.829]
Epoch 16:  13%|█▎        | 16/120 [03:43<24:15,  0.07it/s, v_num=6, train_loss_step=0.636, val_loss=0.840, val_mean_auc=0.694, val_mean_ap=0.377, val_accuracy=0.645, val_f1=0.467, train_loss_epoch=0.829]
Epoch 16:  14%|█▍        | 17/120 [04:08<25:03,  0.07it/s, v_num=6, train_loss_step=0.636, val_loss=0.840, val_mean_auc=0.694, val_mean_ap=0.377, val_accuracy=0.645, val_f1=0.467, train_loss_epoch=0.829]
Epoch 16:  14%|█▍        | 17/120 [04:08<25:06,  0.07it/s, v_num=6, train_loss_step=0.782, val_loss=0.840, val_mean_auc=0.694, val_mean_ap=0.377, val_accuracy=0.645, val_f1=0.467, train_loss_epoch=0.829]
Epoch 16:  15%|█▌        | 18/120 [04:12<23:53,  0.07it/s, v_num=6, train_loss_step=0.782, val_loss=0.840, val_mean_auc=0.694, val_mean_ap=0.377, val_accuracy=0.645, val_f1=0.467, train_loss_epoch=0.829]
Epoch 16:  15%|█▌        | 18/120 [04:13<23:55,  0.07it/s, v_num=6, train_loss_step=0.811, val_loss=0.840, val_mean_auc=0.694, val_mean_ap=0.377, val_accuracy=0.645, val_f1=0.467, train_loss_epoch=0.829]
Epoch 16:  16%|█▌        | 19/120 [04:32<24:07,  0.07it/s, v_num=6, train_loss_step=0.811, val_loss=0.840, val_mean_auc=0.694, val_mean_ap=0.377, val_accuracy=0.645, val_f1=0.467, train_loss_epoch=0.829]
Epoch 16:  16%|█▌        | 19/120 [04:32<24:09,  0.07it/s, v_num=6, train_loss_step=1.110, val_loss=0.840, val_mean_auc=0.694, val_mean_ap=0.377, val_accuracy=0.645, val_f1=0.467, train_loss_epoch=0.829]
Epoch 16:  17%|█▋        | 20/120 [04:34<22:50,  0.07it/s, v_num=6, train_loss_step=1.110, val_loss=0.840, val_mean_auc=0.694, val_mean_ap=0.377, val_accuracy=0.645, val_f1=0.467, train_loss_epoch=0.829]
Epoch 16:  17%|█▋        | 20/120 [04:34<22:53,  0.07it/s, v_num=6, train_loss_step=0.699, val_loss=0.840, val_mean_auc=0.694, val_mean_ap=0.377, val_accuracy=0.645, val_f1=0.467, train_loss_epoch=0.829]
Epoch 16:  18%|█▊        | 21/120 [05:11<24:30,  0.07it/s, v_num=6, train_loss_step=0.699, val_loss=0.840, val_mean_auc=0.694, val_mean_ap=0.377, val_accuracy=0.645, val_f1=0.467, train_loss_epoch=0.829]
Epoch 16:  18%|█▊        | 21/120 [05:12<24:32,  0.07it/s, v_num=6, train_loss_step=0.520, val_loss=0.840, val_mean_auc=0.694, val_mean_ap=0.377, val_accuracy=0.645, val_f1=0.467, train_loss_epoch=0.829]
Epoch 16:  18%|█▊        | 22/120 [05:12<23:11,  0.07it/s, v_num=6, train_loss_step=0.520, val_loss=0.840, val_mean_auc=0.694, val_mean_ap=0.377, val_accuracy=0.645, val_f1=0.467, train_loss_epoch=0.829]
Epoch 16:  18%|█▊        | 22/120 [05:12<23:13,  0.07it/s, v_num=6, train_loss_step=0.729, val_loss=0.840, val_mean_auc=0.694, val_mean_ap=0.377, val_accuracy=0.645, val_f1=0.467, train_loss_epoch=0.829]
Epoch 16:  19%|█▉        | 23/120 [05:37<23:44,  0.07it/s, v_num=6, train_loss_step=0.729, val_loss=0.840, val_mean_auc=0.694, val_mean_ap=0.377, val_accuracy=0.645, val_f1=0.467, train_loss_epoch=0.829]
Epoch 16:  19%|█▉        | 23/120 [05:38<23:46,  0.07it/s, v_num=6, train_loss_step=0.766, val_loss=0.840, val_mean_auc=0.694, val_mean_ap=0.377, val_accuracy=0.645, val_f1=0.467, train_loss_epoch=0.829]
Epoch 16:  20%|██        | 24/120 [05:38<22:32,  0.07it/s, v_num=6, train_loss_step=0.766, val_loss=0.840, val_mean_auc=0.694, val_mean_ap=0.377, val_accuracy=0.645, val_f1=0.467, train_loss_epoch=0.829]
Epoch 16:  20%|██        | 24/120 [05:38<22:34,  0.07it/s, v_num=6, train_loss_step=0.766, val_loss=0.840, val_mean_auc=0.694, val_mean_ap=0.377, val_accuracy=0.645, val_f1=0.467, train_loss_epoch=0.829]
Epoch 16:  21%|██        | 25/120 [06:06<23:12,  0.07it/s, v_num=6, train_loss_step=0.766, val_loss=0.840, val_mean_auc=0.694, val_mean_ap=0.377, val_accuracy=0.645, val_f1=0.467, train_loss_epoch=0.829]
Epoch 16:  21%|██        | 25/120 [06:06<23:14,  0.07it/s, v_num=6, train_loss_step=0.941, val_loss=0.840, val_mean_auc=0.694, val_mean_ap=0.377, val_accuracy=0.645, val_f1=0.467, train_loss_epoch=0.829]
Epoch 16:  22%|██▏       | 26/120 [06:06<22:06,  0.07it/s, v_num=6, train_loss_step=0.941, val_loss=0.840, val_mean_auc=0.694, val_mean_ap=0.377, val_accuracy=0.645, val_f1=0.467, train_loss_epoch=0.829]
Epoch 16:  22%|██▏       | 26/120 [06:07<22:08,  0.07it/s, v_num=6, train_loss_step=0.826, val_loss=0.840, val_mean_auc=0.694, val_mean_ap=0.377, val_accuracy=0.645, val_f1=0.467, train_loss_epoch=0.829]
Epoch 16:  22%|██▎       | 27/120 [06:37<22:48,  0.07it/s, v_num=6, train_loss_step=0.826, val_loss=0.840, val_mean_auc=0.694, val_mean_ap=0.377, val_accuracy=0.645, val_f1=0.467, train_loss_epoch=0.829]
Epoch 16:  22%|██▎       | 27/120 [06:37<22:50,  0.07it/s, v_num=6, train_loss_step=0.760, val_loss=0.840, val_mean_auc=0.694, val_mean_ap=0.377, val_accuracy=0.645, val_f1=0.467, train_loss_epoch=0.829]
Epoch 16:  23%|██▎       | 28/120 [06:37<21:47,  0.07it/s, v_num=6, train_loss_step=0.760, val_loss=0.840, val_mean_auc=0.694, val_mean_ap=0.377, val_accuracy=0.645, val_f1=0.467, train_loss_epoch=0.829]
Epoch 16:  23%|██▎       | 28/120 [06:38<21:48,  0.07it/s, v_num=6, train_loss_step=0.916, val_loss=0.840, val_mean_auc=0.694, val_mean_ap=0.377, val_accuracy=0.645, val_f1=0.467, train_loss_epoch=0.829]
Epoch 16:  24%|██▍       | 29/120 [07:08<22:25,  0.07it/s, v_num=6, train_loss_step=0.916, val_loss=0.840, val_mean_auc=0.694, val_mean_ap=0.377, val_accuracy=0.645, val_f1=0.467, train_loss_epoch=0.829]
Epoch 16:  24%|██▍       | 29/120 [07:09<22:27,  0.07it/s, v_num=6, train_loss_step=1.030, val_loss=0.840, val_mean_auc=0.694, val_mean_ap=0.377, val_accuracy=0.645, val_f1=0.467, train_loss_epoch=0.829]
Epoch 16:  25%|██▌       | 30/120 [07:09<21:28,  0.07it/s, v_num=6, train_loss_step=1.030, val_loss=0.840, val_mean_auc=0.694, val_mean_ap=0.377, val_accuracy=0.645, val_f1=0.467, train_loss_epoch=0.829]
Epoch 16:  25%|██▌       | 30/120 [07:09<21:29,  0.07it/s, v_num=6, train_loss_step=1.240, val_loss=0.840, val_mean_auc=0.694, val_mean_ap=0.377, val_accuracy=0.645, val_f1=0.467, train_loss_epoch=0.829]
Epoch 16:  26%|██▌       | 31/120 [07:40<22:01,  0.07it/s, v_num=6, train_loss_step=1.240, val_loss=0.840, val_mean_auc=0.694, val_mean_ap=0.377, val_accuracy=0.645, val_f1=0.467, train_loss_epoch=0.829]
Epoch 16:  26%|██▌       | 31/120 [07:40<22:02,  0.07it/s, v_num=6, train_loss_step=0.869, val_loss=0.840, val_mean_auc=0.694, val_mean_ap=0.377, val_accuracy=0.645, val_f1=0.467, train_loss_epoch=0.829]
Epoch 16:  27%|██▋       | 32/120 [07:40<21:07,  0.07it/s, v_num=6, train_loss_step=0.869, val_loss=0.840, val_mean_auc=0.694, val_mean_ap=0.377, val_accuracy=0.645, val_f1=0.467, train_loss_epoch=0.829]
Epoch 16:  27%|██▋       | 32/120 [07:41<21:08,  0.07it/s, v_num=6, train_loss_step=0.474, val_loss=0.840, val_mean_auc=0.694, val_mean_ap=0.377, val_accuracy=0.645, val_f1=0.467, train_loss_epoch=0.829]
Epoch 16:  28%|██▊       | 33/120 [08:04<21:17,  0.07it/s, v_num=6, train_loss_step=0.474, val_loss=0.840, val_mean_auc=0.694, val_mean_ap=0.377, val_accuracy=0.645, val_f1=0.467, train_loss_epoch=0.829]
Epoch 16:  28%|██▊       | 33/120 [08:04<21:18,  0.07it/s, v_num=6, train_loss_step=0.861, val_loss=0.840, val_mean_auc=0.694, val_mean_ap=0.377, val_accuracy=0.645, val_f1=0.467, train_loss_epoch=0.829]
Epoch 16:  28%|██▊       | 34/120 [08:04<20:26,  0.07it/s, v_num=6, train_loss_step=0.861, val_loss=0.840, val_mean_auc=0.694, val_mean_ap=0.377, val_accuracy=0.645, val_f1=0.467, train_loss_epoch=0.829]
Epoch 16:  28%|██▊       | 34/120 [08:05<20:27,  0.07it/s, v_num=6, train_loss_step=0.979, val_loss=0.840, val_mean_auc=0.694, val_mean_ap=0.377, val_accuracy=0.645, val_f1=0.467, train_loss_epoch=0.829]
Epoch 16:  29%|██▉       | 35/120 [08:25<20:28,  0.07it/s, v_num=6, train_loss_step=0.979, val_loss=0.840, val_mean_auc=0.694, val_mean_ap=0.377, val_accuracy=0.645, val_f1=0.467, train_loss_epoch=0.829]
Epoch 16:  29%|██▉       | 35/120 [08:26<20:29,  0.07it/s, v_num=6, train_loss_step=0.600, val_loss=0.840, val_mean_auc=0.694, val_mean_ap=0.377, val_accuracy=0.645, val_f1=0.467, train_loss_epoch=0.829]
Epoch 16:  30%|███       | 36/120 [08:26<19:41,  0.07it/s, v_num=6, train_loss_step=0.600, val_loss=0.840, val_mean_auc=0.694, val_mean_ap=0.377, val_accuracy=0.645, val_f1=0.467, train_loss_epoch=0.829]
Epoch 16:  30%|███       | 36/120 [08:26<19:42,  0.07it/s, v_num=6, train_loss_step=0.925, val_loss=0.840, val_mean_auc=0.694, val_mean_ap=0.377, val_accuracy=0.645, val_f1=0.467, train_loss_epoch=0.829]
Epoch 16:  31%|███       | 37/120 [08:48<19:46,  0.07it/s, v_num=6, train_loss_step=0.925, val_loss=0.840, val_mean_auc=0.694, val_mean_ap=0.377, val_accuracy=0.645, val_f1=0.467, train_loss_epoch=0.829]
Epoch 16:  31%|███       | 37/120 [08:49<19:47,  0.07it/s, v_num=6, train_loss_step=0.762, val_loss=0.840, val_mean_auc=0.694, val_mean_ap=0.377, val_accuracy=0.645, val_f1=0.467, train_loss_epoch=0.829]
Epoch 16:  32%|███▏      | 38/120 [08:49<19:02,  0.07it/s, v_num=6, train_loss_step=0.762, val_loss=0.840, val_mean_auc=0.694, val_mean_ap=0.377, val_accuracy=0.645, val_f1=0.467, train_loss_epoch=0.829]
Epoch 16:  32%|███▏      | 38/120 [08:49<19:03,  0.07it/s, v_num=6, train_loss_step=0.726, val_loss=0.840, val_mean_auc=0.694, val_mean_ap=0.377, val_accuracy=0.645, val_f1=0.467, train_loss_epoch=0.829]
Epoch 16:  32%|███▎      | 39/120 [09:12<19:08,  0.07it/s, v_num=6, train_loss_step=0.726, val_loss=0.840, val_mean_auc=0.694, val_mean_ap=0.377, val_accuracy=0.645, val_f1=0.467, train_loss_epoch=0.829]
Epoch 16:  32%|███▎      | 39/120 [09:13<19:09,  0.07it/s, v_num=6, train_loss_step=1.040, val_loss=0.840, val_mean_auc=0.694, val_mean_ap=0.377, val_accuracy=0.645, val_f1=0.467, train_loss_epoch=0.829]
Epoch 16:  33%|███▎      | 40/120 [09:13<18:26,  0.07it/s, v_num=6, train_loss_step=1.040, val_loss=0.840, val_mean_auc=0.694, val_mean_ap=0.377, val_accuracy=0.645, val_f1=0.467, train_loss_epoch=0.829]
Epoch 16:  33%|███▎      | 40/120 [09:13<18:27,  0.07it/s, v_num=6, train_loss_step=0.681, val_loss=0.840, val_mean_auc=0.694, val_mean_ap=0.377, val_accuracy=0.645, val_f1=0.467, train_loss_epoch=0.829]
Epoch 16:  34%|███▍      | 41/120 [09:38<18:35,  0.07it/s, v_num=6, train_loss_step=0.681, val_loss=0.840, val_mean_auc=0.694, val_mean_ap=0.377, val_accuracy=0.645, val_f1=0.467, train_loss_epoch=0.829]
Epoch 16:  34%|███▍      | 41/120 [09:39<18:36,  0.07it/s, v_num=6, train_loss_step=0.551, val_loss=0.840, val_mean_auc=0.694, val_mean_ap=0.377, val_accuracy=0.645, val_f1=0.467, train_loss_epoch=0.829]
Epoch 16:  35%|███▌      | 42/120 [09:39<17:56,  0.07it/s, v_num=6, train_loss_step=0.551, val_loss=0.840, val_mean_auc=0.694, val_mean_ap=0.377, val_accuracy=0.645, val_f1=0.467, train_loss_epoch=0.829]
Epoch 16:  35%|███▌      | 42/120 [09:39<17:56,  0.07it/s, v_num=6, train_loss_step=0.761, val_loss=0.840, val_mean_auc=0.694, val_mean_ap=0.377, val_accuracy=0.645, val_f1=0.467, train_loss_epoch=0.829]
Epoch 16:  36%|███▌      | 43/120 [10:03<18:00,  0.07it/s, v_num=6, train_loss_step=0.761, val_loss=0.840, val_mean_auc=0.694, val_mean_ap=0.377, val_accuracy=0.645, val_f1=0.467, train_loss_epoch=0.829]
Epoch 16:  36%|███▌      | 43/120 [10:03<18:01,  0.07it/s, v_num=6, train_loss_step=1.020, val_loss=0.840, val_mean_auc=0.694, val_mean_ap=0.377, val_accuracy=0.645, val_f1=0.467, train_loss_epoch=0.829]
Epoch 16:  37%|███▋      | 44/120 [10:03<17:22,  0.07it/s, v_num=6, train_loss_step=1.020, val_loss=0.840, val_mean_auc=0.694, val_mean_ap=0.377, val_accuracy=0.645, val_f1=0.467, train_loss_epoch=0.829]
Epoch 16:  37%|███▋      | 44/120 [10:04<17:23,  0.07it/s, v_num=6, train_loss_step=1.140, val_loss=0.840, val_mean_auc=0.694, val_mean_ap=0.377, val_accuracy=0.645, val_f1=0.467, train_loss_epoch=0.829]
Epoch 16:  38%|███▊      | 45/120 [10:27<17:25,  0.07it/s, v_num=6, train_loss_step=1.140, val_loss=0.840, val_mean_auc=0.694, val_mean_ap=0.377, val_accuracy=0.645, val_f1=0.467, train_loss_epoch=0.829]
Epoch 16:  38%|███▊      | 45/120 [10:27<17:26,  0.07it/s, v_num=6, train_loss_step=0.832, val_loss=0.840, val_mean_auc=0.694, val_mean_ap=0.377, val_accuracy=0.645, val_f1=0.467, train_loss_epoch=0.829]
Epoch 16:  38%|███▊      | 46/120 [10:27<16:50,  0.07it/s, v_num=6, train_loss_step=0.832, val_loss=0.840, val_mean_auc=0.694, val_mean_ap=0.377, val_accuracy=0.645, val_f1=0.467, train_loss_epoch=0.829]
Epoch 16:  38%|███▊      | 46/120 [10:28<16:50,  0.07it/s, v_num=6, train_loss_step=0.600, val_loss=0.840, val_mean_auc=0.694, val_mean_ap=0.377, val_accuracy=0.645, val_f1=0.467, train_loss_epoch=0.829]
Epoch 16:  39%|███▉      | 47/120 [10:54<16:55,  0.07it/s, v_num=6, train_loss_step=0.600, val_loss=0.840, val_mean_auc=0.694, val_mean_ap=0.377, val_accuracy=0.645, val_f1=0.467, train_loss_epoch=0.829]
Epoch 16:  39%|███▉      | 47/120 [10:54<16:56,  0.07it/s, v_num=6, train_loss_step=0.448, val_loss=0.840, val_mean_auc=0.694, val_mean_ap=0.377, val_accuracy=0.645, val_f1=0.467, train_loss_epoch=0.829]
Epoch 16:  40%|████      | 48/120 [10:54<16:21,  0.07it/s, v_num=6, train_loss_step=0.448, val_loss=0.840, val_mean_auc=0.694, val_mean_ap=0.377, val_accuracy=0.645, val_f1=0.467, train_loss_epoch=0.829]
Epoch 16:  40%|████      | 48/120 [10:54<16:22,  0.07it/s, v_num=6, train_loss_step=1.190, val_loss=0.840, val_mean_auc=0.694, val_mean_ap=0.377, val_accuracy=0.645, val_f1=0.467, train_loss_epoch=0.829]
Epoch 16:  41%|████      | 49/120 [11:20<16:26,  0.07it/s, v_num=6, train_loss_step=1.190, val_loss=0.840, val_mean_auc=0.694, val_mean_ap=0.377, val_accuracy=0.645, val_f1=0.467, train_loss_epoch=0.829]
Epoch 16:  41%|████      | 49/120 [11:20<16:26,  0.07it/s, v_num=6, train_loss_step=0.685, val_loss=0.840, val_mean_auc=0.694, val_mean_ap=0.377, val_accuracy=0.645, val_f1=0.467, train_loss_epoch=0.829]
Epoch 16:  42%|████▏     | 50/120 [11:20<15:53,  0.07it/s, v_num=6, train_loss_step=0.685, val_loss=0.840, val_mean_auc=0.694, val_mean_ap=0.377, val_accuracy=0.645, val_f1=0.467, train_loss_epoch=0.829]
Epoch 16:  42%|████▏     | 50/120 [11:21<15:53,  0.07it/s, v_num=6, train_loss_step=1.070, val_loss=0.840, val_mean_auc=0.694, val_mean_ap=0.377, val_accuracy=0.645, val_f1=0.467, train_loss_epoch=0.829]
Epoch 16:  42%|████▎     | 51/120 [11:46<15:56,  0.07it/s, v_num=6, train_loss_step=1.070, val_loss=0.840, val_mean_auc=0.694, val_mean_ap=0.377, val_accuracy=0.645, val_f1=0.467, train_loss_epoch=0.829]
Epoch 16:  42%|████▎     | 51/120 [11:47<15:57,  0.07it/s, v_num=6, train_loss_step=1.210, val_loss=0.840, val_mean_auc=0.694, val_mean_ap=0.377, val_accuracy=0.645, val_f1=0.467, train_loss_epoch=0.829]
Epoch 16:  43%|████▎     | 52/120 [11:47<15:25,  0.07it/s, v_num=6, train_loss_step=1.210, val_loss=0.840, val_mean_auc=0.694, val_mean_ap=0.377, val_accuracy=0.645, val_f1=0.467, train_loss_epoch=0.829]
Epoch 16:  43%|████▎     | 52/120 [11:47<15:25,  0.07it/s, v_num=6, train_loss_step=0.995, val_loss=0.840, val_mean_auc=0.694, val_mean_ap=0.377, val_accuracy=0.645, val_f1=0.467, train_loss_epoch=0.829]
Epoch 16:  44%|████▍     | 53/120 [12:12<15:25,  0.07it/s, v_num=6, train_loss_step=0.995, val_loss=0.840, val_mean_auc=0.694, val_mean_ap=0.377, val_accuracy=0.645, val_f1=0.467, train_loss_epoch=0.829]
Epoch 16:  44%|████▍     | 53/120 [12:12<15:26,  0.07it/s, v_num=6, train_loss_step=0.608, val_loss=0.840, val_mean_auc=0.694, val_mean_ap=0.377, val_accuracy=0.645, val_f1=0.467, train_loss_epoch=0.829]
Epoch 16:  45%|████▌     | 54/120 [12:12<14:55,  0.07it/s, v_num=6, train_loss_step=0.608, val_loss=0.840, val_mean_auc=0.694, val_mean_ap=0.377, val_accuracy=0.645, val_f1=0.467, train_loss_epoch=0.829]
Epoch 16:  45%|████▌     | 54/120 [12:13<14:56,  0.07it/s, v_num=6, train_loss_step=0.787, val_loss=0.840, val_mean_auc=0.694, val_mean_ap=0.377, val_accuracy=0.645, val_f1=0.467, train_loss_epoch=0.829]
Epoch 16:  46%|████▌     | 55/120 [12:36<14:54,  0.07it/s, v_num=6, train_loss_step=0.787, val_loss=0.840, val_mean_auc=0.694, val_mean_ap=0.377, val_accuracy=0.645, val_f1=0.467, train_loss_epoch=0.829]
Epoch 16:  46%|████▌     | 55/120 [12:36<14:54,  0.07it/s, v_num=6, train_loss_step=0.934, val_loss=0.840, val_mean_auc=0.694, val_mean_ap=0.377, val_accuracy=0.645, val_f1=0.467, train_loss_epoch=0.829]
Epoch 16:  47%|████▋     | 56/120 [12:36<14:25,  0.07it/s, v_num=6, train_loss_step=0.934, val_loss=0.840, val_mean_auc=0.694, val_mean_ap=0.377, val_accuracy=0.645, val_f1=0.467, train_loss_epoch=0.829]
Epoch 16:  47%|████▋     | 56/120 [12:37<14:25,  0.07it/s, v_num=6, train_loss_step=1.120, val_loss=0.840, val_mean_auc=0.694, val_mean_ap=0.377, val_accuracy=0.645, val_f1=0.467, train_loss_epoch=0.829]
Epoch 16:  48%|████▊     | 57/120 [13:02<14:24,  0.07it/s, v_num=6, train_loss_step=1.120, val_loss=0.840, val_mean_auc=0.694, val_mean_ap=0.377, val_accuracy=0.645, val_f1=0.467, train_loss_epoch=0.829]
Epoch 16:  48%|████▊     | 57/120 [13:02<14:25,  0.07it/s, v_num=6, train_loss_step=0.750, val_loss=0.840, val_mean_auc=0.694, val_mean_ap=0.377, val_accuracy=0.645, val_f1=0.467, train_loss_epoch=0.829]
Epoch 16:  48%|████▊     | 58/120 [13:02<13:56,  0.07it/s, v_num=6, train_loss_step=0.750, val_loss=0.840, val_mean_auc=0.694, val_mean_ap=0.377, val_accuracy=0.645, val_f1=0.467, train_loss_epoch=0.829]
Epoch 16:  48%|████▊     | 58/120 [13:03<13:57,  0.07it/s, v_num=6, train_loss_step=1.040, val_loss=0.840, val_mean_auc=0.694, val_mean_ap=0.377, val_accuracy=0.645, val_f1=0.467, train_loss_epoch=0.829]
Epoch 16:  49%|████▉     | 59/120 [13:26<13:53,  0.07it/s, v_num=6, train_loss_step=1.040, val_loss=0.840, val_mean_auc=0.694, val_mean_ap=0.377, val_accuracy=0.645, val_f1=0.467, train_loss_epoch=0.829]
Epoch 16:  49%|████▉     | 59/120 [13:26<13:54,  0.07it/s, v_num=6, train_loss_step=1.440, val_loss=0.840, val_mean_auc=0.694, val_mean_ap=0.377, val_accuracy=0.645, val_f1=0.467, train_loss_epoch=0.829]
Epoch 16:  50%|█████     | 60/120 [13:26<13:26,  0.07it/s, v_num=6, train_loss_step=1.440, val_loss=0.840, val_mean_auc=0.694, val_mean_ap=0.377, val_accuracy=0.645, val_f1=0.467, train_loss_epoch=0.829]
Epoch 16:  50%|█████     | 60/120 [13:27<13:27,  0.07it/s, v_num=6, train_loss_step=1.220, val_loss=0.840, val_mean_auc=0.694, val_mean_ap=0.377, val_accuracy=0.645, val_f1=0.467, train_loss_epoch=0.829]
Epoch 16:  51%|█████     | 61/120 [14:01<13:34,  0.07it/s, v_num=6, train_loss_step=1.220, val_loss=0.840, val_mean_auc=0.694, val_mean_ap=0.377, val_accuracy=0.645, val_f1=0.467, train_loss_epoch=0.829]
Epoch 16:  51%|█████     | 61/120 [14:02<13:34,  0.07it/s, v_num=6, train_loss_step=0.884, val_loss=0.840, val_mean_auc=0.694, val_mean_ap=0.377, val_accuracy=0.645, val_f1=0.467, train_loss_epoch=0.829]
Epoch 16:  52%|█████▏    | 62/120 [14:02<13:07,  0.07it/s, v_num=6, train_loss_step=0.884, val_loss=0.840, val_mean_auc=0.694, val_mean_ap=0.377, val_accuracy=0.645, val_f1=0.467, train_loss_epoch=0.829]
Epoch 16:  52%|█████▏    | 62/120 [14:02<13:08,  0.07it/s, v_num=6, train_loss_step=0.815, val_loss=0.840, val_mean_auc=0.694, val_mean_ap=0.377, val_accuracy=0.645, val_f1=0.467, train_loss_epoch=0.829]
Epoch 16:  52%|█████▎    | 63/120 [14:32<13:09,  0.07it/s, v_num=6, train_loss_step=0.815, val_loss=0.840, val_mean_auc=0.694, val_mean_ap=0.377, val_accuracy=0.645, val_f1=0.467, train_loss_epoch=0.829]
Epoch 16:  52%|█████▎    | 63/120 [14:32<13:09,  0.07it/s, v_num=6, train_loss_step=0.632, val_loss=0.840, val_mean_auc=0.694, val_mean_ap=0.377, val_accuracy=0.645, val_f1=0.467, train_loss_epoch=0.829]
Epoch 16:  53%|█████▎    | 64/120 [14:32<12:43,  0.07it/s, v_num=6, train_loss_step=0.632, val_loss=0.840, val_mean_auc=0.694, val_mean_ap=0.377, val_accuracy=0.645, val_f1=0.467, train_loss_epoch=0.829]
Epoch 16:  53%|█████▎    | 64/120 [14:33<12:43,  0.07it/s, v_num=6, train_loss_step=0.917, val_loss=0.840, val_mean_auc=0.694, val_mean_ap=0.377, val_accuracy=0.645, val_f1=0.467, train_loss_epoch=0.829]
Epoch 16:  54%|█████▍    | 65/120 [14:56<12:38,  0.07it/s, v_num=6, train_loss_step=0.917, val_loss=0.840, val_mean_auc=0.694, val_mean_ap=0.377, val_accuracy=0.645, val_f1=0.467, train_loss_epoch=0.829]
Epoch 16:  54%|█████▍    | 65/120 [14:56<12:38,  0.07it/s, v_num=6, train_loss_step=0.960, val_loss=0.840, val_mean_auc=0.694, val_mean_ap=0.377, val_accuracy=0.645, val_f1=0.467, train_loss_epoch=0.829]
Epoch 16:  55%|█████▌    | 66/120 [14:56<12:13,  0.07it/s, v_num=6, train_loss_step=0.960, val_loss=0.840, val_mean_auc=0.694, val_mean_ap=0.377, val_accuracy=0.645, val_f1=0.467, train_loss_epoch=0.829]
Epoch 16:  55%|█████▌    | 66/120 [14:57<12:14,  0.07it/s, v_num=6, train_loss_step=0.842, val_loss=0.840, val_mean_auc=0.694, val_mean_ap=0.377, val_accuracy=0.645, val_f1=0.467, train_loss_epoch=0.829]
Epoch 16:  56%|█████▌    | 67/120 [15:25<12:12,  0.07it/s, v_num=6, train_loss_step=0.842, val_loss=0.840, val_mean_auc=0.694, val_mean_ap=0.377, val_accuracy=0.645, val_f1=0.467, train_loss_epoch=0.829]
Epoch 16:  56%|█████▌    | 67/120 [15:25<12:12,  0.07it/s, v_num=6, train_loss_step=0.622, val_loss=0.840, val_mean_auc=0.694, val_mean_ap=0.377, val_accuracy=0.645, val_f1=0.467, train_loss_epoch=0.829]
Epoch 16:  57%|█████▋    | 68/120 [15:25<11:48,  0.07it/s, v_num=6, train_loss_step=0.622, val_loss=0.840, val_mean_auc=0.694, val_mean_ap=0.377, val_accuracy=0.645, val_f1=0.467, train_loss_epoch=0.829]
Epoch 16:  57%|█████▋    | 68/120 [15:26<11:48,  0.07it/s, v_num=6, train_loss_step=0.796, val_loss=0.840, val_mean_auc=0.694, val_mean_ap=0.377, val_accuracy=0.645, val_f1=0.467, train_loss_epoch=0.829]
Epoch 16:  57%|█████▊    | 69/120 [15:51<11:43,  0.07it/s, v_num=6, train_loss_step=0.796, val_loss=0.840, val_mean_auc=0.694, val_mean_ap=0.377, val_accuracy=0.645, val_f1=0.467, train_loss_epoch=0.829]
Epoch 16:  57%|█████▊    | 69/120 [15:51<11:43,  0.07it/s, v_num=6, train_loss_step=0.700, val_loss=0.840, val_mean_auc=0.694, val_mean_ap=0.377, val_accuracy=0.645, val_f1=0.467, train_loss_epoch=0.829]
Epoch 16:  58%|█████▊    | 70/120 [15:52<11:20,  0.07it/s, v_num=6, train_loss_step=0.700, val_loss=0.840, val_mean_auc=0.694, val_mean_ap=0.377, val_accuracy=0.645, val_f1=0.467, train_loss_epoch=0.829]
Epoch 16:  58%|█████▊    | 70/120 [15:52<11:20,  0.07it/s, v_num=6, train_loss_step=0.660, val_loss=0.840, val_mean_auc=0.694, val_mean_ap=0.377, val_accuracy=0.645, val_f1=0.467, train_loss_epoch=0.829]
Epoch 16:  59%|█████▉    | 71/120 [16:15<11:13,  0.07it/s, v_num=6, train_loss_step=0.660, val_loss=0.840, val_mean_auc=0.694, val_mean_ap=0.377, val_accuracy=0.645, val_f1=0.467, train_loss_epoch=0.829]
Epoch 16:  59%|█████▉    | 71/120 [16:15<11:13,  0.07it/s, v_num=6, train_loss_step=0.796, val_loss=0.840, val_mean_auc=0.694, val_mean_ap=0.377, val_accuracy=0.645, val_f1=0.467, train_loss_epoch=0.829]
Epoch 16:  60%|██████    | 72/120 [16:15<10:50,  0.07it/s, v_num=6, train_loss_step=0.796, val_loss=0.840, val_mean_auc=0.694, val_mean_ap=0.377, val_accuracy=0.645, val_f1=0.467, train_loss_epoch=0.829]
Epoch 16:  60%|██████    | 72/120 [16:16<10:50,  0.07it/s, v_num=6, train_loss_step=0.592, val_loss=0.840, val_mean_auc=0.694, val_mean_ap=0.377, val_accuracy=0.645, val_f1=0.467, train_loss_epoch=0.829]
Epoch 16:  61%|██████    | 73/120 [16:40<10:43,  0.07it/s, v_num=6, train_loss_step=0.592, val_loss=0.840, val_mean_auc=0.694, val_mean_ap=0.377, val_accuracy=0.645, val_f1=0.467, train_loss_epoch=0.829]
Epoch 16:  61%|██████    | 73/120 [16:40<10:44,  0.07it/s, v_num=6, train_loss_step=0.743, val_loss=0.840, val_mean_auc=0.694, val_mean_ap=0.377, val_accuracy=0.645, val_f1=0.467, train_loss_epoch=0.829]
Epoch 16:  62%|██████▏   | 74/120 [16:40<10:21,  0.07it/s, v_num=6, train_loss_step=0.743, val_loss=0.840, val_mean_auc=0.694, val_mean_ap=0.377, val_accuracy=0.645, val_f1=0.467, train_loss_epoch=0.829]
Epoch 16:  62%|██████▏   | 74/120 [16:40<10:22,  0.07it/s, v_num=6, train_loss_step=1.150, val_loss=0.840, val_mean_auc=0.694, val_mean_ap=0.377, val_accuracy=0.645, val_f1=0.467, train_loss_epoch=0.829]
Epoch 16:  62%|██████▎   | 75/120 [17:13<10:20,  0.07it/s, v_num=6, train_loss_step=1.150, val_loss=0.840, val_mean_auc=0.694, val_mean_ap=0.377, val_accuracy=0.645, val_f1=0.467, train_loss_epoch=0.829]
Epoch 16:  62%|██████▎   | 75/120 [17:13<10:20,  0.07it/s, v_num=6, train_loss_step=0.841, val_loss=0.840, val_mean_auc=0.694, val_mean_ap=0.377, val_accuracy=0.645, val_f1=0.467, train_loss_epoch=0.829]
Epoch 16:  63%|██████▎   | 76/120 [17:13<09:58,  0.07it/s, v_num=6, train_loss_step=0.841, val_loss=0.840, val_mean_auc=0.694, val_mean_ap=0.377, val_accuracy=0.645, val_f1=0.467, train_loss_epoch=0.829]
Epoch 16:  63%|██████▎   | 76/120 [17:14<09:58,  0.07it/s, v_num=6, train_loss_step=0.775, val_loss=0.840, val_mean_auc=0.694, val_mean_ap=0.377, val_accuracy=0.645, val_f1=0.467, train_loss_epoch=0.829]
Epoch 16:  64%|██████▍   | 77/120 [17:43<09:54,  0.07it/s, v_num=6, train_loss_step=0.775, val_loss=0.840, val_mean_auc=0.694, val_mean_ap=0.377, val_accuracy=0.645, val_f1=0.467, train_loss_epoch=0.829]
Epoch 16:  64%|██████▍   | 77/120 [17:44<09:54,  0.07it/s, v_num=6, train_loss_step=0.513, val_loss=0.840, val_mean_auc=0.694, val_mean_ap=0.377, val_accuracy=0.645, val_f1=0.467, train_loss_epoch=0.829]
Epoch 16:  65%|██████▌   | 78/120 [17:44<09:33,  0.07it/s, v_num=6, train_loss_step=0.513, val_loss=0.840, val_mean_auc=0.694, val_mean_ap=0.377, val_accuracy=0.645, val_f1=0.467, train_loss_epoch=0.829]
Epoch 16:  65%|██████▌   | 78/120 [17:44<09:33,  0.07it/s, v_num=6, train_loss_step=0.712, val_loss=0.840, val_mean_auc=0.694, val_mean_ap=0.377, val_accuracy=0.645, val_f1=0.467, train_loss_epoch=0.829]
Epoch 16:  66%|██████▌   | 79/120 [18:13<09:27,  0.07it/s, v_num=6, train_loss_step=0.712, val_loss=0.840, val_mean_auc=0.694, val_mean_ap=0.377, val_accuracy=0.645, val_f1=0.467, train_loss_epoch=0.829]
Epoch 16:  66%|██████▌   | 79/120 [18:14<09:27,  0.07it/s, v_num=6, train_loss_step=1.170, val_loss=0.840, val_mean_auc=0.694, val_mean_ap=0.377, val_accuracy=0.645, val_f1=0.467, train_loss_epoch=0.829]
Epoch 16:  67%|██████▋   | 80/120 [18:14<09:07,  0.07it/s, v_num=6, train_loss_step=1.170, val_loss=0.840, val_mean_auc=0.694, val_mean_ap=0.377, val_accuracy=0.645, val_f1=0.467, train_loss_epoch=0.829]
Epoch 16:  67%|██████▋   | 80/120 [18:14<09:07,  0.07it/s, v_num=6, train_loss_step=0.513, val_loss=0.840, val_mean_auc=0.694, val_mean_ap=0.377, val_accuracy=0.645, val_f1=0.467, train_loss_epoch=0.829]
Epoch 16:  68%|██████▊   | 81/120 [18:41<09:00,  0.07it/s, v_num=6, train_loss_step=0.513, val_loss=0.840, val_mean_auc=0.694, val_mean_ap=0.377, val_accuracy=0.645, val_f1=0.467, train_loss_epoch=0.829]
Epoch 16:  68%|██████▊   | 81/120 [18:42<09:00,  0.07it/s, v_num=6, train_loss_step=0.510, val_loss=0.840, val_mean_auc=0.694, val_mean_ap=0.377, val_accuracy=0.645, val_f1=0.467, train_loss_epoch=0.829]
Epoch 16:  68%|██████▊   | 82/120 [18:42<08:39,  0.07it/s, v_num=6, train_loss_step=0.510, val_loss=0.840, val_mean_auc=0.694, val_mean_ap=0.377, val_accuracy=0.645, val_f1=0.467, train_loss_epoch=0.829]
Epoch 16:  68%|██████▊   | 82/120 [18:42<08:40,  0.07it/s, v_num=6, train_loss_step=0.907, val_loss=0.840, val_mean_auc=0.694, val_mean_ap=0.377, val_accuracy=0.645, val_f1=0.467, train_loss_epoch=0.829]
Epoch 16:  69%|██████▉   | 83/120 [19:07<08:31,  0.07it/s, v_num=6, train_loss_step=0.907, val_loss=0.840, val_mean_auc=0.694, val_mean_ap=0.377, val_accuracy=0.645, val_f1=0.467, train_loss_epoch=0.829]
Epoch 16:  69%|██████▉   | 83/120 [19:07<08:31,  0.07it/s, v_num=6, train_loss_step=0.756, val_loss=0.840, val_mean_auc=0.694, val_mean_ap=0.377, val_accuracy=0.645, val_f1=0.467, train_loss_epoch=0.829]
Epoch 16:  70%|███████   | 84/120 [19:07<08:11,  0.07it/s, v_num=6, train_loss_step=0.756, val_loss=0.840, val_mean_auc=0.694, val_mean_ap=0.377, val_accuracy=0.645, val_f1=0.467, train_loss_epoch=0.829]
Epoch 16:  70%|███████   | 84/120 [19:08<08:12,  0.07it/s, v_num=6, train_loss_step=0.571, val_loss=0.840, val_mean_auc=0.694, val_mean_ap=0.377, val_accuracy=0.645, val_f1=0.467, train_loss_epoch=0.829]
Epoch 16:  71%|███████   | 85/120 [19:42<08:07,  0.07it/s, v_num=6, train_loss_step=0.571, val_loss=0.840, val_mean_auc=0.694, val_mean_ap=0.377, val_accuracy=0.645, val_f1=0.467, train_loss_epoch=0.829]
Epoch 16:  71%|███████   | 85/120 [19:43<08:07,  0.07it/s, v_num=6, train_loss_step=0.752, val_loss=0.840, val_mean_auc=0.694, val_mean_ap=0.377, val_accuracy=0.645, val_f1=0.467, train_loss_epoch=0.829]
Epoch 16:  72%|███████▏  | 86/120 [19:43<07:47,  0.07it/s, v_num=6, train_loss_step=0.752, val_loss=0.840, val_mean_auc=0.694, val_mean_ap=0.377, val_accuracy=0.645, val_f1=0.467, train_loss_epoch=0.829]
Epoch 16:  72%|███████▏  | 86/120 [19:43<07:48,  0.07it/s, v_num=6, train_loss_step=0.662, val_loss=0.840, val_mean_auc=0.694, val_mean_ap=0.377, val_accuracy=0.645, val_f1=0.467, train_loss_epoch=0.829]
Epoch 16:  72%|███████▎  | 87/120 [20:14<07:40,  0.07it/s, v_num=6, train_loss_step=0.662, val_loss=0.840, val_mean_auc=0.694, val_mean_ap=0.377, val_accuracy=0.645, val_f1=0.467, train_loss_epoch=0.829]
Epoch 16:  72%|███████▎  | 87/120 [20:14<07:40,  0.07it/s, v_num=6, train_loss_step=1.130, val_loss=0.840, val_mean_auc=0.694, val_mean_ap=0.377, val_accuracy=0.645, val_f1=0.467, train_loss_epoch=0.829]
Epoch 16:  73%|███████▎  | 88/120 [20:15<07:21,  0.07it/s, v_num=6, train_loss_step=1.130, val_loss=0.840, val_mean_auc=0.694, val_mean_ap=0.377, val_accuracy=0.645, val_f1=0.467, train_loss_epoch=0.829]
Epoch 16:  73%|███████▎  | 88/120 [20:15<07:21,  0.07it/s, v_num=6, train_loss_step=0.521, val_loss=0.840, val_mean_auc=0.694, val_mean_ap=0.377, val_accuracy=0.645, val_f1=0.467, train_loss_epoch=0.829]
Epoch 16:  74%|███████▍  | 89/120 [20:37<07:10,  0.07it/s, v_num=6, train_loss_step=0.521, val_loss=0.840, val_mean_auc=0.694, val_mean_ap=0.377, val_accuracy=0.645, val_f1=0.467, train_loss_epoch=0.829]
Epoch 16:  74%|███████▍  | 89/120 [20:37<07:11,  0.07it/s, v_num=6, train_loss_step=0.659, val_loss=0.840, val_mean_auc=0.694, val_mean_ap=0.377, val_accuracy=0.645, val_f1=0.467, train_loss_epoch=0.829]
Epoch 16:  75%|███████▌  | 90/120 [20:37<06:52,  0.07it/s, v_num=6, train_loss_step=0.659, val_loss=0.840, val_mean_auc=0.694, val_mean_ap=0.377, val_accuracy=0.645, val_f1=0.467, train_loss_epoch=0.829]
Epoch 16:  75%|███████▌  | 90/120 [20:38<06:52,  0.07it/s, v_num=6, train_loss_step=0.804, val_loss=0.840, val_mean_auc=0.694, val_mean_ap=0.377, val_accuracy=0.645, val_f1=0.467, train_loss_epoch=0.829]
Epoch 16:  76%|███████▌  | 91/120 [21:08<06:44,  0.07it/s, v_num=6, train_loss_step=0.804, val_loss=0.840, val_mean_auc=0.694, val_mean_ap=0.377, val_accuracy=0.645, val_f1=0.467, train_loss_epoch=0.829]
Epoch 16:  76%|███████▌  | 91/120 [21:09<06:44,  0.07it/s, v_num=6, train_loss_step=0.891, val_loss=0.840, val_mean_auc=0.694, val_mean_ap=0.377, val_accuracy=0.645, val_f1=0.467, train_loss_epoch=0.829]
Epoch 16:  77%|███████▋  | 92/120 [21:09<06:26,  0.07it/s, v_num=6, train_loss_step=0.891, val_loss=0.840, val_mean_auc=0.694, val_mean_ap=0.377, val_accuracy=0.645, val_f1=0.467, train_loss_epoch=0.829]
Epoch 16:  77%|███████▋  | 92/120 [21:09<06:26,  0.07it/s, v_num=6, train_loss_step=1.070, val_loss=0.840, val_mean_auc=0.694, val_mean_ap=0.377, val_accuracy=0.645, val_f1=0.467, train_loss_epoch=0.829]
Epoch 16:  78%|███████▊  | 93/120 [21:35<06:16,  0.07it/s, v_num=6, train_loss_step=1.070, val_loss=0.840, val_mean_auc=0.694, val_mean_ap=0.377, val_accuracy=0.645, val_f1=0.467, train_loss_epoch=0.829]
Epoch 16:  78%|███████▊  | 93/120 [21:35<06:16,  0.07it/s, v_num=6, train_loss_step=0.834, val_loss=0.840, val_mean_auc=0.694, val_mean_ap=0.377, val_accuracy=0.645, val_f1=0.467, train_loss_epoch=0.829]
Epoch 16:  78%|███████▊  | 94/120 [21:35<05:58,  0.07it/s, v_num=6, train_loss_step=0.834, val_loss=0.840, val_mean_auc=0.694, val_mean_ap=0.377, val_accuracy=0.645, val_f1=0.467, train_loss_epoch=0.829]
Epoch 16:  78%|███████▊  | 94/120 [21:36<05:58,  0.07it/s, v_num=6, train_loss_step=0.636, val_loss=0.840, val_mean_auc=0.694, val_mean_ap=0.377, val_accuracy=0.645, val_f1=0.467, train_loss_epoch=0.829]
Epoch 16:  79%|███████▉  | 95/120 [22:02<05:47,  0.07it/s, v_num=6, train_loss_step=0.636, val_loss=0.840, val_mean_auc=0.694, val_mean_ap=0.377, val_accuracy=0.645, val_f1=0.467, train_loss_epoch=0.829]
Epoch 16:  79%|███████▉  | 95/120 [22:02<05:48,  0.07it/s, v_num=6, train_loss_step=0.552, val_loss=0.840, val_mean_auc=0.694, val_mean_ap=0.377, val_accuracy=0.645, val_f1=0.467, train_loss_epoch=0.829]
Epoch 16:  80%|████████  | 96/120 [22:02<05:30,  0.07it/s, v_num=6, train_loss_step=0.552, val_loss=0.840, val_mean_auc=0.694, val_mean_ap=0.377, val_accuracy=0.645, val_f1=0.467, train_loss_epoch=0.829]
Epoch 16:  80%|████████  | 96/120 [22:03<05:30,  0.07it/s, v_num=6, train_loss_step=0.759, val_loss=0.840, val_mean_auc=0.694, val_mean_ap=0.377, val_accuracy=0.645, val_f1=0.467, train_loss_epoch=0.829]
Epoch 16:  81%|████████  | 97/120 [22:24<05:18,  0.07it/s, v_num=6, train_loss_step=0.759, val_loss=0.840, val_mean_auc=0.694, val_mean_ap=0.377, val_accuracy=0.645, val_f1=0.467, train_loss_epoch=0.829]
Epoch 16:  81%|████████  | 97/120 [22:24<05:18,  0.07it/s, v_num=6, train_loss_step=0.664, val_loss=0.840, val_mean_auc=0.694, val_mean_ap=0.377, val_accuracy=0.645, val_f1=0.467, train_loss_epoch=0.829]
Epoch 16:  82%|████████▏ | 98/120 [22:24<05:01,  0.07it/s, v_num=6, train_loss_step=0.664, val_loss=0.840, val_mean_auc=0.694, val_mean_ap=0.377, val_accuracy=0.645, val_f1=0.467, train_loss_epoch=0.829]
Epoch 16:  82%|████████▏ | 98/120 [22:25<05:02,  0.07it/s, v_num=6, train_loss_step=0.688, val_loss=0.840, val_mean_auc=0.694, val_mean_ap=0.377, val_accuracy=0.645, val_f1=0.467, train_loss_epoch=0.829]
Epoch 16:  82%|████████▎ | 99/120 [22:48<04:50,  0.07it/s, v_num=6, train_loss_step=0.688, val_loss=0.840, val_mean_auc=0.694, val_mean_ap=0.377, val_accuracy=0.645, val_f1=0.467, train_loss_epoch=0.829]
Epoch 16:  82%|████████▎ | 99/120 [22:49<04:50,  0.07it/s, v_num=6, train_loss_step=0.521, val_loss=0.840, val_mean_auc=0.694, val_mean_ap=0.377, val_accuracy=0.645, val_f1=0.467, train_loss_epoch=0.829]
Epoch 16:  83%|████████▎ | 100/120 [22:49<04:33,  0.07it/s, v_num=6, train_loss_step=0.521, val_loss=0.840, val_mean_auc=0.694, val_mean_ap=0.377, val_accuracy=0.645, val_f1=0.467, train_loss_epoch=0.829]
Epoch 16:  83%|████████▎ | 100/120 [22:49<04:33,  0.07it/s, v_num=6, train_loss_step=0.655, val_loss=0.840, val_mean_auc=0.694, val_mean_ap=0.377, val_accuracy=0.645, val_f1=0.467, train_loss_epoch=0.829]
Epoch 16:  84%|████████▍ | 101/120 [23:19<04:23,  0.07it/s, v_num=6, train_loss_step=0.655, val_loss=0.840, val_mean_auc=0.694, val_mean_ap=0.377, val_accuracy=0.645, val_f1=0.467, train_loss_epoch=0.829]
Epoch 16:  84%|████████▍ | 101/120 [23:19<04:23,  0.07it/s, v_num=6, train_loss_step=0.522, val_loss=0.840, val_mean_auc=0.694, val_mean_ap=0.377, val_accuracy=0.645, val_f1=0.467, train_loss_epoch=0.829]
Epoch 16:  85%|████████▌ | 102/120 [23:19<04:07,  0.07it/s, v_num=6, train_loss_step=0.522, val_loss=0.840, val_mean_auc=0.694, val_mean_ap=0.377, val_accuracy=0.645, val_f1=0.467, train_loss_epoch=0.829]
Epoch 16:  85%|████████▌ | 102/120 [23:20<04:07,  0.07it/s, v_num=6, train_loss_step=0.765, val_loss=0.840, val_mean_auc=0.694, val_mean_ap=0.377, val_accuracy=0.645, val_f1=0.467, train_loss_epoch=0.829]
Epoch 16:  86%|████████▌ | 103/120 [23:47<03:55,  0.07it/s, v_num=6, train_loss_step=0.765, val_loss=0.840, val_mean_auc=0.694, val_mean_ap=0.377, val_accuracy=0.645, val_f1=0.467, train_loss_epoch=0.829]
Epoch 16:  86%|████████▌ | 103/120 [23:47<03:55,  0.07it/s, v_num=6, train_loss_step=1.250, val_loss=0.840, val_mean_auc=0.694, val_mean_ap=0.377, val_accuracy=0.645, val_f1=0.467, train_loss_epoch=0.829]
Epoch 16:  87%|████████▋ | 104/120 [23:47<03:39,  0.07it/s, v_num=6, train_loss_step=1.250, val_loss=0.840, val_mean_auc=0.694, val_mean_ap=0.377, val_accuracy=0.645, val_f1=0.467, train_loss_epoch=0.829]
Epoch 16:  87%|████████▋ | 104/120 [23:48<03:39,  0.07it/s, v_num=6, train_loss_step=0.689, val_loss=0.840, val_mean_auc=0.694, val_mean_ap=0.377, val_accuracy=0.645, val_f1=0.467, train_loss_epoch=0.829]
Epoch 16:  88%|████████▊ | 105/120 [24:11<03:27,  0.07it/s, v_num=6, train_loss_step=0.689, val_loss=0.840, val_mean_auc=0.694, val_mean_ap=0.377, val_accuracy=0.645, val_f1=0.467, train_loss_epoch=0.829]
Epoch 16:  88%|████████▊ | 105/120 [24:11<03:27,  0.07it/s, v_num=6, train_loss_step=0.725, val_loss=0.840, val_mean_auc=0.694, val_mean_ap=0.377, val_accuracy=0.645, val_f1=0.467, train_loss_epoch=0.829]
Epoch 16:  88%|████████▊ | 106/120 [24:11<03:11,  0.07it/s, v_num=6, train_loss_step=0.725, val_loss=0.840, val_mean_auc=0.694, val_mean_ap=0.377, val_accuracy=0.645, val_f1=0.467, train_loss_epoch=0.829]
Epoch 16:  88%|████████▊ | 106/120 [24:12<03:11,  0.07it/s, v_num=6, train_loss_step=0.720, val_loss=0.840, val_mean_auc=0.694, val_mean_ap=0.377, val_accuracy=0.645, val_f1=0.467, train_loss_epoch=0.829]
Epoch 16:  89%|████████▉ | 107/120 [24:36<02:59,  0.07it/s, v_num=6, train_loss_step=0.720, val_loss=0.840, val_mean_auc=0.694, val_mean_ap=0.377, val_accuracy=0.645, val_f1=0.467, train_loss_epoch=0.829]
Epoch 16:  89%|████████▉ | 107/120 [24:37<02:59,  0.07it/s, v_num=6, train_loss_step=0.477, val_loss=0.840, val_mean_auc=0.694, val_mean_ap=0.377, val_accuracy=0.645, val_f1=0.467, train_loss_epoch=0.829]
Epoch 16:  90%|█████████ | 108/120 [24:37<02:44,  0.07it/s, v_num=6, train_loss_step=0.477, val_loss=0.840, val_mean_auc=0.694, val_mean_ap=0.377, val_accuracy=0.645, val_f1=0.467, train_loss_epoch=0.829]
Epoch 16:  90%|█████████ | 108/120 [24:37<02:44,  0.07it/s, v_num=6, train_loss_step=0.769, val_loss=0.840, val_mean_auc=0.694, val_mean_ap=0.377, val_accuracy=0.645, val_f1=0.467, train_loss_epoch=0.829]
Epoch 16:  91%|█████████ | 109/120 [25:03<02:31,  0.07it/s, v_num=6, train_loss_step=0.769, val_loss=0.840, val_mean_auc=0.694, val_mean_ap=0.377, val_accuracy=0.645, val_f1=0.467, train_loss_epoch=0.829]
Epoch 16:  91%|█████████ | 109/120 [25:04<02:31,  0.07it/s, v_num=6, train_loss_step=0.976, val_loss=0.840, val_mean_auc=0.694, val_mean_ap=0.377, val_accuracy=0.645, val_f1=0.467, train_loss_epoch=0.829]
Epoch 16:  92%|█████████▏| 110/120 [25:04<02:16,  0.07it/s, v_num=6, train_loss_step=0.976, val_loss=0.840, val_mean_auc=0.694, val_mean_ap=0.377, val_accuracy=0.645, val_f1=0.467, train_loss_epoch=0.829]
Epoch 16:  92%|█████████▏| 110/120 [25:04<02:16,  0.07it/s, v_num=6, train_loss_step=0.795, val_loss=0.840, val_mean_auc=0.694, val_mean_ap=0.377, val_accuracy=0.645, val_f1=0.467, train_loss_epoch=0.829]
Epoch 16:  92%|█████████▎| 111/120 [25:31<02:04,  0.07it/s, v_num=6, train_loss_step=0.795, val_loss=0.840, val_mean_auc=0.694, val_mean_ap=0.377, val_accuracy=0.645, val_f1=0.467, train_loss_epoch=0.829]
Epoch 16:  92%|█████████▎| 111/120 [25:31<02:04,  0.07it/s, v_num=6, train_loss_step=0.616, val_loss=0.840, val_mean_auc=0.694, val_mean_ap=0.377, val_accuracy=0.645, val_f1=0.467, train_loss_epoch=0.829]
Epoch 16:  93%|█████████▎| 112/120 [25:31<01:49,  0.07it/s, v_num=6, train_loss_step=0.616, val_loss=0.840, val_mean_auc=0.694, val_mean_ap=0.377, val_accuracy=0.645, val_f1=0.467, train_loss_epoch=0.829]
Epoch 16:  93%|█████████▎| 112/120 [25:32<01:49,  0.07it/s, v_num=6, train_loss_step=1.180, val_loss=0.840, val_mean_auc=0.694, val_mean_ap=0.377, val_accuracy=0.645, val_f1=0.467, train_loss_epoch=0.829]
Epoch 16:  94%|█████████▍| 113/120 [25:59<01:36,  0.07it/s, v_num=6, train_loss_step=1.180, val_loss=0.840, val_mean_auc=0.694, val_mean_ap=0.377, val_accuracy=0.645, val_f1=0.467, train_loss_epoch=0.829]
Epoch 16:  94%|█████████▍| 113/120 [26:00<01:36,  0.07it/s, v_num=6, train_loss_step=0.929, val_loss=0.840, val_mean_auc=0.694, val_mean_ap=0.377, val_accuracy=0.645, val_f1=0.467, train_loss_epoch=0.829]
Epoch 16:  95%|█████████▌| 114/120 [26:00<01:22,  0.07it/s, v_num=6, train_loss_step=0.929, val_loss=0.840, val_mean_auc=0.694, val_mean_ap=0.377, val_accuracy=0.645, val_f1=0.467, train_loss_epoch=0.829]
Epoch 16:  95%|█████████▌| 114/120 [26:00<01:22,  0.07it/s, v_num=6, train_loss_step=0.696, val_loss=0.840, val_mean_auc=0.694, val_mean_ap=0.377, val_accuracy=0.645, val_f1=0.467, train_loss_epoch=0.829]
Epoch 16:  96%|█████████▌| 115/120 [26:29<01:09,  0.07it/s, v_num=6, train_loss_step=0.696, val_loss=0.840, val_mean_auc=0.694, val_mean_ap=0.377, val_accuracy=0.645, val_f1=0.467, train_loss_epoch=0.829]
Epoch 16:  96%|█████████▌| 115/120 [26:30<01:09,  0.07it/s, v_num=6, train_loss_step=1.120, val_loss=0.840, val_mean_auc=0.694, val_mean_ap=0.377, val_accuracy=0.645, val_f1=0.467, train_loss_epoch=0.829]
Epoch 16:  97%|█████████▋| 116/120 [26:30<00:54,  0.07it/s, v_num=6, train_loss_step=1.120, val_loss=0.840, val_mean_auc=0.694, val_mean_ap=0.377, val_accuracy=0.645, val_f1=0.467, train_loss_epoch=0.829]
Epoch 16:  97%|█████████▋| 116/120 [26:30<00:54,  0.07it/s, v_num=6, train_loss_step=0.810, val_loss=0.840, val_mean_auc=0.694, val_mean_ap=0.377, val_accuracy=0.645, val_f1=0.467, train_loss_epoch=0.829]
Epoch 16:  98%|█████████▊| 117/120 [26:55<00:41,  0.07it/s, v_num=6, train_loss_step=0.810, val_loss=0.840, val_mean_auc=0.694, val_mean_ap=0.377, val_accuracy=0.645, val_f1=0.467, train_loss_epoch=0.829]
Epoch 16:  98%|█████████▊| 117/120 [26:56<00:41,  0.07it/s, v_num=6, train_loss_step=0.797, val_loss=0.840, val_mean_auc=0.694, val_mean_ap=0.377, val_accuracy=0.645, val_f1=0.467, train_loss_epoch=0.829]
Epoch 16:  98%|█████████▊| 118/120 [26:56<00:27,  0.07it/s, v_num=6, train_loss_step=0.797, val_loss=0.840, val_mean_auc=0.694, val_mean_ap=0.377, val_accuracy=0.645, val_f1=0.467, train_loss_epoch=0.829]
Epoch 16:  98%|█████████▊| 118/120 [26:56<00:27,  0.07it/s, v_num=6, train_loss_step=0.440, val_loss=0.840, val_mean_auc=0.694, val_mean_ap=0.377, val_accuracy=0.645, val_f1=0.467, train_loss_epoch=0.829]
Epoch 16:  99%|█████████▉| 119/120 [27:20<00:13,  0.07it/s, v_num=6, train_loss_step=0.440, val_loss=0.840, val_mean_auc=0.694, val_mean_ap=0.377, val_accuracy=0.645, val_f1=0.467, train_loss_epoch=0.829]
Epoch 16:  99%|█████████▉| 119/120 [27:21<00:13,  0.07it/s, v_num=6, train_loss_step=0.717, val_loss=0.840, val_mean_auc=0.694, val_mean_ap=0.377, val_accuracy=0.645, val_f1=0.467, train_loss_epoch=0.829]
Epoch 16: 100%|██████████| 120/120 [27:21<00:00,  0.07it/s, v_num=6, train_loss_step=0.717, val_loss=0.840, val_mean_auc=0.694, val_mean_ap=0.377, val_accuracy=0.645, val_f1=0.467, train_loss_epoch=0.829]
Epoch 16: 100%|██████████| 120/120 [27:21<00:00,  0.07it/s, v_num=6, train_loss_step=0.744, val_loss=0.840, val_mean_auc=0.694, val_mean_ap=0.377, val_accuracy=0.645, val_f1=0.467, train_loss_epoch=0.829]

Validation: |          | 0/? [00:00<?, ?it/s][A

Validation: |          | 0/? [00:00<?, ?it/s][A

Validation DataLoader 0:   0%|          | 0/15 [00:00<?, ?it/s][A

Validation DataLoader 0:   7%|▋         | 1/15 [00:00<00:06,  2.03it/s][A

Validation DataLoader 0:  13%|█▎        | 2/15 [00:00<00:06,  2.07it/s][A

Validation DataLoader 0:  20%|██        | 3/15 [00:22<01:31,  0.13it/s][A

Validation DataLoader 0:  27%|██▋       | 4/15 [00:23<01:04,  0.17it/s][A

Validation DataLoader 0:  33%|███▎      | 5/15 [00:48<01:36,  0.10it/s][A

Validation DataLoader 0:  40%|████      | 6/15 [00:48<01:12,  0.12it/s][A

Validation DataLoader 0:  47%|████▋     | 7/15 [01:10<01:21,  0.10it/s][A

Validation DataLoader 0:  53%|█████▎    | 8/15 [01:11<01:02,  0.11it/s][A

Validation DataLoader 0:  60%|██████    | 9/15 [01:29<00:59,  0.10it/s][A

Validation DataLoader 0:  67%|██████▋   | 10/15 [01:30<00:45,  0.11it/s][A

Validation DataLoader 0:  73%|███████▎  | 11/15 [01:57<00:42,  0.09it/s][A

Validation DataLoader 0:  80%|████████  | 12/15 [01:57<00:29,  0.10it/s][A

Validation DataLoader 0:  87%|████████▋ | 13/15 [02:22<00:21,  0.09it/s][A

Validation DataLoader 0:  93%|█████████▎| 14/15 [02:22<00:10,  0.10it/s][A

Validation DataLoader 0: 100%|██████████| 15/15 [02:42<00:00,  0.09it/s][A

                                                                        [A
Epoch 16: 100%|██████████| 120/120 [30:32<00:00,  0.07it/s, v_num=6, train_loss_step=0.744, val_loss=0.840, val_mean_auc=0.694, val_mean_ap=0.379, val_accuracy=0.662, val_f1=0.469, train_loss_epoch=0.829]
Epoch 16: 100%|██████████| 120/120 [30:32<00:00,  0.07it/s, v_num=6, train_loss_step=0.744, val_loss=0.840, val_mean_auc=0.694, val_mean_ap=0.379, val_accuracy=0.662, val_f1=0.469, train_loss_epoch=0.800]
Epoch 16:   0%|          | 0/120 [00:00<?, ?it/s, v_num=6, train_loss_step=0.744, val_loss=0.840, val_mean_auc=0.694, val_mean_ap=0.379, val_accuracy=0.662, val_f1=0.469, train_loss_epoch=0.800]          
Epoch 17:   0%|          | 0/120 [00:00<?, ?it/s, v_num=6, train_loss_step=0.744, val_loss=0.840, val_mean_auc=0.694, val_mean_ap=0.379, val_accuracy=0.662, val_f1=0.469, train_loss_epoch=0.800]
Epoch 17:   1%|          | 1/120 [00:29<59:16,  0.03it/s, v_num=6, train_loss_step=0.744, val_loss=0.840, val_mean_auc=0.694, val_mean_ap=0.379, val_accuracy=0.662, val_f1=0.469, train_loss_epoch=0.800]
Epoch 17:   1%|          | 1/120 [00:30<1:00:09,  0.03it/s, v_num=6, train_loss_step=0.785, val_loss=0.840, val_mean_auc=0.694, val_mean_ap=0.379, val_accuracy=0.662, val_f1=0.469, train_loss_epoch=0.800]
Epoch 17:   2%|▏         | 2/120 [00:30<29:51,  0.07it/s, v_num=6, train_loss_step=0.785, val_loss=0.840, val_mean_auc=0.694, val_mean_ap=0.379, val_accuracy=0.662, val_f1=0.469, train_loss_epoch=0.800]  
Epoch 17:   2%|▏         | 2/120 [00:30<30:17,  0.06it/s, v_num=6, train_loss_step=0.770, val_loss=0.840, val_mean_auc=0.694, val_mean_ap=0.379, val_accuracy=0.662, val_f1=0.469, train_loss_epoch=0.800]
Epoch 17:   2%|▎         | 3/120 [00:53<34:40,  0.06it/s, v_num=6, train_loss_step=0.770, val_loss=0.840, val_mean_auc=0.694, val_mean_ap=0.379, val_accuracy=0.662, val_f1=0.469, train_loss_epoch=0.800]
Epoch 17:   2%|▎         | 3/120 [00:53<34:57,  0.06it/s, v_num=6, train_loss_step=1.180, val_loss=0.840, val_mean_auc=0.694, val_mean_ap=0.379, val_accuracy=0.662, val_f1=0.469, train_loss_epoch=0.800]
Epoch 17:   3%|▎         | 4/120 [00:53<26:00,  0.07it/s, v_num=6, train_loss_step=1.180, val_loss=0.840, val_mean_auc=0.694, val_mean_ap=0.379, val_accuracy=0.662, val_f1=0.469, train_loss_epoch=0.800]
Epoch 17:   3%|▎         | 4/120 [00:54<26:13,  0.07it/s, v_num=6, train_loss_step=0.669, val_loss=0.840, val_mean_auc=0.694, val_mean_ap=0.379, val_accuracy=0.662, val_f1=0.469, train_loss_epoch=0.800]
Epoch 17:   4%|▍         | 5/120 [01:18<29:56,  0.06it/s, v_num=6, train_loss_step=0.669, val_loss=0.840, val_mean_auc=0.694, val_mean_ap=0.379, val_accuracy=0.662, val_f1=0.469, train_loss_epoch=0.800]
Epoch 17:   4%|▍         | 5/120 [01:18<30:06,  0.06it/s, v_num=6, train_loss_step=0.867, val_loss=0.840, val_mean_auc=0.694, val_mean_ap=0.379, val_accuracy=0.662, val_f1=0.469, train_loss_epoch=0.800]
Epoch 17:   5%|▌         | 6/120 [01:18<24:53,  0.08it/s, v_num=6, train_loss_step=0.867, val_loss=0.840, val_mean_auc=0.694, val_mean_ap=0.379, val_accuracy=0.662, val_f1=0.469, train_loss_epoch=0.800]
Epoch 17:   5%|▌         | 6/120 [01:19<25:01,  0.08it/s, v_num=6, train_loss_step=0.764, val_loss=0.840, val_mean_auc=0.694, val_mean_ap=0.379, val_accuracy=0.662, val_f1=0.469, train_loss_epoch=0.800]
Epoch 17:   6%|▌         | 7/120 [01:45<28:25,  0.07it/s, v_num=6, train_loss_step=0.764, val_loss=0.840, val_mean_auc=0.694, val_mean_ap=0.379, val_accuracy=0.662, val_f1=0.469, train_loss_epoch=0.800]
Epoch 17:   6%|▌         | 7/120 [01:46<28:32,  0.07it/s, v_num=6, train_loss_step=0.704, val_loss=0.840, val_mean_auc=0.694, val_mean_ap=0.379, val_accuracy=0.662, val_f1=0.469, train_loss_epoch=0.800]
Epoch 17:   7%|▋         | 8/120 [01:46<24:45,  0.08it/s, v_num=6, train_loss_step=0.704, val_loss=0.840, val_mean_auc=0.694, val_mean_ap=0.379, val_accuracy=0.662, val_f1=0.469, train_loss_epoch=0.800]
Epoch 17:   7%|▋         | 8/120 [01:46<24:51,  0.08it/s, v_num=6, train_loss_step=0.909, val_loss=0.840, val_mean_auc=0.694, val_mean_ap=0.379, val_accuracy=0.662, val_f1=0.469, train_loss_epoch=0.800]
Epoch 17:   8%|▊         | 9/120 [02:12<27:08,  0.07it/s, v_num=6, train_loss_step=0.909, val_loss=0.840, val_mean_auc=0.694, val_mean_ap=0.379, val_accuracy=0.662, val_f1=0.469, train_loss_epoch=0.800]
Epoch 17:   8%|▊         | 9/120 [02:12<27:13,  0.07it/s, v_num=6, train_loss_step=0.569, val_loss=0.840, val_mean_auc=0.694, val_mean_ap=0.379, val_accuracy=0.662, val_f1=0.469, train_loss_epoch=0.800]
Epoch 17:   8%|▊         | 10/120 [02:12<24:17,  0.08it/s, v_num=6, train_loss_step=0.569, val_loss=0.840, val_mean_auc=0.694, val_mean_ap=0.379, val_accuracy=0.662, val_f1=0.469, train_loss_epoch=0.800]
Epoch 17:   8%|▊         | 10/120 [02:12<24:22,  0.08it/s, v_num=6, train_loss_step=0.588, val_loss=0.840, val_mean_auc=0.694, val_mean_ap=0.379, val_accuracy=0.662, val_f1=0.469, train_loss_epoch=0.800]
Epoch 17:   9%|▉         | 11/120 [02:36<25:52,  0.07it/s, v_num=6, train_loss_step=0.588, val_loss=0.840, val_mean_auc=0.694, val_mean_ap=0.379, val_accuracy=0.662, val_f1=0.469, train_loss_epoch=0.800]
Epoch 17:   9%|▉         | 11/120 [02:37<25:56,  0.07it/s, v_num=6, train_loss_step=1.090, val_loss=0.840, val_mean_auc=0.694, val_mean_ap=0.379, val_accuracy=0.662, val_f1=0.469, train_loss_epoch=0.800]
Epoch 17:  10%|█         | 12/120 [02:37<23:34,  0.08it/s, v_num=6, train_loss_step=1.090, val_loss=0.840, val_mean_auc=0.694, val_mean_ap=0.379, val_accuracy=0.662, val_f1=0.469, train_loss_epoch=0.800]
Epoch 17:  10%|█         | 12/120 [02:37<23:38,  0.08it/s, v_num=6, train_loss_step=1.210, val_loss=0.840, val_mean_auc=0.694, val_mean_ap=0.379, val_accuracy=0.662, val_f1=0.469, train_loss_epoch=0.800]
Epoch 17:  11%|█         | 13/120 [03:05<25:25,  0.07it/s, v_num=6, train_loss_step=1.210, val_loss=0.840, val_mean_auc=0.694, val_mean_ap=0.379, val_accuracy=0.662, val_f1=0.469, train_loss_epoch=0.800]
Epoch 17:  11%|█         | 13/120 [03:05<25:28,  0.07it/s, v_num=6, train_loss_step=0.836, val_loss=0.840, val_mean_auc=0.694, val_mean_ap=0.379, val_accuracy=0.662, val_f1=0.469, train_loss_epoch=0.800]
Epoch 17:  12%|█▏        | 14/120 [03:05<23:26,  0.08it/s, v_num=6, train_loss_step=0.836, val_loss=0.840, val_mean_auc=0.694, val_mean_ap=0.379, val_accuracy=0.662, val_f1=0.469, train_loss_epoch=0.800]
Epoch 17:  12%|█▏        | 14/120 [03:06<23:29,  0.08it/s, v_num=6, train_loss_step=0.823, val_loss=0.840, val_mean_auc=0.694, val_mean_ap=0.379, val_accuracy=0.662, val_f1=0.469, train_loss_epoch=0.800]
Epoch 17:  12%|█▎        | 15/120 [03:29<24:26,  0.07it/s, v_num=6, train_loss_step=0.823, val_loss=0.840, val_mean_auc=0.694, val_mean_ap=0.379, val_accuracy=0.662, val_f1=0.469, train_loss_epoch=0.800]
Epoch 17:  12%|█▎        | 15/120 [03:29<24:29,  0.07it/s, v_num=6, train_loss_step=1.120, val_loss=0.840, val_mean_auc=0.694, val_mean_ap=0.379, val_accuracy=0.662, val_f1=0.469, train_loss_epoch=0.800]
Epoch 17:  13%|█▎        | 16/120 [03:30<22:45,  0.08it/s, v_num=6, train_loss_step=1.120, val_loss=0.840, val_mean_auc=0.694, val_mean_ap=0.379, val_accuracy=0.662, val_f1=0.469, train_loss_epoch=0.800]
Epoch 17:  13%|█▎        | 16/120 [03:30<22:48,  0.08it/s, v_num=6, train_loss_step=0.569, val_loss=0.840, val_mean_auc=0.694, val_mean_ap=0.379, val_accuracy=0.662, val_f1=0.469, train_loss_epoch=0.800]
Epoch 17:  14%|█▍        | 17/120 [04:02<24:29,  0.07it/s, v_num=6, train_loss_step=0.569, val_loss=0.840, val_mean_auc=0.694, val_mean_ap=0.379, val_accuracy=0.662, val_f1=0.469, train_loss_epoch=0.800]
Epoch 17:  14%|█▍        | 17/120 [04:03<24:32,  0.07it/s, v_num=6, train_loss_step=0.965, val_loss=0.840, val_mean_auc=0.694, val_mean_ap=0.379, val_accuracy=0.662, val_f1=0.469, train_loss_epoch=0.800]
Epoch 17:  15%|█▌        | 18/120 [04:03<22:57,  0.07it/s, v_num=6, train_loss_step=0.965, val_loss=0.840, val_mean_auc=0.694, val_mean_ap=0.379, val_accuracy=0.662, val_f1=0.469, train_loss_epoch=0.800]
Epoch 17:  15%|█▌        | 18/120 [04:03<22:59,  0.07it/s, v_num=6, train_loss_step=0.867, val_loss=0.840, val_mean_auc=0.694, val_mean_ap=0.379, val_accuracy=0.662, val_f1=0.469, train_loss_epoch=0.800]
Epoch 17:  16%|█▌        | 19/120 [04:34<24:21,  0.07it/s, v_num=6, train_loss_step=0.867, val_loss=0.840, val_mean_auc=0.694, val_mean_ap=0.379, val_accuracy=0.662, val_f1=0.469, train_loss_epoch=0.800]
Epoch 17:  16%|█▌        | 19/120 [04:35<24:23,  0.07it/s, v_num=6, train_loss_step=1.210, val_loss=0.840, val_mean_auc=0.694, val_mean_ap=0.379, val_accuracy=0.662, val_f1=0.469, train_loss_epoch=0.800]
Epoch 17:  17%|█▋        | 20/120 [04:35<22:56,  0.07it/s, v_num=6, train_loss_step=1.210, val_loss=0.840, val_mean_auc=0.694, val_mean_ap=0.379, val_accuracy=0.662, val_f1=0.469, train_loss_epoch=0.800]
Epoch 17:  17%|█▋        | 20/120 [04:35<22:58,  0.07it/s, v_num=6, train_loss_step=0.450, val_loss=0.840, val_mean_auc=0.694, val_mean_ap=0.379, val_accuracy=0.662, val_f1=0.469, train_loss_epoch=0.800]
Epoch 17:  18%|█▊        | 21/120 [04:55<23:15,  0.07it/s, v_num=6, train_loss_step=0.450, val_loss=0.840, val_mean_auc=0.694, val_mean_ap=0.379, val_accuracy=0.662, val_f1=0.469, train_loss_epoch=0.800]
Epoch 17:  18%|█▊        | 21/120 [04:56<23:17,  0.07it/s, v_num=6, train_loss_step=0.620, val_loss=0.840, val_mean_auc=0.694, val_mean_ap=0.379, val_accuracy=0.662, val_f1=0.469, train_loss_epoch=0.800]
Epoch 17:  18%|█▊        | 22/120 [04:56<22:00,  0.07it/s, v_num=6, train_loss_step=0.620, val_loss=0.840, val_mean_auc=0.694, val_mean_ap=0.379, val_accuracy=0.662, val_f1=0.469, train_loss_epoch=0.800]
Epoch 17:  18%|█▊        | 22/120 [04:56<22:02,  0.07it/s, v_num=6, train_loss_step=0.984, val_loss=0.840, val_mean_auc=0.694, val_mean_ap=0.379, val_accuracy=0.662, val_f1=0.469, train_loss_epoch=0.800]
Epoch 17:  19%|█▉        | 23/120 [05:25<22:51,  0.07it/s, v_num=6, train_loss_step=0.984, val_loss=0.840, val_mean_auc=0.694, val_mean_ap=0.379, val_accuracy=0.662, val_f1=0.469, train_loss_epoch=0.800]
Epoch 17:  19%|█▉        | 23/120 [05:25<22:53,  0.07it/s, v_num=6, train_loss_step=0.832, val_loss=0.840, val_mean_auc=0.694, val_mean_ap=0.379, val_accuracy=0.662, val_f1=0.469, train_loss_epoch=0.800]
Epoch 17:  20%|██        | 24/120 [05:25<21:42,  0.07it/s, v_num=6, train_loss_step=0.832, val_loss=0.840, val_mean_auc=0.694, val_mean_ap=0.379, val_accuracy=0.662, val_f1=0.469, train_loss_epoch=0.800]
Epoch 17:  20%|██        | 24/120 [05:26<21:44,  0.07it/s, v_num=6, train_loss_step=0.616, val_loss=0.840, val_mean_auc=0.694, val_mean_ap=0.379, val_accuracy=0.662, val_f1=0.469, train_loss_epoch=0.800]
Epoch 17:  21%|██        | 25/120 [05:48<22:05,  0.07it/s, v_num=6, train_loss_step=0.616, val_loss=0.840, val_mean_auc=0.694, val_mean_ap=0.379, val_accuracy=0.662, val_f1=0.469, train_loss_epoch=0.800]
Epoch 17:  21%|██        | 25/120 [05:49<22:07,  0.07it/s, v_num=6, train_loss_step=0.956, val_loss=0.840, val_mean_auc=0.694, val_mean_ap=0.379, val_accuracy=0.662, val_f1=0.469, train_loss_epoch=0.800]
Epoch 17:  22%|██▏       | 26/120 [05:49<21:02,  0.07it/s, v_num=6, train_loss_step=0.956, val_loss=0.840, val_mean_auc=0.694, val_mean_ap=0.379, val_accuracy=0.662, val_f1=0.469, train_loss_epoch=0.800]
Epoch 17:  22%|██▏       | 26/120 [05:49<21:04,  0.07it/s, v_num=6, train_loss_step=0.728, val_loss=0.840, val_mean_auc=0.694, val_mean_ap=0.379, val_accuracy=0.662, val_f1=0.469, train_loss_epoch=0.800]
Epoch 17:  22%|██▎       | 27/120 [06:11<21:19,  0.07it/s, v_num=6, train_loss_step=0.728, val_loss=0.840, val_mean_auc=0.694, val_mean_ap=0.379, val_accuracy=0.662, val_f1=0.469, train_loss_epoch=0.800]
Epoch 17:  22%|██▎       | 27/120 [06:11<21:20,  0.07it/s, v_num=6, train_loss_step=0.616, val_loss=0.840, val_mean_auc=0.694, val_mean_ap=0.379, val_accuracy=0.662, val_f1=0.469, train_loss_epoch=0.800]
Epoch 17:  23%|██▎       | 28/120 [06:11<20:21,  0.08it/s, v_num=6, train_loss_step=0.616, val_loss=0.840, val_mean_auc=0.694, val_mean_ap=0.379, val_accuracy=0.662, val_f1=0.469, train_loss_epoch=0.800]
Epoch 17:  23%|██▎       | 28/120 [06:12<20:23,  0.08it/s, v_num=6, train_loss_step=0.924, val_loss=0.840, val_mean_auc=0.694, val_mean_ap=0.379, val_accuracy=0.662, val_f1=0.469, train_loss_epoch=0.800]
Epoch 17:  24%|██▍       | 29/120 [06:41<20:58,  0.07it/s, v_num=6, train_loss_step=0.924, val_loss=0.840, val_mean_auc=0.694, val_mean_ap=0.379, val_accuracy=0.662, val_f1=0.469, train_loss_epoch=0.800]
Epoch 17:  24%|██▍       | 29/120 [06:41<21:00,  0.07it/s, v_num=6, train_loss_step=0.966, val_loss=0.840, val_mean_auc=0.694, val_mean_ap=0.379, val_accuracy=0.662, val_f1=0.469, train_loss_epoch=0.800]
Epoch 17:  25%|██▌       | 30/120 [06:41<20:05,  0.07it/s, v_num=6, train_loss_step=0.966, val_loss=0.840, val_mean_auc=0.694, val_mean_ap=0.379, val_accuracy=0.662, val_f1=0.469, train_loss_epoch=0.800]
Epoch 17:  25%|██▌       | 30/120 [06:42<20:06,  0.07it/s, v_num=6, train_loss_step=0.765, val_loss=0.840, val_mean_auc=0.694, val_mean_ap=0.379, val_accuracy=0.662, val_f1=0.469, train_loss_epoch=0.800]
Epoch 17:  26%|██▌       | 31/120 [07:11<20:40,  0.07it/s, v_num=6, train_loss_step=0.765, val_loss=0.840, val_mean_auc=0.694, val_mean_ap=0.379, val_accuracy=0.662, val_f1=0.469, train_loss_epoch=0.800]
Epoch 17:  26%|██▌       | 31/120 [07:12<20:41,  0.07it/s, v_num=6, train_loss_step=0.474, val_loss=0.840, val_mean_auc=0.694, val_mean_ap=0.379, val_accuracy=0.662, val_f1=0.469, train_loss_epoch=0.800]
Epoch 17:  27%|██▋       | 32/120 [07:12<19:49,  0.07it/s, v_num=6, train_loss_step=0.474, val_loss=0.840, val_mean_auc=0.694, val_mean_ap=0.379, val_accuracy=0.662, val_f1=0.469, train_loss_epoch=0.800]
Epoch 17:  27%|██▋       | 32/120 [07:12<19:50,  0.07it/s, v_num=6, train_loss_step=0.477, val_loss=0.840, val_mean_auc=0.694, val_mean_ap=0.379, val_accuracy=0.662, val_f1=0.469, train_loss_epoch=0.800]
Epoch 17:  28%|██▊       | 33/120 [07:45<20:26,  0.07it/s, v_num=6, train_loss_step=0.477, val_loss=0.840, val_mean_auc=0.694, val_mean_ap=0.379, val_accuracy=0.662, val_f1=0.469, train_loss_epoch=0.800]
Epoch 17:  28%|██▊       | 33/120 [07:45<20:27,  0.07it/s, v_num=6, train_loss_step=0.588, val_loss=0.840, val_mean_auc=0.694, val_mean_ap=0.379, val_accuracy=0.662, val_f1=0.469, train_loss_epoch=0.800]
Epoch 17:  28%|██▊       | 34/120 [07:45<19:38,  0.07it/s, v_num=6, train_loss_step=0.588, val_loss=0.840, val_mean_auc=0.694, val_mean_ap=0.379, val_accuracy=0.662, val_f1=0.469, train_loss_epoch=0.800]
Epoch 17:  28%|██▊       | 34/120 [07:46<19:39,  0.07it/s, v_num=6, train_loss_step=0.591, val_loss=0.840, val_mean_auc=0.694, val_mean_ap=0.379, val_accuracy=0.662, val_f1=0.469, train_loss_epoch=0.800]
Epoch 17:  29%|██▉       | 35/120 [08:12<19:56,  0.07it/s, v_num=6, train_loss_step=0.591, val_loss=0.840, val_mean_auc=0.694, val_mean_ap=0.379, val_accuracy=0.662, val_f1=0.469, train_loss_epoch=0.800]
Epoch 17:  29%|██▉       | 35/120 [08:13<19:57,  0.07it/s, v_num=6, train_loss_step=0.828, val_loss=0.840, val_mean_auc=0.694, val_mean_ap=0.379, val_accuracy=0.662, val_f1=0.469, train_loss_epoch=0.800]
Epoch 17:  30%|███       | 36/120 [08:13<19:10,  0.07it/s, v_num=6, train_loss_step=0.828, val_loss=0.840, val_mean_auc=0.694, val_mean_ap=0.379, val_accuracy=0.662, val_f1=0.469, train_loss_epoch=0.800]
Epoch 17:  30%|███       | 36/120 [08:13<19:11,  0.07it/s, v_num=6, train_loss_step=0.573, val_loss=0.840, val_mean_auc=0.694, val_mean_ap=0.379, val_accuracy=0.662, val_f1=0.469, train_loss_epoch=0.800]
Epoch 17:  31%|███       | 37/120 [08:32<19:08,  0.07it/s, v_num=6, train_loss_step=0.573, val_loss=0.840, val_mean_auc=0.694, val_mean_ap=0.379, val_accuracy=0.662, val_f1=0.469, train_loss_epoch=0.800]
Epoch 17:  31%|███       | 37/120 [08:32<19:09,  0.07it/s, v_num=6, train_loss_step=0.694, val_loss=0.840, val_mean_auc=0.694, val_mean_ap=0.379, val_accuracy=0.662, val_f1=0.469, train_loss_epoch=0.800]
Epoch 17:  32%|███▏      | 38/120 [08:32<18:25,  0.07it/s, v_num=6, train_loss_step=0.694, val_loss=0.840, val_mean_auc=0.694, val_mean_ap=0.379, val_accuracy=0.662, val_f1=0.469, train_loss_epoch=0.800]
Epoch 17:  32%|███▏      | 38/120 [08:32<18:26,  0.07it/s, v_num=6, train_loss_step=0.950, val_loss=0.840, val_mean_auc=0.694, val_mean_ap=0.379, val_accuracy=0.662, val_f1=0.469, train_loss_epoch=0.800]
Epoch 17:  32%|███▎      | 39/120 [08:52<18:26,  0.07it/s, v_num=6, train_loss_step=0.950, val_loss=0.840, val_mean_auc=0.694, val_mean_ap=0.379, val_accuracy=0.662, val_f1=0.469, train_loss_epoch=0.800]
Epoch 17:  32%|███▎      | 39/120 [08:52<18:26,  0.07it/s, v_num=6, train_loss_step=0.792, val_loss=0.840, val_mean_auc=0.694, val_mean_ap=0.379, val_accuracy=0.662, val_f1=0.469, train_loss_epoch=0.800]
Epoch 17:  33%|███▎      | 40/120 [08:53<17:46,  0.08it/s, v_num=6, train_loss_step=0.792, val_loss=0.840, val_mean_auc=0.694, val_mean_ap=0.379, val_accuracy=0.662, val_f1=0.469, train_loss_epoch=0.800]
Epoch 17:  33%|███▎      | 40/120 [08:53<17:46,  0.07it/s, v_num=6, train_loss_step=0.947, val_loss=0.840, val_mean_auc=0.694, val_mean_ap=0.379, val_accuracy=0.662, val_f1=0.469, train_loss_epoch=0.800]
Epoch 17:  34%|███▍      | 41/120 [09:16<17:51,  0.07it/s, v_num=6, train_loss_step=0.947, val_loss=0.840, val_mean_auc=0.694, val_mean_ap=0.379, val_accuracy=0.662, val_f1=0.469, train_loss_epoch=0.800]
Epoch 17:  34%|███▍      | 41/120 [09:16<17:52,  0.07it/s, v_num=6, train_loss_step=0.512, val_loss=0.840, val_mean_auc=0.694, val_mean_ap=0.379, val_accuracy=0.662, val_f1=0.469, train_loss_epoch=0.800]
Epoch 17:  35%|███▌      | 42/120 [09:16<17:13,  0.08it/s, v_num=6, train_loss_step=0.512, val_loss=0.840, val_mean_auc=0.694, val_mean_ap=0.379, val_accuracy=0.662, val_f1=0.469, train_loss_epoch=0.800]
Epoch 17:  35%|███▌      | 42/120 [09:16<17:14,  0.08it/s, v_num=6, train_loss_step=1.060, val_loss=0.840, val_mean_auc=0.694, val_mean_ap=0.379, val_accuracy=0.662, val_f1=0.469, train_loss_epoch=0.800]
Epoch 17:  36%|███▌      | 43/120 [09:40<17:18,  0.07it/s, v_num=6, train_loss_step=1.060, val_loss=0.840, val_mean_auc=0.694, val_mean_ap=0.379, val_accuracy=0.662, val_f1=0.469, train_loss_epoch=0.800]
Epoch 17:  36%|███▌      | 43/120 [09:40<17:19,  0.07it/s, v_num=6, train_loss_step=0.629, val_loss=0.840, val_mean_auc=0.694, val_mean_ap=0.379, val_accuracy=0.662, val_f1=0.469, train_loss_epoch=0.800]
Epoch 17:  37%|███▋      | 44/120 [09:40<16:42,  0.08it/s, v_num=6, train_loss_step=0.629, val_loss=0.840, val_mean_auc=0.694, val_mean_ap=0.379, val_accuracy=0.662, val_f1=0.469, train_loss_epoch=0.800]
Epoch 17:  37%|███▋      | 44/120 [09:40<16:43,  0.08it/s, v_num=6, train_loss_step=0.691, val_loss=0.840, val_mean_auc=0.694, val_mean_ap=0.379, val_accuracy=0.662, val_f1=0.469, train_loss_epoch=0.800]
Epoch 17:  38%|███▊      | 45/120 [10:09<16:55,  0.07it/s, v_num=6, train_loss_step=0.691, val_loss=0.840, val_mean_auc=0.694, val_mean_ap=0.379, val_accuracy=0.662, val_f1=0.469, train_loss_epoch=0.800]
Epoch 17:  38%|███▊      | 45/120 [10:09<16:56,  0.07it/s, v_num=6, train_loss_step=0.851, val_loss=0.840, val_mean_auc=0.694, val_mean_ap=0.379, val_accuracy=0.662, val_f1=0.469, train_loss_epoch=0.800]
Epoch 17:  38%|███▊      | 46/120 [10:09<16:20,  0.08it/s, v_num=6, train_loss_step=0.851, val_loss=0.840, val_mean_auc=0.694, val_mean_ap=0.379, val_accuracy=0.662, val_f1=0.469, train_loss_epoch=0.800]
Epoch 17:  38%|███▊      | 46/120 [10:10<16:21,  0.08it/s, v_num=6, train_loss_step=0.985, val_loss=0.840, val_mean_auc=0.694, val_mean_ap=0.379, val_accuracy=0.662, val_f1=0.469, train_loss_epoch=0.800]
Epoch 17:  39%|███▉      | 47/120 [10:32<16:22,  0.07it/s, v_num=6, train_loss_step=0.985, val_loss=0.840, val_mean_auc=0.694, val_mean_ap=0.379, val_accuracy=0.662, val_f1=0.469, train_loss_epoch=0.800]
Epoch 17:  39%|███▉      | 47/120 [10:33<16:23,  0.07it/s, v_num=6, train_loss_step=0.524, val_loss=0.840, val_mean_auc=0.694, val_mean_ap=0.379, val_accuracy=0.662, val_f1=0.469, train_loss_epoch=0.800]
Epoch 17:  40%|████      | 48/120 [10:33<15:49,  0.08it/s, v_num=6, train_loss_step=0.524, val_loss=0.840, val_mean_auc=0.694, val_mean_ap=0.379, val_accuracy=0.662, val_f1=0.469, train_loss_epoch=0.800]
Epoch 17:  40%|████      | 48/120 [10:33<15:50,  0.08it/s, v_num=6, train_loss_step=1.040, val_loss=0.840, val_mean_auc=0.694, val_mean_ap=0.379, val_accuracy=0.662, val_f1=0.469, train_loss_epoch=0.800]
Epoch 17:  41%|████      | 49/120 [10:58<15:54,  0.07it/s, v_num=6, train_loss_step=1.040, val_loss=0.840, val_mean_auc=0.694, val_mean_ap=0.379, val_accuracy=0.662, val_f1=0.469, train_loss_epoch=0.800]
Epoch 17:  41%|████      | 49/120 [10:59<15:55,  0.07it/s, v_num=6, train_loss_step=0.700, val_loss=0.840, val_mean_auc=0.694, val_mean_ap=0.379, val_accuracy=0.662, val_f1=0.469, train_loss_epoch=0.800]
Epoch 17:  42%|████▏     | 50/120 [10:59<15:23,  0.08it/s, v_num=6, train_loss_step=0.700, val_loss=0.840, val_mean_auc=0.694, val_mean_ap=0.379, val_accuracy=0.662, val_f1=0.469, train_loss_epoch=0.800]
Epoch 17:  42%|████▏     | 50/120 [10:59<15:23,  0.08it/s, v_num=6, train_loss_step=0.649, val_loss=0.840, val_mean_auc=0.694, val_mean_ap=0.379, val_accuracy=0.662, val_f1=0.469, train_loss_epoch=0.800]
Epoch 17:  42%|████▎     | 51/120 [11:27<15:29,  0.07it/s, v_num=6, train_loss_step=0.649, val_loss=0.840, val_mean_auc=0.694, val_mean_ap=0.379, val_accuracy=0.662, val_f1=0.469, train_loss_epoch=0.800]
Epoch 17:  42%|████▎     | 51/120 [11:27<15:30,  0.07it/s, v_num=6, train_loss_step=0.813, val_loss=0.840, val_mean_auc=0.694, val_mean_ap=0.379, val_accuracy=0.662, val_f1=0.469, train_loss_epoch=0.800]
Epoch 17:  43%|████▎     | 52/120 [11:27<14:59,  0.08it/s, v_num=6, train_loss_step=0.813, val_loss=0.840, val_mean_auc=0.694, val_mean_ap=0.379, val_accuracy=0.662, val_f1=0.469, train_loss_epoch=0.800]
Epoch 17:  43%|████▎     | 52/120 [11:28<14:59,  0.08it/s, v_num=6, train_loss_step=1.110, val_loss=0.840, val_mean_auc=0.694, val_mean_ap=0.379, val_accuracy=0.662, val_f1=0.469, train_loss_epoch=0.800]
Epoch 17:  44%|████▍     | 53/120 [12:01<15:12,  0.07it/s, v_num=6, train_loss_step=1.110, val_loss=0.840, val_mean_auc=0.694, val_mean_ap=0.379, val_accuracy=0.662, val_f1=0.469, train_loss_epoch=0.800]
Epoch 17:  44%|████▍     | 53/120 [12:02<15:13,  0.07it/s, v_num=6, train_loss_step=0.965, val_loss=0.840, val_mean_auc=0.694, val_mean_ap=0.379, val_accuracy=0.662, val_f1=0.469, train_loss_epoch=0.800]
Epoch 17:  45%|████▌     | 54/120 [12:02<14:42,  0.07it/s, v_num=6, train_loss_step=0.965, val_loss=0.840, val_mean_auc=0.694, val_mean_ap=0.379, val_accuracy=0.662, val_f1=0.469, train_loss_epoch=0.800]
Epoch 17:  45%|████▌     | 54/120 [12:02<14:43,  0.07it/s, v_num=6, train_loss_step=0.913, val_loss=0.840, val_mean_auc=0.694, val_mean_ap=0.379, val_accuracy=0.662, val_f1=0.469, train_loss_epoch=0.800]
Epoch 17:  46%|████▌     | 55/120 [12:29<14:46,  0.07it/s, v_num=6, train_loss_step=0.913, val_loss=0.840, val_mean_auc=0.694, val_mean_ap=0.379, val_accuracy=0.662, val_f1=0.469, train_loss_epoch=0.800]
Epoch 17:  46%|████▌     | 55/120 [12:30<14:46,  0.07it/s, v_num=6, train_loss_step=0.898, val_loss=0.840, val_mean_auc=0.694, val_mean_ap=0.379, val_accuracy=0.662, val_f1=0.469, train_loss_epoch=0.800]
Epoch 17:  47%|████▋     | 56/120 [12:30<14:17,  0.07it/s, v_num=6, train_loss_step=0.898, val_loss=0.840, val_mean_auc=0.694, val_mean_ap=0.379, val_accuracy=0.662, val_f1=0.469, train_loss_epoch=0.800]
Epoch 17:  47%|████▋     | 56/120 [12:30<14:17,  0.07it/s, v_num=6, train_loss_step=0.652, val_loss=0.840, val_mean_auc=0.694, val_mean_ap=0.379, val_accuracy=0.662, val_f1=0.469, train_loss_epoch=0.800]
Epoch 17:  48%|████▊     | 57/120 [13:01<14:23,  0.07it/s, v_num=6, train_loss_step=0.652, val_loss=0.840, val_mean_auc=0.694, val_mean_ap=0.379, val_accuracy=0.662, val_f1=0.469, train_loss_epoch=0.800]
Epoch 17:  48%|████▊     | 57/120 [13:01<14:24,  0.07it/s, v_num=6, train_loss_step=0.661, val_loss=0.840, val_mean_auc=0.694, val_mean_ap=0.379, val_accuracy=0.662, val_f1=0.469, train_loss_epoch=0.800]
Epoch 17:  48%|████▊     | 58/120 [13:02<13:55,  0.07it/s, v_num=6, train_loss_step=0.661, val_loss=0.840, val_mean_auc=0.694, val_mean_ap=0.379, val_accuracy=0.662, val_f1=0.469, train_loss_epoch=0.800]
Epoch 17:  48%|████▊     | 58/120 [13:02<13:56,  0.07it/s, v_num=6, train_loss_step=1.010, val_loss=0.840, val_mean_auc=0.694, val_mean_ap=0.379, val_accuracy=0.662, val_f1=0.469, train_loss_epoch=0.800]
Epoch 17:  49%|████▉     | 59/120 [13:26<13:53,  0.07it/s, v_num=6, train_loss_step=1.010, val_loss=0.840, val_mean_auc=0.694, val_mean_ap=0.379, val_accuracy=0.662, val_f1=0.469, train_loss_epoch=0.800]
Epoch 17:  49%|████▉     | 59/120 [13:26<13:54,  0.07it/s, v_num=6, train_loss_step=0.729, val_loss=0.840, val_mean_auc=0.694, val_mean_ap=0.379, val_accuracy=0.662, val_f1=0.469, train_loss_epoch=0.800]
Epoch 17:  50%|█████     | 60/120 [13:26<13:26,  0.07it/s, v_num=6, train_loss_step=0.729, val_loss=0.840, val_mean_auc=0.694, val_mean_ap=0.379, val_accuracy=0.662, val_f1=0.469, train_loss_epoch=0.800]
Epoch 17:  50%|█████     | 60/120 [13:27<13:27,  0.07it/s, v_num=6, train_loss_step=0.754, val_loss=0.840, val_mean_auc=0.694, val_mean_ap=0.379, val_accuracy=0.662, val_f1=0.469, train_loss_epoch=0.800]
Epoch 17:  51%|█████     | 61/120 [13:52<13:25,  0.07it/s, v_num=6, train_loss_step=0.754, val_loss=0.840, val_mean_auc=0.694, val_mean_ap=0.379, val_accuracy=0.662, val_f1=0.469, train_loss_epoch=0.800]
Epoch 17:  51%|█████     | 61/120 [13:53<13:25,  0.07it/s, v_num=6, train_loss_step=0.910, val_loss=0.840, val_mean_auc=0.694, val_mean_ap=0.379, val_accuracy=0.662, val_f1=0.469, train_loss_epoch=0.800]
Epoch 17:  52%|█████▏    | 62/120 [13:53<12:59,  0.07it/s, v_num=6, train_loss_step=0.910, val_loss=0.840, val_mean_auc=0.694, val_mean_ap=0.379, val_accuracy=0.662, val_f1=0.469, train_loss_epoch=0.800]
Epoch 17:  52%|█████▏    | 62/120 [13:53<12:59,  0.07it/s, v_num=6, train_loss_step=0.615, val_loss=0.840, val_mean_auc=0.694, val_mean_ap=0.379, val_accuracy=0.662, val_f1=0.469, train_loss_epoch=0.800]
Epoch 17:  52%|█████▎    | 63/120 [14:19<12:57,  0.07it/s, v_num=6, train_loss_step=0.615, val_loss=0.840, val_mean_auc=0.694, val_mean_ap=0.379, val_accuracy=0.662, val_f1=0.469, train_loss_epoch=0.800]
Epoch 17:  52%|█████▎    | 63/120 [14:20<12:58,  0.07it/s, v_num=6, train_loss_step=1.030, val_loss=0.840, val_mean_auc=0.694, val_mean_ap=0.379, val_accuracy=0.662, val_f1=0.469, train_loss_epoch=0.800]
Epoch 17:  53%|█████▎    | 64/120 [14:20<12:32,  0.07it/s, v_num=6, train_loss_step=1.030, val_loss=0.840, val_mean_auc=0.694, val_mean_ap=0.379, val_accuracy=0.662, val_f1=0.469, train_loss_epoch=0.800]
Epoch 17:  53%|█████▎    | 64/120 [14:20<12:33,  0.07it/s, v_num=6, train_loss_step=1.010, val_loss=0.840, val_mean_auc=0.694, val_mean_ap=0.379, val_accuracy=0.662, val_f1=0.469, train_loss_epoch=0.800]
Epoch 17:  54%|█████▍    | 65/120 [14:55<12:37,  0.07it/s, v_num=6, train_loss_step=1.010, val_loss=0.840, val_mean_auc=0.694, val_mean_ap=0.379, val_accuracy=0.662, val_f1=0.469, train_loss_epoch=0.800]
Epoch 17:  54%|█████▍    | 65/120 [14:56<12:38,  0.07it/s, v_num=6, train_loss_step=0.695, val_loss=0.840, val_mean_auc=0.694, val_mean_ap=0.379, val_accuracy=0.662, val_f1=0.469, train_loss_epoch=0.800]
Epoch 17:  55%|█████▌    | 66/120 [14:56<12:13,  0.07it/s, v_num=6, train_loss_step=0.695, val_loss=0.840, val_mean_auc=0.694, val_mean_ap=0.379, val_accuracy=0.662, val_f1=0.469, train_loss_epoch=0.800]
Epoch 17:  55%|█████▌    | 66/120 [14:56<12:13,  0.07it/s, v_num=6, train_loss_step=0.682, val_loss=0.840, val_mean_auc=0.694, val_mean_ap=0.379, val_accuracy=0.662, val_f1=0.469, train_loss_epoch=0.800]
Epoch 17:  56%|█████▌    | 67/120 [15:29<12:15,  0.07it/s, v_num=6, train_loss_step=0.682, val_loss=0.840, val_mean_auc=0.694, val_mean_ap=0.379, val_accuracy=0.662, val_f1=0.469, train_loss_epoch=0.800]
Epoch 17:  56%|█████▌    | 67/120 [15:30<12:15,  0.07it/s, v_num=6, train_loss_step=0.885, val_loss=0.840, val_mean_auc=0.694, val_mean_ap=0.379, val_accuracy=0.662, val_f1=0.469, train_loss_epoch=0.800]
Epoch 17:  57%|█████▋    | 68/120 [15:30<11:51,  0.07it/s, v_num=6, train_loss_step=0.885, val_loss=0.840, val_mean_auc=0.694, val_mean_ap=0.379, val_accuracy=0.662, val_f1=0.469, train_loss_epoch=0.800]
Epoch 17:  57%|█████▋    | 68/120 [15:30<11:51,  0.07it/s, v_num=6, train_loss_step=1.150, val_loss=0.840, val_mean_auc=0.694, val_mean_ap=0.379, val_accuracy=0.662, val_f1=0.469, train_loss_epoch=0.800]
Epoch 17:  57%|█████▊    | 69/120 [15:58<11:48,  0.07it/s, v_num=6, train_loss_step=1.150, val_loss=0.840, val_mean_auc=0.694, val_mean_ap=0.379, val_accuracy=0.662, val_f1=0.469, train_loss_epoch=0.800]
Epoch 17:  57%|█████▊    | 69/120 [15:59<11:48,  0.07it/s, v_num=6, train_loss_step=1.450, val_loss=0.840, val_mean_auc=0.694, val_mean_ap=0.379, val_accuracy=0.662, val_f1=0.469, train_loss_epoch=0.800]
Epoch 17:  58%|█████▊    | 70/120 [15:59<11:25,  0.07it/s, v_num=6, train_loss_step=1.450, val_loss=0.840, val_mean_auc=0.694, val_mean_ap=0.379, val_accuracy=0.662, val_f1=0.469, train_loss_epoch=0.800]
Epoch 17:  58%|█████▊    | 70/120 [15:59<11:25,  0.07it/s, v_num=6, train_loss_step=0.557, val_loss=0.840, val_mean_auc=0.694, val_mean_ap=0.379, val_accuracy=0.662, val_f1=0.469, train_loss_epoch=0.800]
Epoch 17:  59%|█████▉    | 71/120 [16:29<11:23,  0.07it/s, v_num=6, train_loss_step=0.557, val_loss=0.840, val_mean_auc=0.694, val_mean_ap=0.379, val_accuracy=0.662, val_f1=0.469, train_loss_epoch=0.800]
Epoch 17:  59%|█████▉    | 71/120 [16:30<11:23,  0.07it/s, v_num=6, train_loss_step=0.664, val_loss=0.840, val_mean_auc=0.694, val_mean_ap=0.379, val_accuracy=0.662, val_f1=0.469, train_loss_epoch=0.800]
Epoch 17:  60%|██████    | 72/120 [16:30<11:00,  0.07it/s, v_num=6, train_loss_step=0.664, val_loss=0.840, val_mean_auc=0.694, val_mean_ap=0.379, val_accuracy=0.662, val_f1=0.469, train_loss_epoch=0.800]
Epoch 17:  60%|██████    | 72/120 [16:30<11:00,  0.07it/s, v_num=6, train_loss_step=0.724, val_loss=0.840, val_mean_auc=0.694, val_mean_ap=0.379, val_accuracy=0.662, val_f1=0.469, train_loss_epoch=0.800]
Epoch 17:  61%|██████    | 73/120 [16:53<10:52,  0.07it/s, v_num=6, train_loss_step=0.724, val_loss=0.840, val_mean_auc=0.694, val_mean_ap=0.379, val_accuracy=0.662, val_f1=0.469, train_loss_epoch=0.800]
Epoch 17:  61%|██████    | 73/120 [16:54<10:52,  0.07it/s, v_num=6, train_loss_step=0.958, val_loss=0.840, val_mean_auc=0.694, val_mean_ap=0.379, val_accuracy=0.662, val_f1=0.469, train_loss_epoch=0.800]
Epoch 17:  62%|██████▏   | 74/120 [16:54<10:30,  0.07it/s, v_num=6, train_loss_step=0.958, val_loss=0.840, val_mean_auc=0.694, val_mean_ap=0.379, val_accuracy=0.662, val_f1=0.469, train_loss_epoch=0.800]
Epoch 17:  62%|██████▏   | 74/120 [16:54<10:30,  0.07it/s, v_num=6, train_loss_step=0.680, val_loss=0.840, val_mean_auc=0.694, val_mean_ap=0.379, val_accuracy=0.662, val_f1=0.469, train_loss_epoch=0.800]
Epoch 17:  62%|██████▎   | 75/120 [17:23<10:25,  0.07it/s, v_num=6, train_loss_step=0.680, val_loss=0.840, val_mean_auc=0.694, val_mean_ap=0.379, val_accuracy=0.662, val_f1=0.469, train_loss_epoch=0.800]
Epoch 17:  62%|██████▎   | 75/120 [17:23<10:26,  0.07it/s, v_num=6, train_loss_step=0.860, val_loss=0.840, val_mean_auc=0.694, val_mean_ap=0.379, val_accuracy=0.662, val_f1=0.469, train_loss_epoch=0.800]
Epoch 17:  63%|██████▎   | 76/120 [17:23<10:04,  0.07it/s, v_num=6, train_loss_step=0.860, val_loss=0.840, val_mean_auc=0.694, val_mean_ap=0.379, val_accuracy=0.662, val_f1=0.469, train_loss_epoch=0.800]
Epoch 17:  63%|██████▎   | 76/120 [17:24<10:04,  0.07it/s, v_num=6, train_loss_step=0.640, val_loss=0.840, val_mean_auc=0.694, val_mean_ap=0.379, val_accuracy=0.662, val_f1=0.469, train_loss_epoch=0.800]
Epoch 17:  64%|██████▍   | 77/120 [17:49<09:57,  0.07it/s, v_num=6, train_loss_step=0.640, val_loss=0.840, val_mean_auc=0.694, val_mean_ap=0.379, val_accuracy=0.662, val_f1=0.469, train_loss_epoch=0.800]
Epoch 17:  64%|██████▍   | 77/120 [17:50<09:57,  0.07it/s, v_num=6, train_loss_step=1.010, val_loss=0.840, val_mean_auc=0.694, val_mean_ap=0.379, val_accuracy=0.662, val_f1=0.469, train_loss_epoch=0.800]
Epoch 17:  65%|██████▌   | 78/120 [17:50<09:36,  0.07it/s, v_num=6, train_loss_step=1.010, val_loss=0.840, val_mean_auc=0.694, val_mean_ap=0.379, val_accuracy=0.662, val_f1=0.469, train_loss_epoch=0.800]
Epoch 17:  65%|██████▌   | 78/120 [17:50<09:36,  0.07it/s, v_num=6, train_loss_step=0.992, val_loss=0.840, val_mean_auc=0.694, val_mean_ap=0.379, val_accuracy=0.662, val_f1=0.469, train_loss_epoch=0.800]
Epoch 17:  66%|██████▌   | 79/120 [18:21<09:31,  0.07it/s, v_num=6, train_loss_step=0.992, val_loss=0.840, val_mean_auc=0.694, val_mean_ap=0.379, val_accuracy=0.662, val_f1=0.469, train_loss_epoch=0.800]
Epoch 17:  66%|██████▌   | 79/120 [18:21<09:31,  0.07it/s, v_num=6, train_loss_step=1.370, val_loss=0.840, val_mean_auc=0.694, val_mean_ap=0.379, val_accuracy=0.662, val_f1=0.469, train_loss_epoch=0.800]
Epoch 17:  67%|██████▋   | 80/120 [18:21<09:10,  0.07it/s, v_num=6, train_loss_step=1.370, val_loss=0.840, val_mean_auc=0.694, val_mean_ap=0.379, val_accuracy=0.662, val_f1=0.469, train_loss_epoch=0.800]
Epoch 17:  67%|██████▋   | 80/120 [18:22<09:11,  0.07it/s, v_num=6, train_loss_step=0.812, val_loss=0.840, val_mean_auc=0.694, val_mean_ap=0.379, val_accuracy=0.662, val_f1=0.469, train_loss_epoch=0.800]
Epoch 17:  68%|██████▊   | 81/120 [18:53<09:05,  0.07it/s, v_num=6, train_loss_step=0.812, val_loss=0.840, val_mean_auc=0.694, val_mean_ap=0.379, val_accuracy=0.662, val_f1=0.469, train_loss_epoch=0.800]
Epoch 17:  68%|██████▊   | 81/120 [18:53<09:05,  0.07it/s, v_num=6, train_loss_step=0.719, val_loss=0.840, val_mean_auc=0.694, val_mean_ap=0.379, val_accuracy=0.662, val_f1=0.469, train_loss_epoch=0.800]
Epoch 17:  68%|██████▊   | 82/120 [18:53<08:45,  0.07it/s, v_num=6, train_loss_step=0.719, val_loss=0.840, val_mean_auc=0.694, val_mean_ap=0.379, val_accuracy=0.662, val_f1=0.469, train_loss_epoch=0.800]
Epoch 17:  68%|██████▊   | 82/120 [18:54<08:45,  0.07it/s, v_num=6, train_loss_step=0.900, val_loss=0.840, val_mean_auc=0.694, val_mean_ap=0.379, val_accuracy=0.662, val_f1=0.469, train_loss_epoch=0.800]
Epoch 17:  69%|██████▉   | 83/120 [19:14<08:34,  0.07it/s, v_num=6, train_loss_step=0.900, val_loss=0.840, val_mean_auc=0.694, val_mean_ap=0.379, val_accuracy=0.662, val_f1=0.469, train_loss_epoch=0.800]
Epoch 17:  69%|██████▉   | 83/120 [19:15<08:35,  0.07it/s, v_num=6, train_loss_step=0.701, val_loss=0.840, val_mean_auc=0.694, val_mean_ap=0.379, val_accuracy=0.662, val_f1=0.469, train_loss_epoch=0.800]
Epoch 17:  70%|███████   | 84/120 [19:15<08:15,  0.07it/s, v_num=6, train_loss_step=0.701, val_loss=0.840, val_mean_auc=0.694, val_mean_ap=0.379, val_accuracy=0.662, val_f1=0.469, train_loss_epoch=0.800]
Epoch 17:  70%|███████   | 84/120 [19:15<08:15,  0.07it/s, v_num=6, train_loss_step=1.020, val_loss=0.840, val_mean_auc=0.694, val_mean_ap=0.379, val_accuracy=0.662, val_f1=0.469, train_loss_epoch=0.800]
Epoch 17:  71%|███████   | 85/120 [19:38<08:05,  0.07it/s, v_num=6, train_loss_step=1.020, val_loss=0.840, val_mean_auc=0.694, val_mean_ap=0.379, val_accuracy=0.662, val_f1=0.469, train_loss_epoch=0.800]
Epoch 17:  71%|███████   | 85/120 [19:38<08:05,  0.07it/s, v_num=6, train_loss_step=0.802, val_loss=0.840, val_mean_auc=0.694, val_mean_ap=0.379, val_accuracy=0.662, val_f1=0.469, train_loss_epoch=0.800]
Epoch 17:  72%|███████▏  | 86/120 [19:38<07:46,  0.07it/s, v_num=6, train_loss_step=0.802, val_loss=0.840, val_mean_auc=0.694, val_mean_ap=0.379, val_accuracy=0.662, val_f1=0.469, train_loss_epoch=0.800]
Epoch 17:  72%|███████▏  | 86/120 [19:39<07:46,  0.07it/s, v_num=6, train_loss_step=0.781, val_loss=0.840, val_mean_auc=0.694, val_mean_ap=0.379, val_accuracy=0.662, val_f1=0.469, train_loss_epoch=0.800]
Epoch 17:  72%|███████▎  | 87/120 [20:14<07:40,  0.07it/s, v_num=6, train_loss_step=0.781, val_loss=0.840, val_mean_auc=0.694, val_mean_ap=0.379, val_accuracy=0.662, val_f1=0.469, train_loss_epoch=0.800]
Epoch 17:  72%|███████▎  | 87/120 [20:15<07:40,  0.07it/s, v_num=6, train_loss_step=0.672, val_loss=0.840, val_mean_auc=0.694, val_mean_ap=0.379, val_accuracy=0.662, val_f1=0.469, train_loss_epoch=0.800]
Epoch 17:  73%|███████▎  | 88/120 [20:15<07:21,  0.07it/s, v_num=6, train_loss_step=0.672, val_loss=0.840, val_mean_auc=0.694, val_mean_ap=0.379, val_accuracy=0.662, val_f1=0.469, train_loss_epoch=0.800]
Epoch 17:  73%|███████▎  | 88/120 [20:15<07:22,  0.07it/s, v_num=6, train_loss_step=0.827, val_loss=0.840, val_mean_auc=0.694, val_mean_ap=0.379, val_accuracy=0.662, val_f1=0.469, train_loss_epoch=0.800]
Epoch 17:  74%|███████▍  | 89/120 [20:40<07:12,  0.07it/s, v_num=6, train_loss_step=0.827, val_loss=0.840, val_mean_auc=0.694, val_mean_ap=0.379, val_accuracy=0.662, val_f1=0.469, train_loss_epoch=0.800]
Epoch 17:  74%|███████▍  | 89/120 [20:40<07:12,  0.07it/s, v_num=6, train_loss_step=0.648, val_loss=0.840, val_mean_auc=0.694, val_mean_ap=0.379, val_accuracy=0.662, val_f1=0.469, train_loss_epoch=0.800]
Epoch 17:  75%|███████▌  | 90/120 [20:40<06:53,  0.07it/s, v_num=6, train_loss_step=0.648, val_loss=0.840, val_mean_auc=0.694, val_mean_ap=0.379, val_accuracy=0.662, val_f1=0.469, train_loss_epoch=0.800]
Epoch 17:  75%|███████▌  | 90/120 [20:41<06:53,  0.07it/s, v_num=6, train_loss_step=1.010, val_loss=0.840, val_mean_auc=0.694, val_mean_ap=0.379, val_accuracy=0.662, val_f1=0.469, train_loss_epoch=0.800]
Epoch 17:  76%|███████▌  | 91/120 [21:16<06:46,  0.07it/s, v_num=6, train_loss_step=1.010, val_loss=0.840, val_mean_auc=0.694, val_mean_ap=0.379, val_accuracy=0.662, val_f1=0.469, train_loss_epoch=0.800]
Epoch 17:  76%|███████▌  | 91/120 [21:17<06:46,  0.07it/s, v_num=6, train_loss_step=0.599, val_loss=0.840, val_mean_auc=0.694, val_mean_ap=0.379, val_accuracy=0.662, val_f1=0.469, train_loss_epoch=0.800]
Epoch 17:  77%|███████▋  | 92/120 [21:17<06:28,  0.07it/s, v_num=6, train_loss_step=0.599, val_loss=0.840, val_mean_auc=0.694, val_mean_ap=0.379, val_accuracy=0.662, val_f1=0.469, train_loss_epoch=0.800]
Epoch 17:  77%|███████▋  | 92/120 [21:17<06:28,  0.07it/s, v_num=6, train_loss_step=0.422, val_loss=0.840, val_mean_auc=0.694, val_mean_ap=0.379, val_accuracy=0.662, val_f1=0.469, train_loss_epoch=0.800]
Epoch 17:  78%|███████▊  | 93/120 [21:41<06:17,  0.07it/s, v_num=6, train_loss_step=0.422, val_loss=0.840, val_mean_auc=0.694, val_mean_ap=0.379, val_accuracy=0.662, val_f1=0.469, train_loss_epoch=0.800]
Epoch 17:  78%|███████▊  | 93/120 [21:41<06:17,  0.07it/s, v_num=6, train_loss_step=0.558, val_loss=0.840, val_mean_auc=0.694, val_mean_ap=0.379, val_accuracy=0.662, val_f1=0.469, train_loss_epoch=0.800]
Epoch 17:  78%|███████▊  | 94/120 [21:42<06:00,  0.07it/s, v_num=6, train_loss_step=0.558, val_loss=0.840, val_mean_auc=0.694, val_mean_ap=0.379, val_accuracy=0.662, val_f1=0.469, train_loss_epoch=0.800]
Epoch 17:  78%|███████▊  | 94/120 [21:42<06:00,  0.07it/s, v_num=6, train_loss_step=0.660, val_loss=0.840, val_mean_auc=0.694, val_mean_ap=0.379, val_accuracy=0.662, val_f1=0.469, train_loss_epoch=0.800]
Epoch 17:  79%|███████▉  | 95/120 [22:10<05:50,  0.07it/s, v_num=6, train_loss_step=0.660, val_loss=0.840, val_mean_auc=0.694, val_mean_ap=0.379, val_accuracy=0.662, val_f1=0.469, train_loss_epoch=0.800]
Epoch 17:  79%|███████▉  | 95/120 [22:10<05:50,  0.07it/s, v_num=6, train_loss_step=1.060, val_loss=0.840, val_mean_auc=0.694, val_mean_ap=0.379, val_accuracy=0.662, val_f1=0.469, train_loss_epoch=0.800]
Epoch 17:  80%|████████  | 96/120 [22:10<05:32,  0.07it/s, v_num=6, train_loss_step=1.060, val_loss=0.840, val_mean_auc=0.694, val_mean_ap=0.379, val_accuracy=0.662, val_f1=0.469, train_loss_epoch=0.800]
Epoch 17:  80%|████████  | 96/120 [22:11<05:32,  0.07it/s, v_num=6, train_loss_step=0.650, val_loss=0.840, val_mean_auc=0.694, val_mean_ap=0.379, val_accuracy=0.662, val_f1=0.469, train_loss_epoch=0.800]
Epoch 17:  81%|████████  | 97/120 [22:33<05:20,  0.07it/s, v_num=6, train_loss_step=0.650, val_loss=0.840, val_mean_auc=0.694, val_mean_ap=0.379, val_accuracy=0.662, val_f1=0.469, train_loss_epoch=0.800]
Epoch 17:  81%|████████  | 97/120 [22:33<05:20,  0.07it/s, v_num=6, train_loss_step=0.881, val_loss=0.840, val_mean_auc=0.694, val_mean_ap=0.379, val_accuracy=0.662, val_f1=0.469, train_loss_epoch=0.800]
Epoch 17:  82%|████████▏ | 98/120 [22:33<05:03,  0.07it/s, v_num=6, train_loss_step=0.881, val_loss=0.840, val_mean_auc=0.694, val_mean_ap=0.379, val_accuracy=0.662, val_f1=0.469, train_loss_epoch=0.800]
Epoch 17:  82%|████████▏ | 98/120 [22:33<05:03,  0.07it/s, v_num=6, train_loss_step=0.751, val_loss=0.840, val_mean_auc=0.694, val_mean_ap=0.379, val_accuracy=0.662, val_f1=0.469, train_loss_epoch=0.800]
Epoch 17:  82%|████████▎ | 99/120 [22:58<04:52,  0.07it/s, v_num=6, train_loss_step=0.751, val_loss=0.840, val_mean_auc=0.694, val_mean_ap=0.379, val_accuracy=0.662, val_f1=0.469, train_loss_epoch=0.800]
Epoch 17:  82%|████████▎ | 99/120 [22:59<04:52,  0.07it/s, v_num=6, train_loss_step=0.942, val_loss=0.840, val_mean_auc=0.694, val_mean_ap=0.379, val_accuracy=0.662, val_f1=0.469, train_loss_epoch=0.800]
Epoch 17:  83%|████████▎ | 100/120 [22:59<04:35,  0.07it/s, v_num=6, train_loss_step=0.942, val_loss=0.840, val_mean_auc=0.694, val_mean_ap=0.379, val_accuracy=0.662, val_f1=0.469, train_loss_epoch=0.800]
Epoch 17:  83%|████████▎ | 100/120 [22:59<04:35,  0.07it/s, v_num=6, train_loss_step=1.070, val_loss=0.840, val_mean_auc=0.694, val_mean_ap=0.379, val_accuracy=0.662, val_f1=0.469, train_loss_epoch=0.800]
Epoch 17:  84%|████████▍ | 101/120 [23:30<04:25,  0.07it/s, v_num=6, train_loss_step=1.070, val_loss=0.840, val_mean_auc=0.694, val_mean_ap=0.379, val_accuracy=0.662, val_f1=0.469, train_loss_epoch=0.800]
Epoch 17:  84%|████████▍ | 101/120 [23:30<04:25,  0.07it/s, v_num=6, train_loss_step=0.664, val_loss=0.840, val_mean_auc=0.694, val_mean_ap=0.379, val_accuracy=0.662, val_f1=0.469, train_loss_epoch=0.800]
Epoch 17:  85%|████████▌ | 102/120 [23:30<04:08,  0.07it/s, v_num=6, train_loss_step=0.664, val_loss=0.840, val_mean_auc=0.694, val_mean_ap=0.379, val_accuracy=0.662, val_f1=0.469, train_loss_epoch=0.800]
Epoch 17:  85%|████████▌ | 102/120 [23:30<04:08,  0.07it/s, v_num=6, train_loss_step=0.718, val_loss=0.840, val_mean_auc=0.694, val_mean_ap=0.379, val_accuracy=0.662, val_f1=0.469, train_loss_epoch=0.800]
Epoch 17:  86%|████████▌ | 103/120 [23:54<03:56,  0.07it/s, v_num=6, train_loss_step=0.718, val_loss=0.840, val_mean_auc=0.694, val_mean_ap=0.379, val_accuracy=0.662, val_f1=0.469, train_loss_epoch=0.800]
Epoch 17:  86%|████████▌ | 103/120 [23:54<03:56,  0.07it/s, v_num=6, train_loss_step=0.920, val_loss=0.840, val_mean_auc=0.694, val_mean_ap=0.379, val_accuracy=0.662, val_f1=0.469, train_loss_epoch=0.800]
Epoch 17:  87%|████████▋ | 104/120 [23:54<03:40,  0.07it/s, v_num=6, train_loss_step=0.920, val_loss=0.840, val_mean_auc=0.694, val_mean_ap=0.379, val_accuracy=0.662, val_f1=0.469, train_loss_epoch=0.800]
Epoch 17:  87%|████████▋ | 104/120 [23:55<03:40,  0.07it/s, v_num=6, train_loss_step=1.220, val_loss=0.840, val_mean_auc=0.694, val_mean_ap=0.379, val_accuracy=0.662, val_f1=0.469, train_loss_epoch=0.800]
Epoch 17:  88%|████████▊ | 105/120 [24:23<03:29,  0.07it/s, v_num=6, train_loss_step=1.220, val_loss=0.840, val_mean_auc=0.694, val_mean_ap=0.379, val_accuracy=0.662, val_f1=0.469, train_loss_epoch=0.800]
Epoch 17:  88%|████████▊ | 105/120 [24:24<03:29,  0.07it/s, v_num=6, train_loss_step=0.664, val_loss=0.840, val_mean_auc=0.694, val_mean_ap=0.379, val_accuracy=0.662, val_f1=0.469, train_loss_epoch=0.800]
Epoch 17:  88%|████████▊ | 106/120 [24:24<03:13,  0.07it/s, v_num=6, train_loss_step=0.664, val_loss=0.840, val_mean_auc=0.694, val_mean_ap=0.379, val_accuracy=0.662, val_f1=0.469, train_loss_epoch=0.800]
Epoch 17:  88%|████████▊ | 106/120 [24:24<03:13,  0.07it/s, v_num=6, train_loss_step=0.744, val_loss=0.840, val_mean_auc=0.694, val_mean_ap=0.379, val_accuracy=0.662, val_f1=0.469, train_loss_epoch=0.800]
Epoch 17:  89%|████████▉ | 107/120 [24:45<03:00,  0.07it/s, v_num=6, train_loss_step=0.744, val_loss=0.840, val_mean_auc=0.694, val_mean_ap=0.379, val_accuracy=0.662, val_f1=0.469, train_loss_epoch=0.800]
Epoch 17:  89%|████████▉ | 107/120 [24:45<03:00,  0.07it/s, v_num=6, train_loss_step=0.684, val_loss=0.840, val_mean_auc=0.694, val_mean_ap=0.379, val_accuracy=0.662, val_f1=0.469, train_loss_epoch=0.800]
Epoch 17:  90%|█████████ | 108/120 [24:45<02:45,  0.07it/s, v_num=6, train_loss_step=0.684, val_loss=0.840, val_mean_auc=0.694, val_mean_ap=0.379, val_accuracy=0.662, val_f1=0.469, train_loss_epoch=0.800]
Epoch 17:  90%|█████████ | 108/120 [24:45<02:45,  0.07it/s, v_num=6, train_loss_step=0.501, val_loss=0.840, val_mean_auc=0.694, val_mean_ap=0.379, val_accuracy=0.662, val_f1=0.469, train_loss_epoch=0.800]
Epoch 17:  91%|█████████ | 109/120 [25:12<02:32,  0.07it/s, v_num=6, train_loss_step=0.501, val_loss=0.840, val_mean_auc=0.694, val_mean_ap=0.379, val_accuracy=0.662, val_f1=0.469, train_loss_epoch=0.800]
Epoch 17:  91%|█████████ | 109/120 [25:13<02:32,  0.07it/s, v_num=6, train_loss_step=0.782, val_loss=0.840, val_mean_auc=0.694, val_mean_ap=0.379, val_accuracy=0.662, val_f1=0.469, train_loss_epoch=0.800]
Epoch 17:  92%|█████████▏| 110/120 [25:13<02:17,  0.07it/s, v_num=6, train_loss_step=0.782, val_loss=0.840, val_mean_auc=0.694, val_mean_ap=0.379, val_accuracy=0.662, val_f1=0.469, train_loss_epoch=0.800]
Epoch 17:  92%|█████████▏| 110/120 [25:13<02:17,  0.07it/s, v_num=6, train_loss_step=1.040, val_loss=0.840, val_mean_auc=0.694, val_mean_ap=0.379, val_accuracy=0.662, val_f1=0.469, train_loss_epoch=0.800]

